cooking_suitability_id,seafood_item_id,fish_name,scientific_name,cooking_method_id,cooking_method_code,cooking_method,cooking_method_ms,suitability_score,reason_en,reason_ms,source,updated_at
35963831-66f9-517f-a7fa-2c857bf77c3b,292c1ed0-2215-5c67-ac1c-7710b3697741,Alaskan Pollock,Gadus chalcogrammus,b996ebe6-f1c5-5d22-878c-e1640b4e2037,BAKE,Bake,Bakar dalam Ketuhar,5,"Works well with enclosed oven heat, especially as a whole fish or thick cut.","Sesuai dibakar, terutama sebagai ikan seekor atau potongan tebal.",Generated suitability model; legacy scores preserved where confidently mapped.,2026-09-14T00:00:00Z
c530660d-bf6b-5518-9f8c-10a8fd4b5f79,d150c6ad-d7e4-5c08-a5d2-f97302982eb6,Albacore Tuna,Thunnus alalunga,b996ebe6-f1c5-5d22-878c-e1640b4e2037,BAKE,Bake,Bakar dalam Ketuhar,4,"Works well with enclosed oven heat, especially as a whole fish or thick cut.","Sesuai dibakar, terutama sebagai ikan seekor atau potongan tebal.",Generated suitability model; legacy scores preserved where confidently mapped.,2026-09-14T00:00:00Z
b5306601-cc7b-571e-b159-c536ac04dc04,8dfd2a08-9844-50b1-9b6f-2ff5b0c59323,Atlantic Bluefin Tuna,Thunnus thynnus,b996ebe6-f1c5-5d22-878c-e1640b4e2037,BAKE,Bake,Bakar dalam Ketuhar,4,"Works well with enclosed oven heat, especially as a whole fish or thick cut.","Sesuai dibakar, terutama sebagai ikan seekor atau potongan tebal.",Generated suitability model; legacy scores preserved where confidently mapped.,2026-09-14T00:00:00Z
99e9673a-889d-5d92-a101-5b36095f2aab,f1dab74d-a855-5f5d-a9a2-c01b6c8033c0,Atlantic Cod,Gadus Morhua,b996ebe6-f1c5-5d22-878c-e1640b4e2037,BAKE,Bake,Bakar dalam Ketuhar,5,"Works well with enclosed oven heat, especially as a whole fish or thick cut.","Sesuai dibakar, terutama sebagai ikan seekor atau potongan tebal.",Generated suitability model; legacy scores preserved where confidently mapped.,2026-09-14T00:00:00Z
08cd8df2-b449-5e06-a7ba-c6349c011bc8,453db1e5-0afa-55ab-8777-6cab90b6e60d,Atlantic Salmon,Salmo salar,b996ebe6-f1c5-5d22-878c-e1640b4e2037,BAKE,Bake,Bakar dalam Ketuhar,5,"Works well with enclosed oven heat, especially as a whole fish or thick cut.","Sesuai dibakar, terutama sebagai ikan seekor atau potongan tebal.",Generated suitability model; legacy scores preserved where confidently mapped.,2026-09-14T00:00:00Z
da3d8fd7-5241-5d76-a4d6-871c48d378e5,e7f4f09f-f5c8-5362-9dd3-6f4b98b57b87,Bakulan,Katsuwonus pelamis,b996ebe6-f1c5-5d22-878c-e1640b4e2037,BAKE,Bake,Bakar dalam Ketuhar,4,"Works well with enclosed oven heat, especially as a whole fish or thick cut.","Sesuai dibakar, terutama sebagai ikan seekor atau potongan tebal.",Generated suitability model; legacy scores preserved where confidently mapped.,2026-09-14T00:00:00Z
0bcd6bd1-b8dd-5389-b007-cd56d3ae0327,b378fd3b-a2bd-54f0-ae62-ec109d465d2d,Bawal Emas,Trachinotus blochii,b996ebe6-f1c5-5d22-878c-e1640b4e2037,BAKE,Bake,Bakar dalam Ketuhar,4,"Works well with enclosed oven heat, especially as a whole fish or thick cut.","Sesuai dibakar, terutama sebagai ikan seekor atau potongan tebal.",Generated suitability model; legacy scores preserved where confidently mapped.,2026-09-14T00:00:00Z
91a83f0e-0e48-5a1f-937d-eb22a76ded25,3b4727fe-fcd7-568d-8edd-0d4862da14b9,Bawal Hitam,Parastromateus niger,b996ebe6-f1c5-5d22-878c-e1640b4e2037,BAKE,Bake,Bakar dalam Ketuhar,4,"Works well with enclosed oven heat, especially as a whole fish or thick cut.","Sesuai dibakar, terutama sebagai ikan seekor atau potongan tebal.",Generated suitability model; legacy scores preserved where confidently mapped.,2026-09-14T00:00:00Z
5724a3f5-4f51-5d81-9aea-8385868c853b,6169fc2a-3362-5575-a0fd-c92fb029d921,Bawal Putih,Pampus chinensis,b996ebe6-f1c5-5d22-878c-e1640b4e2037,BAKE,Bake,Bakar dalam Ketuhar,4,"Works well with enclosed oven heat, especially as a whole fish or thick cut.","Sesuai dibakar, terutama sebagai ikan seekor atau potongan tebal.",Generated suitability model; legacy scores preserved where confidently mapped.,2026-09-14T00:00:00Z
40364fd9-4fcb-5b89-8d5d-c9377758f4e1,bce9c332-bf1d-5145-bdb9-cf785810061b,Belanak,Valamugil cunnesius,b996ebe6-f1c5-5d22-878c-e1640b4e2037,BAKE,Bake,Bakar dalam Ketuhar,3,"Works well with enclosed oven heat, especially as a whole fish or thick cut.","Sesuai dibakar, terutama sebagai ikan seekor atau potongan tebal.",Generated suitability model; legacy scores preserved where confidently mapped.,2026-09-14T00:00:00Z
c994b3cc-7e44-53d7-bd01-ac7649f2d35d,b3569d3c-5839-5ae9-a817-62ff4816b7f9,Bulu Ayam (Ikan Masin),Coilia spp.,b996ebe6-f1c5-5d22-878c-e1640b4e2037,BAKE,Bake,Bakar dalam Ketuhar,2,"Works well with enclosed oven heat, especially as a whole fish or thick cut.","Sesuai dibakar, terutama sebagai ikan seekor atau potongan tebal.",Generated suitability model; legacy scores preserved where confidently mapped.,2026-09-14T00:00:00Z
b91e6e21-3351-5c43-b68f-6f7f60b70884,787f6b9c-2c57-5182-bf4f-daa1bc44f505,Bulus,Sillago sihama,b996ebe6-f1c5-5d22-878c-e1640b4e2037,BAKE,Bake,Bakar dalam Ketuhar,3,"Works well with enclosed oven heat, especially as a whole fish or thick cut.","Sesuai dibakar, terutama sebagai ikan seekor atau potongan tebal.",Generated suitability model; legacy scores preserved where confidently mapped.,2026-09-14T00:00:00Z
b1310302-e38b-566b-b91c-cba0404bdcfd,dcc81043-d6fa-53b1-8524-4f54e65f29c5,Cencaru,Megalaspis cordyla,b996ebe6-f1c5-5d22-878c-e1640b4e2037,BAKE,Bake,Bakar dalam Ketuhar,3,"Works well with enclosed oven heat, especially as a whole fish or thick cut.","Sesuai dibakar, terutama sebagai ikan seekor atau potongan tebal.",Generated suitability model; legacy scores preserved where confidently mapped.,2026-09-14T00:00:00Z
85acaa34-75a8-5479-8e47-91930265e59e,dc1e3515-68d0-53e5-8e92-78b919a45819,Chinook Salmon,Oncorhynchus tshawytscha,b996ebe6-f1c5-5d22-878c-e1640b4e2037,BAKE,Bake,Bakar dalam Ketuhar,5,"Works well with enclosed oven heat, especially as a whole fish or thick cut.","Sesuai dibakar, terutama sebagai ikan seekor atau potongan tebal.",Generated suitability model; legacy scores preserved where confidently mapped.,2026-09-14T00:00:00Z
df1f989e-f1ee-5e33-a303-9313cd2a46e3,e6548466-ddee-5869-9c37-ebefe823902a,Hoki,Macruronus novaezelandiae,b996ebe6-f1c5-5d22-878c-e1640b4e2037,BAKE,Bake,Bakar dalam Ketuhar,5,"Works well with enclosed oven heat, especially as a whole fish or thick cut.","Sesuai dibakar, terutama sebagai ikan seekor atau potongan tebal.",Generated suitability model; legacy scores preserved where confidently mapped.,2026-09-14T00:00:00Z
6c9becc1-8b9f-507b-80f1-7355c399b169,f3f3c7bd-1eb7-564c-8637-5ab161a95cd9,Ikan Bilis,Stolephorus spp.,b996ebe6-f1c5-5d22-878c-e1640b4e2037,BAKE,Bake,Bakar dalam Ketuhar,2,"Works well with enclosed oven heat, especially as a whole fish or thick cut.","Sesuai dibakar, terutama sebagai ikan seekor atau potongan tebal.",Generated suitability model; legacy scores preserved where confidently mapped.,2026-09-14T00:00:00Z
f943e715-3923-5f91-ac6a-adfb17ad4dc4,f7f3bd66-5b34-5036-b7c7-c5db69f59d56,Ikan Delah / Tauhu,Caesio cuning,b996ebe6-f1c5-5d22-878c-e1640b4e2037,BAKE,Bake,Bakar dalam Ketuhar,3,"Works well with enclosed oven heat, especially as a whole fish or thick cut.","Sesuai dibakar, terutama sebagai ikan seekor atau potongan tebal.",Generated suitability model; legacy scores preserved where confidently mapped.,2026-09-14T00:00:00Z
0d255ffb-84fd-5c11-b135-6615c9d4239e,dbab3447-e562-5df2-903a-86809d88870f,Ikan Gelama,Sciaenidae spp.,b996ebe6-f1c5-5d22-878c-e1640b4e2037,BAKE,Bake,Bakar dalam Ketuhar,3,"Works well with enclosed oven heat, especially as a whole fish or thick cut.","Sesuai dibakar, terutama sebagai ikan seekor atau potongan tebal.",Generated suitability model; legacy scores preserved where confidently mapped.,2026-09-14T00:00:00Z
20a03c5d-9808-55d5-be1a-2a6001bcf655,1440811b-b95a-5652-b0e0-434ecfd6323d,Ikan Merah,Lutjanus sebae,b996ebe6-f1c5-5d22-878c-e1640b4e2037,BAKE,Bake,Bakar dalam Ketuhar,4,Good baked whole; the skin protects the flesh.,Sesuai dibakar utuh; kulitnya melindungi isi.,Generated suitability model; legacy scores preserved where confidently mapped.,2026-09-14T00:00:00Z
27634d30-4725-5cd5-81cd-acd09bbd322a,b90ffdd1-e4da-5c5c-adb4-00af3f3cfec9,Ikan Sebelah,Pseudorhombus malayanus,b996ebe6-f1c5-5d22-878c-e1640b4e2037,BAKE,Bake,Bakar dalam Ketuhar,4,"Works well with enclosed oven heat, especially as a whole fish or thick cut.","Sesuai dibakar, terutama sebagai ikan seekor atau potongan tebal.",Generated suitability model; legacy scores preserved where confidently mapped.,2026-09-14T00:00:00Z
658fc8df-5b27-5138-bbb4-c63a524b68ff,00c81692-08d3-5646-9562-b0e193c6b01d,Ikan Selar,Decapterus akaadsi,b996ebe6-f1c5-5d22-878c-e1640b4e2037,BAKE,Bake,Bakar dalam Ketuhar,3,"Works well with enclosed oven heat, especially as a whole fish or thick cut.","Sesuai dibakar, terutama sebagai ikan seekor atau potongan tebal.",Generated suitability model; legacy scores preserved where confidently mapped.,2026-09-14T00:00:00Z
7788081f-76aa-5c44-bb3d-b1408a7b16c3,3fa4c3d3-6a40-5afe-9a71-e918908005cd,Jenahak,Lutjanus johnii,b996ebe6-f1c5-5d22-878c-e1640b4e2037,BAKE,Bake,Bakar dalam Ketuhar,3,"Good whole-baked, though it dries if overcooked.","Sesuai dibakar utuh, tetapi kering jika terlebih masak.",Generated suitability model; legacy scores preserved where confidently mapped.,2026-09-14T00:00:00Z
ee890fe0-3ec5-556a-9560-25f4d3b9a72f,53ea2f5b-a7fa-5a46-af87-ef2b5986493f,Jerung / Yu,Elasmobranchii,b996ebe6-f1c5-5d22-878c-e1640b4e2037,BAKE,Bake,Bakar dalam Ketuhar,3,"Works well with enclosed oven heat, especially as a whole fish or thick cut.","Sesuai dibakar, terutama sebagai ikan seekor atau potongan tebal.",Generated suitability model; legacy scores preserved where confidently mapped.,2026-09-14T00:00:00Z
772d217d-012c-5383-a58a-9be180341160,f45cfa27-8dde-5573-8feb-7200f9c31b68,Kekacang,Sphyraena jello,b996ebe6-f1c5-5d22-878c-e1640b4e2037,BAKE,Bake,Bakar dalam Ketuhar,4,"Works well with enclosed oven heat, especially as a whole fish or thick cut.","Sesuai dibakar, terutama sebagai ikan seekor atau potongan tebal.",Generated suitability model; legacy scores preserved where confidently mapped.,2026-09-14T00:00:00Z
e3289b8f-2d23-5e61-ab25-b7af093d88f1,608a74b4-6aa2-547d-b2a6-999c50ff76c8,Kembung / Pelaling,Rastrelliger kanagurta,b996ebe6-f1c5-5d22-878c-e1640b4e2037,BAKE,Bake,Bakar dalam Ketuhar,3,"Works well with enclosed oven heat, especially as a whole fish or thick cut.","Sesuai dibakar, terutama sebagai ikan seekor atau potongan tebal.",Generated suitability model; legacy scores preserved where confidently mapped.,2026-09-14T00:00:00Z
adb58eb6-a4b8-5788-a0f2-c4ddc8fc08e5,f2f586cf-acf7-5b50-ab95-515cd304e24c,Kerapu Bebeh,Epinephelus sexfasciatus,b996ebe6-f1c5-5d22-878c-e1640b4e2037,BAKE,Bake,Bakar dalam Ketuhar,4,"Works well with enclosed oven heat, especially as a whole fish or thick cut.","Sesuai dibakar, terutama sebagai ikan seekor atau potongan tebal.",Generated suitability model; legacy scores preserved where confidently mapped.,2026-09-14T00:00:00Z
60361123-70e9-5316-8958-a8ea69fcbaba,3a0e01e6-f1fd-5aca-b0db-7774fe34c8fe,Kerapu Bintik,Epinephelus coioides,b996ebe6-f1c5-5d22-878c-e1640b4e2037,BAKE,Bake,Bakar dalam Ketuhar,3,Works wrapped and baked whole.,Sesuai dibalut dan dibakar utuh.,Generated suitability model; legacy scores preserved where confidently mapped.,2026-09-14T00:00:00Z
4d81efae-abac-5b91-b7dd-d48f965072d2,63a81cd6-1863-5de3-8bbe-522cc8dfc174,Kerapu Ekor Gelap,Epinephelus bleekeri,b996ebe6-f1c5-5d22-878c-e1640b4e2037,BAKE,Bake,Bakar dalam Ketuhar,4,"Works well with enclosed oven heat, especially as a whole fish or thick cut.","Sesuai dibakar, terutama sebagai ikan seekor atau potongan tebal.",Generated suitability model; legacy scores preserved where confidently mapped.,2026-09-14T00:00:00Z
a692d581-7f81-5ffb-a3ea-aed839659fd4,bba68ffe-e598-52de-8a2f-55c2b3dc72bf,Kerapu Harimau,Epinephelus fuscoguttatus,b996ebe6-f1c5-5d22-878c-e1640b4e2037,BAKE,Bake,Bakar dalam Ketuhar,4,"Works well with enclosed oven heat, especially as a whole fish or thick cut.","Sesuai dibakar, terutama sebagai ikan seekor atau potongan tebal.",Generated suitability model; legacy scores preserved where confidently mapped.,2026-09-14T00:00:00Z
947c4641-9a98-50ac-a526-ad45e7b2d49e,ca3791a3-90f1-58b6-9608-990030b0da6d,Kerapu Kertang,Epinephelus lanceolatus,b996ebe6-f1c5-5d22-878c-e1640b4e2037,BAKE,Bake,Bakar dalam Ketuhar,4,"Works well with enclosed oven heat, especially as a whole fish or thick cut.","Sesuai dibakar, terutama sebagai ikan seekor atau potongan tebal.",Generated suitability model; legacy scores preserved where confidently mapped.,2026-09-14T00:00:00Z
81a85663-412e-5811-9dfd-1996b0073f11,c63f314c-ac5c-59b9-aa35-3fd53cdb1e7e,Kerapu Lumpur,Epinephelus malabaricus,b996ebe6-f1c5-5d22-878c-e1640b4e2037,BAKE,Bake,Bakar dalam Ketuhar,4,"Works well with enclosed oven heat, especially as a whole fish or thick cut.","Sesuai dibakar, terutama sebagai ikan seekor atau potongan tebal.",Generated suitability model; legacy scores preserved where confidently mapped.,2026-09-14T00:00:00Z
0a98242e-975e-5b8f-939d-b08151ed4509,c597ee21-dbb2-50fd-bc28-84af0c6d2679,Kerapu Sunoh / Kerapu Bara,Plectropomus spp.,b996ebe6-f1c5-5d22-878c-e1640b4e2037,BAKE,Bake,Bakar dalam Ketuhar,4,"Works well with enclosed oven heat, especially as a whole fish or thick cut.","Sesuai dibakar, terutama sebagai ikan seekor atau potongan tebal.",Generated suitability model; legacy scores preserved where confidently mapped.,2026-09-14T00:00:00Z
410340d2-b212-51dd-80ad-14a2e78eeb82,8d13780f-7823-5bc3-85a6-9208f82cc61a,Kerapu Tikus,Cromileptes altivelis,b996ebe6-f1c5-5d22-878c-e1640b4e2037,BAKE,Bake,Bakar dalam Ketuhar,4,"Works well with enclosed oven heat, especially as a whole fish or thick cut.","Sesuai dibakar, terutama sebagai ikan seekor atau potongan tebal.",Generated suitability model; legacy scores preserved where confidently mapped.,2026-09-14T00:00:00Z
37ae8dd7-66dd-5848-a765-4f91a7d5916c,b749d650-2ed8-5256-b41a-403d8539f9d8,Kerepoh,Caranx sexfasciatus,b996ebe6-f1c5-5d22-878c-e1640b4e2037,BAKE,Bake,Bakar dalam Ketuhar,4,"Works well with enclosed oven heat, especially as a whole fish or thick cut.","Sesuai dibakar, terutama sebagai ikan seekor atau potongan tebal.",Generated suitability model; legacy scores preserved where confidently mapped.,2026-09-14T00:00:00Z
aaac2b9c-5767-5564-81d4-a31022de8aad,491027d9-66f3-5dc7-a816-b9f560718b15,Kerisi,Nemipterus japiconus,b996ebe6-f1c5-5d22-878c-e1640b4e2037,BAKE,Bake,Bakar dalam Ketuhar,3,"Works well with enclosed oven heat, especially as a whole fish or thick cut.","Sesuai dibakar, terutama sebagai ikan seekor atau potongan tebal.",Generated suitability model; legacy scores preserved where confidently mapped.,2026-09-14T00:00:00Z
4e4c0252-256c-5697-ac68-4036059e3cf8,5905d77c-5e2f-5df3-aca9-8c3c84ecb80e,Kikek,Leiognathus spp.,b996ebe6-f1c5-5d22-878c-e1640b4e2037,BAKE,Bake,Bakar dalam Ketuhar,2,"Works well with enclosed oven heat, especially as a whole fish or thick cut.","Sesuai dibakar, terutama sebagai ikan seekor atau potongan tebal.",Generated suitability model; legacy scores preserved where confidently mapped.,2026-09-14T00:00:00Z
b7af4b37-2978-5bc7-bbd3-b30c37144f77,a7afdf3b-097a-50c1-854d-b6c35e17426c,Kunyit-kunyit,Lutjanus vitta,b996ebe6-f1c5-5d22-878c-e1640b4e2037,BAKE,Bake,Bakar dalam Ketuhar,3,"Works well with enclosed oven heat, especially as a whole fish or thick cut.","Sesuai dibakar, terutama sebagai ikan seekor atau potongan tebal.",Generated suitability model; legacy scores preserved where confidently mapped.,2026-09-14T00:00:00Z
f425d19d-a44f-55fe-8ee6-df6da9b2c7b2,b25c5956-4f70-52d4-9d3e-301769d3fccd,Kurau,Polydactylus plebeius,b996ebe6-f1c5-5d22-878c-e1640b4e2037,BAKE,Bake,Bakar dalam Ketuhar,4,"Works well with enclosed oven heat, especially as a whole fish or thick cut.","Sesuai dibakar, terutama sebagai ikan seekor atau potongan tebal.",Generated suitability model; legacy scores preserved where confidently mapped.,2026-09-14T00:00:00Z
7d12c136-5bf2-5e80-af9e-a2ace3791aa4,1e3a96db-c8de-5285-80e1-04fbe8a223a0,Mameng,Cheilinus undulatus,b996ebe6-f1c5-5d22-878c-e1640b4e2037,BAKE,Bake,Bakar dalam Ketuhar,4,"Works well with enclosed oven heat, especially as a whole fish or thick cut.","Sesuai dibakar, terutama sebagai ikan seekor atau potongan tebal.",Generated suitability model; legacy scores preserved where confidently mapped.,2026-09-14T00:00:00Z
df6a2432-8ab3-5cbc-91aa-f8515cd21f48,00d6e647-3535-529c-af4a-1124a011c515,Mata Besar / Lolong,Selar crumenophthalmus,b996ebe6-f1c5-5d22-878c-e1640b4e2037,BAKE,Bake,Bakar dalam Ketuhar,3,"Works well with enclosed oven heat, especially as a whole fish or thick cut.","Sesuai dibakar, terutama sebagai ikan seekor atau potongan tebal.",Generated suitability model; legacy scores preserved where confidently mapped.,2026-09-14T00:00:00Z
1fbaa271-2afe-582b-8795-44053d1223fe,328c8499-23b4-5be7-87f3-7688e88bd6ff,Parang,Chirocentrus dorab,b996ebe6-f1c5-5d22-878c-e1640b4e2037,BAKE,Bake,Bakar dalam Ketuhar,4,"Works well with enclosed oven heat, especially as a whole fish or thick cut.","Sesuai dibakar, terutama sebagai ikan seekor atau potongan tebal.",Generated suitability model; legacy scores preserved where confidently mapped.,2026-09-14T00:00:00Z
e6bc80fd-1f46-51bf-9bf2-cc0dc32e36b1,49ae87d7-0fbc-50bf-b4c6-aa04d00ef64d,Pari,Chondrichthyes,b996ebe6-f1c5-5d22-878c-e1640b4e2037,BAKE,Bake,Bakar dalam Ketuhar,3,"Works well with enclosed oven heat, especially as a whole fish or thick cut.","Sesuai dibakar, terutama sebagai ikan seekor atau potongan tebal.",Generated suitability model; legacy scores preserved where confidently mapped.,2026-09-14T00:00:00Z
99ac0b4f-be9e-51e4-a5ab-4d2e01bbb015,04bcdb32-1d9e-5df1-a1e1-cb0a44c11f8d,Patin,Pangasius bocourti,b996ebe6-f1c5-5d22-878c-e1640b4e2037,BAKE,Bake,Bakar dalam Ketuhar,3,"Works well with enclosed oven heat, especially as a whole fish or thick cut.","Sesuai dibakar, terutama sebagai ikan seekor atau potongan tebal.",Generated suitability model; legacy scores preserved where confidently mapped.,2026-09-14T00:00:00Z
6a9b3854-beb9-5f2b-9b7a-1d26970fb416,7ad367a0-4776-5bf1-871b-f6d081d9ffb8,Pelata,Alepes melanoptera,b996ebe6-f1c5-5d22-878c-e1640b4e2037,BAKE,Bake,Bakar dalam Ketuhar,3,"Works well with enclosed oven heat, especially as a whole fish or thick cut.","Sesuai dibakar, terutama sebagai ikan seekor atau potongan tebal.",Generated suitability model; legacy scores preserved where confidently mapped.,2026-09-14T00:00:00Z
4cbbec36-1af6-5a6d-b50f-0d78e1ced328,8e3ee730-084d-5713-ab32-8fa7fca349d5,Selar Kuning,Selaroides leptolepis,b996ebe6-f1c5-5d22-878c-e1640b4e2037,BAKE,Bake,Bakar dalam Ketuhar,3,"Works well with enclosed oven heat, especially as a whole fish or thick cut.","Sesuai dibakar, terutama sebagai ikan seekor atau potongan tebal.",Generated suitability model; legacy scores preserved where confidently mapped.,2026-09-14T00:00:00Z
08094c70-d0ca-5efd-89d0-9eb330527d67,c4295eb1-33e4-540f-818c-cd55b1efa472,Siakap Merah,Lutjanus argentimaculatus,b996ebe6-f1c5-5d22-878c-e1640b4e2037,BAKE,Bake,Bakar dalam Ketuhar,4,"Works well with enclosed oven heat, especially as a whole fish or thick cut.","Sesuai dibakar, terutama sebagai ikan seekor atau potongan tebal.",Generated suitability model; legacy scores preserved where confidently mapped.,2026-09-14T00:00:00Z
2c22bef7-db72-5ed5-be8b-1378b530785a,b2059a7e-a8d7-5071-8fb7-1d7ca5a8af89,Siakap Putih,Lates calcarifer,b996ebe6-f1c5-5d22-878c-e1640b4e2037,BAKE,Bake,Bakar dalam Ketuhar,4,"Works well with enclosed oven heat, especially as a whole fish or thick cut.","Sesuai dibakar, terutama sebagai ikan seekor atau potongan tebal.",Generated suitability model; legacy scores preserved where confidently mapped.,2026-09-14T00:00:00Z
e324da47-bf6b-54b2-8598-968d1818c85e,222857e2-5cb3-5dd1-81b8-511c2b2c66b9,Tamban / Sardin,Spratelloides gracilis,b996ebe6-f1c5-5d22-878c-e1640b4e2037,BAKE,Bake,Bakar dalam Ketuhar,3,"Works well with enclosed oven heat, especially as a whole fish or thick cut.","Sesuai dibakar, terutama sebagai ikan seekor atau potongan tebal.",Generated suitability model; legacy scores preserved where confidently mapped.,2026-09-14T00:00:00Z
23d2cdca-bc7d-5f48-9ea3-2cc841f74c7d,adeb0c21-f1f0-5e00-99c8-fa72bb31126b,Tenggiri,Scomberomorus commerson,b996ebe6-f1c5-5d22-878c-e1640b4e2037,BAKE,Bake,Bakar dalam Ketuhar,3,"Good baked, but dries if taken past done.","Sesuai dibakar, tetapi kering jika terlebih masak.",Generated suitability model; legacy scores preserved where confidently mapped.,2026-09-14T00:00:00Z
4cece2c8-f17b-5f5b-a0c0-37837a07c7db,b3548e4a-87f5-5ba8-ba37-aa8e1b16a38b,Terubok,Tenualosa macrura,b996ebe6-f1c5-5d22-878c-e1640b4e2037,BAKE,Bake,Bakar dalam Ketuhar,4,"Works well with enclosed oven heat, especially as a whole fish or thick cut.","Sesuai dibakar, terutama sebagai ikan seekor atau potongan tebal.",Generated suitability model; legacy scores preserved where confidently mapped.,2026-09-14T00:00:00Z
8c418387-83ec-5ba9-bd4b-97322d7ab662,df8617d0-acd5-526d-a23b-14562c190322,Tilapia,Oreochromis Niloticus,b996ebe6-f1c5-5d22-878c-e1640b4e2037,BAKE,Bake,Bakar dalam Ketuhar,3,"Works well with enclosed oven heat, especially as a whole fish or thick cut.","Sesuai dibakar, terutama sebagai ikan seekor atau potongan tebal.",Generated suitability model; legacy scores preserved where confidently mapped.,2026-09-14T00:00:00Z
5ca56a8b-dc20-5688-8ed0-cbb03ee8e74a,cc120590-6ccb-526d-86ff-f90d604c6dd4,Tongkol,Thunnus tonggol,b996ebe6-f1c5-5d22-878c-e1640b4e2037,BAKE,Bake,Bakar dalam Ketuhar,4,"Works well with enclosed oven heat, especially as a whole fish or thick cut.","Sesuai dibakar, terutama sebagai ikan seekor atau potongan tebal.",Generated suitability model; legacy scores preserved where confidently mapped.,2026-09-14T00:00:00Z
04e98222-bf9c-5e5f-86da-dccdfe8841a6,69219448-e83d-504c-9bec-3194f65be055,Tongkol Kurik,Euthynnus affinis,b996ebe6-f1c5-5d22-878c-e1640b4e2037,BAKE,Bake,Bakar dalam Ketuhar,4,"Works well with enclosed oven heat, especially as a whole fish or thick cut.","Sesuai dibakar, terutama sebagai ikan seekor atau potongan tebal.",Generated suitability model; legacy scores preserved where confidently mapped.,2026-09-14T00:00:00Z
ae73c16d-b50e-5fdd-8f4b-f743d31ad966,fb3f8f7f-74e3-5512-bf12-19970dc62d37,Tongkol Selasih,Auxis thazard,b996ebe6-f1c5-5d22-878c-e1640b4e2037,BAKE,Bake,Bakar dalam Ketuhar,4,"Works well with enclosed oven heat, especially as a whole fish or thick cut.","Sesuai dibakar, terutama sebagai ikan seekor atau potongan tebal.",Generated suitability model; legacy scores preserved where confidently mapped.,2026-09-14T00:00:00Z
ff81ab8d-396e-58e8-b783-3751cd97c4bd,292c1ed0-2215-5c67-ac1c-7710b3697741,Alaskan Pollock,Gadus chalcogrammus,27dfcfcb-dc8a-5655-8774-19b9920027f9,CURRY,Curry,Kari / Masak Lemak,4,Works well in rich gravy and holds its shape during simmering.,Sesuai dalam kuah kerana isi kekal baik semasa direneh.,Generated suitability model; legacy scores preserved where confidently mapped.,2026-09-14T00:00:00Z
cc01dc80-5eb6-5653-a716-4f67f5109660,d150c6ad-d7e4-5c08-a5d2-f97302982eb6,Albacore Tuna,Thunnus alalunga,27dfcfcb-dc8a-5655-8774-19b9920027f9,CURRY,Curry,Kari / Masak Lemak,4,Works well in rich gravy and holds its shape during simmering.,Sesuai dalam kuah kerana isi kekal baik semasa direneh.,Generated suitability model; legacy scores preserved where confidently mapped.,2026-09-14T00:00:00Z
dfd6f841-75e3-5810-8514-224947a5daba,8dfd2a08-9844-50b1-9b6f-2ff5b0c59323,Atlantic Bluefin Tuna,Thunnus thynnus,27dfcfcb-dc8a-5655-8774-19b9920027f9,CURRY,Curry,Kari / Masak Lemak,4,Works well in rich gravy and holds its shape during simmering.,Sesuai dalam kuah kerana isi kekal baik semasa direneh.,Generated suitability model; legacy scores preserved where confidently mapped.,2026-09-14T00:00:00Z
6b3ee699-fe8b-5dda-abe3-a03896af5057,f1dab74d-a855-5f5d-a9a2-c01b6c8033c0,Atlantic Cod,Gadus Morhua,27dfcfcb-dc8a-5655-8774-19b9920027f9,CURRY,Curry,Kari / Masak Lemak,4,Works well in rich gravy and holds its shape during simmering.,Sesuai dalam kuah kerana isi kekal baik semasa direneh.,Generated suitability model; legacy scores preserved where confidently mapped.,2026-09-14T00:00:00Z
9f356090-f372-54ea-a6c9-f4b9fc45de43,453db1e5-0afa-55ab-8777-6cab90b6e60d,Atlantic Salmon,Salmo salar,27dfcfcb-dc8a-5655-8774-19b9920027f9,CURRY,Curry,Kari / Masak Lemak,3,Works well in rich gravy and holds its shape during simmering.,Sesuai dalam kuah kerana isi kekal baik semasa direneh.,Generated suitability model; legacy scores preserved where confidently mapped.,2026-09-14T00:00:00Z
8ec595e6-5c36-5110-8955-0d22b523f420,e7f4f09f-f5c8-5362-9dd3-6f4b98b57b87,Bakulan,Katsuwonus pelamis,27dfcfcb-dc8a-5655-8774-19b9920027f9,CURRY,Curry,Kari / Masak Lemak,4,Works well in rich gravy and holds its shape during simmering.,Sesuai dalam kuah kerana isi kekal baik semasa direneh.,Generated suitability model; legacy scores preserved where confidently mapped.,2026-09-14T00:00:00Z
def34864-8db1-55e8-ad42-b027fd3912e3,b378fd3b-a2bd-54f0-ae62-ec109d465d2d,Bawal Emas,Trachinotus blochii,27dfcfcb-dc8a-5655-8774-19b9920027f9,CURRY,Curry,Kari / Masak Lemak,3,Works well in rich gravy and holds its shape during simmering.,Sesuai dalam kuah kerana isi kekal baik semasa direneh.,Generated suitability model; legacy scores preserved where confidently mapped.,2026-09-14T00:00:00Z
cb68af03-bb89-5ca2-9798-3468ca0f2cce,3b4727fe-fcd7-568d-8edd-0d4862da14b9,Bawal Hitam,Parastromateus niger,27dfcfcb-dc8a-5655-8774-19b9920027f9,CURRY,Curry,Kari / Masak Lemak,2,Heavy spice buries the delicate flavour you paid for.,Rempah pekat menenggelamkan rasa halus yang mahal ini.,Generated suitability model; legacy scores preserved where confidently mapped.,2026-09-14T00:00:00Z
8e479c63-3284-5d46-ab84-e1675d653891,6169fc2a-3362-5575-a0fd-c92fb029d921,Bawal Putih,Pampus chinensis,27dfcfcb-dc8a-5655-8774-19b9920027f9,CURRY,Curry,Kari / Masak Lemak,3,"Holds up in gravy, though the delicate flavour is lost.","Tahan dalam kuah, tetapi rasa halusnya hilang.",Generated suitability model; legacy scores preserved where confidently mapped.,2026-09-14T00:00:00Z
8bef08b1-4ecc-5093-955d-681e4d53a224,bce9c332-bf1d-5145-bdb9-cf785810061b,Belanak,Valamugil cunnesius,27dfcfcb-dc8a-5655-8774-19b9920027f9,CURRY,Curry,Kari / Masak Lemak,4,Works well in rich gravy and holds its shape during simmering.,Sesuai dalam kuah kerana isi kekal baik semasa direneh.,Generated suitability model; legacy scores preserved where confidently mapped.,2026-09-14T00:00:00Z
3ce31e04-9b48-5bc7-926f-0f7a8478c7b3,b3569d3c-5839-5ae9-a817-62ff4816b7f9,Bulu Ayam (Ikan Masin),Coilia spp.,27dfcfcb-dc8a-5655-8774-19b9920027f9,CURRY,Curry,Kari / Masak Lemak,3,Works well in rich gravy and holds its shape during simmering.,Sesuai dalam kuah kerana isi kekal baik semasa direneh.,Generated suitability model; legacy scores preserved where confidently mapped.,2026-09-14T00:00:00Z
48848d21-8e4e-5463-ab5e-e3595d5eef0d,787f6b9c-2c57-5182-bf4f-daa1bc44f505,Bulus,Sillago sihama,27dfcfcb-dc8a-5655-8774-19b9920027f9,CURRY,Curry,Kari / Masak Lemak,4,Works well in rich gravy and holds its shape during simmering.,Sesuai dalam kuah kerana isi kekal baik semasa direneh.,Generated suitability model; legacy scores preserved where confidently mapped.,2026-09-14T00:00:00Z
18cf3620-ede3-5be0-b3d1-500e6ec5800f,dcc81043-d6fa-53b1-8524-4f54e65f29c5,Cencaru,Megalaspis cordyla,27dfcfcb-dc8a-5655-8774-19b9920027f9,CURRY,Curry,Kari / Masak Lemak,4,Dense enough to survive a long simmer in asam pedas.,Cukup padat untuk direneh lama dalam asam pedas.,Generated suitability model; legacy scores preserved where confidently mapped.,2026-09-14T00:00:00Z
5ac0858f-2b2f-58e0-bd44-5a88ea642609,dc1e3515-68d0-53e5-8e92-78b919a45819,Chinook Salmon,Oncorhynchus tshawytscha,27dfcfcb-dc8a-5655-8774-19b9920027f9,CURRY,Curry,Kari / Masak Lemak,3,Works well in rich gravy and holds its shape during simmering.,Sesuai dalam kuah kerana isi kekal baik semasa direneh.,Generated suitability model; legacy scores preserved where confidently mapped.,2026-09-14T00:00:00Z
bc456c27-6285-5857-ae1f-1ff373bfd1a0,e6548466-ddee-5869-9c37-ebefe823902a,Hoki,Macruronus novaezelandiae,27dfcfcb-dc8a-5655-8774-19b9920027f9,CURRY,Curry,Kari / Masak Lemak,4,Works well in rich gravy and holds its shape during simmering.,Sesuai dalam kuah kerana isi kekal baik semasa direneh.,Generated suitability model; legacy scores preserved where confidently mapped.,2026-09-14T00:00:00Z
deee35ef-a8b5-5863-8847-c49556cb1cd5,f3f3c7bd-1eb7-564c-8637-5ab161a95cd9,Ikan Bilis,Stolephorus spp.,27dfcfcb-dc8a-5655-8774-19b9920027f9,CURRY,Curry,Kari / Masak Lemak,4,Works well in rich gravy and holds its shape during simmering.,Sesuai dalam kuah kerana isi kekal baik semasa direneh.,Generated suitability model; legacy scores preserved where confidently mapped.,2026-09-14T00:00:00Z
227ecb3d-f7a2-55be-b9a2-abf53a82e966,f7f3bd66-5b34-5036-b7c7-c5db69f59d56,Ikan Delah / Tauhu,Caesio cuning,27dfcfcb-dc8a-5655-8774-19b9920027f9,CURRY,Curry,Kari / Masak Lemak,4,Works well in rich gravy and holds its shape during simmering.,Sesuai dalam kuah kerana isi kekal baik semasa direneh.,Generated suitability model; legacy scores preserved where confidently mapped.,2026-09-14T00:00:00Z
e23bec15-2045-519a-bd41-767bacb68503,dbab3447-e562-5df2-903a-86809d88870f,Ikan Gelama,Sciaenidae spp.,27dfcfcb-dc8a-5655-8774-19b9920027f9,CURRY,Curry,Kari / Masak Lemak,4,Works well in rich gravy and holds its shape during simmering.,Sesuai dalam kuah kerana isi kekal baik semasa direneh.,Generated suitability model; legacy scores preserved where confidently mapped.,2026-09-14T00:00:00Z
66f2a252-1d3f-54fe-aa1f-6dc5c0aa4b0a,1440811b-b95a-5652-b0e0-434ecfd6323d,Ikan Merah,Lutjanus sebae,27dfcfcb-dc8a-5655-8774-19b9920027f9,CURRY,Curry,Kari / Masak Lemak,4,Holds its shape through a long-simmered gulai.,Kekal utuh dalam gulai yang direneh lama.,Generated suitability model; legacy scores preserved where confidently mapped.,2026-09-14T00:00:00Z
c672641c-bb9c-55b8-ba80-d861da7f339d,b90ffdd1-e4da-5c5c-adb4-00af3f3cfec9,Ikan Sebelah,Pseudorhombus malayanus,27dfcfcb-dc8a-5655-8774-19b9920027f9,CURRY,Curry,Kari / Masak Lemak,3,Works well in rich gravy and holds its shape during simmering.,Sesuai dalam kuah kerana isi kekal baik semasa direneh.,Generated suitability model; legacy scores preserved where confidently mapped.,2026-09-14T00:00:00Z
6f818ba1-5421-538b-8cb5-fd3ae18647a0,00c81692-08d3-5646-9562-b0e193c6b01d,Ikan Selar,Decapterus akaadsi,27dfcfcb-dc8a-5655-8774-19b9920027f9,CURRY,Curry,Kari / Masak Lemak,4,Works well in rich gravy and holds its shape during simmering.,Sesuai dalam kuah kerana isi kekal baik semasa direneh.,Generated suitability model; legacy scores preserved where confidently mapped.,2026-09-14T00:00:00Z
9d2466b6-feec-57f5-97e1-f5c353e835d6,3fa4c3d3-6a40-5afe-9a71-e918908005cd,Jenahak,Lutjanus johnii,27dfcfcb-dc8a-5655-8774-19b9920027f9,CURRY,Curry,Kari / Masak Lemak,4,Dense flesh survives a long simmer in rich gravy.,Isi padat tahan direneh lama dalam kuah pekat.,Generated suitability model; legacy scores preserved where confidently mapped.,2026-09-14T00:00:00Z
c3b49919-8c8c-5edf-b8b5-637a8a38a455,53ea2f5b-a7fa-5a46-af87-ef2b5986493f,Jerung / Yu,Elasmobranchii,27dfcfcb-dc8a-5655-8774-19b9920027f9,CURRY,Curry,Kari / Masak Lemak,3,Works well in rich gravy and holds its shape during simmering.,Sesuai dalam kuah kerana isi kekal baik semasa direneh.,Generated suitability model; legacy scores preserved where confidently mapped.,2026-09-14T00:00:00Z
9780088e-292a-591a-a83c-afaf3044cd50,f45cfa27-8dde-5573-8feb-7200f9c31b68,Kekacang,Sphyraena jello,27dfcfcb-dc8a-5655-8774-19b9920027f9,CURRY,Curry,Kari / Masak Lemak,4,Works well in rich gravy and holds its shape during simmering.,Sesuai dalam kuah kerana isi kekal baik semasa direneh.,Generated suitability model; legacy scores preserved where confidently mapped.,2026-09-14T00:00:00Z
e584a9b1-33f0-57cc-b83c-6e986467975b,608a74b4-6aa2-547d-b2a6-999c50ff76c8,Kembung / Pelaling,Rastrelliger kanagurta,27dfcfcb-dc8a-5655-8774-19b9920027f9,CURRY,Curry,Kari / Masak Lemak,5,Firm enough to hold its shape in a long-simmered gulai or asam pedas.,Cukup padat untuk kekal utuh dalam gulai atau asam pedas.,Generated suitability model; legacy scores preserved where confidently mapped.,2026-09-14T00:00:00Z
ea280064-3aa7-51e8-a8a5-482a9c10f53f,f2f586cf-acf7-5b50-ab95-515cd304e24c,Kerapu Bebeh,Epinephelus sexfasciatus,27dfcfcb-dc8a-5655-8774-19b9920027f9,CURRY,Curry,Kari / Masak Lemak,3,Works well in rich gravy and holds its shape during simmering.,Sesuai dalam kuah kerana isi kekal baik semasa direneh.,Generated suitability model; legacy scores preserved where confidently mapped.,2026-09-14T00:00:00Z
302bac53-256a-56cf-9840-951a599321a6,3a0e01e6-f1fd-5aca-b0db-7774fe34c8fe,Kerapu Bintik,Epinephelus coioides,27dfcfcb-dc8a-5655-8774-19b9920027f9,CURRY,Curry,Kari / Masak Lemak,2,"Technically fine, but heavy spice buries an expensive fish.","Boleh, tetapi rempah pekat menenggelamkan ikan mahal ini.",Generated suitability model; legacy scores preserved where confidently mapped.,2026-09-14T00:00:00Z
134be093-b0d6-51e0-acc2-8d14b8bca4b5,63a81cd6-1863-5de3-8bbe-522cc8dfc174,Kerapu Ekor Gelap,Epinephelus bleekeri,27dfcfcb-dc8a-5655-8774-19b9920027f9,CURRY,Curry,Kari / Masak Lemak,3,Works well in rich gravy and holds its shape during simmering.,Sesuai dalam kuah kerana isi kekal baik semasa direneh.,Generated suitability model; legacy scores preserved where confidently mapped.,2026-09-14T00:00:00Z
88ad93b8-ca59-5095-921b-1449aded518b,bba68ffe-e598-52de-8a2f-55c2b3dc72bf,Kerapu Harimau,Epinephelus fuscoguttatus,27dfcfcb-dc8a-5655-8774-19b9920027f9,CURRY,Curry,Kari / Masak Lemak,3,Works well in rich gravy and holds its shape during simmering.,Sesuai dalam kuah kerana isi kekal baik semasa direneh.,Generated suitability model; legacy scores preserved where confidently mapped.,2026-09-14T00:00:00Z
017c2aa3-aa96-531a-9783-0525550850d5,ca3791a3-90f1-58b6-9608-990030b0da6d,Kerapu Kertang,Epinephelus lanceolatus,27dfcfcb-dc8a-5655-8774-19b9920027f9,CURRY,Curry,Kari / Masak Lemak,3,Works well in rich gravy and holds its shape during simmering.,Sesuai dalam kuah kerana isi kekal baik semasa direneh.,Generated suitability model; legacy scores preserved where confidently mapped.,2026-09-14T00:00:00Z
6abcfd5c-68a9-5de3-b209-9fc8caaaeb82,c63f314c-ac5c-59b9-aa35-3fd53cdb1e7e,Kerapu Lumpur,Epinephelus malabaricus,27dfcfcb-dc8a-5655-8774-19b9920027f9,CURRY,Curry,Kari / Masak Lemak,3,Works well in rich gravy and holds its shape during simmering.,Sesuai dalam kuah kerana isi kekal baik semasa direneh.,Generated suitability model; legacy scores preserved where confidently mapped.,2026-09-14T00:00:00Z
dd08de9b-4f2d-5587-9422-6b8f5597e5d9,c597ee21-dbb2-50fd-bc28-84af0c6d2679,Kerapu Sunoh / Kerapu Bara,Plectropomus spp.,27dfcfcb-dc8a-5655-8774-19b9920027f9,CURRY,Curry,Kari / Masak Lemak,3,Works well in rich gravy and holds its shape during simmering.,Sesuai dalam kuah kerana isi kekal baik semasa direneh.,Generated suitability model; legacy scores preserved where confidently mapped.,2026-09-14T00:00:00Z
287f3c28-eee7-595d-9b81-34e3b871510f,8d13780f-7823-5bc3-85a6-9208f82cc61a,Kerapu Tikus,Cromileptes altivelis,27dfcfcb-dc8a-5655-8774-19b9920027f9,CURRY,Curry,Kari / Masak Lemak,3,Works well in rich gravy and holds its shape during simmering.,Sesuai dalam kuah kerana isi kekal baik semasa direneh.,Generated suitability model; legacy scores preserved where confidently mapped.,2026-09-14T00:00:00Z
3a99d71e-db9d-57e0-95da-2aa49030fc28,b749d650-2ed8-5256-b41a-403d8539f9d8,Kerepoh,Caranx sexfasciatus,27dfcfcb-dc8a-5655-8774-19b9920027f9,CURRY,Curry,Kari / Masak Lemak,4,Works well in rich gravy and holds its shape during simmering.,Sesuai dalam kuah kerana isi kekal baik semasa direneh.,Generated suitability model; legacy scores preserved where confidently mapped.,2026-09-14T00:00:00Z
c3d9b7b1-1506-5b17-a70b-550a13209cd3,491027d9-66f3-5dc7-a816-b9f560718b15,Kerisi,Nemipterus japiconus,27dfcfcb-dc8a-5655-8774-19b9920027f9,CURRY,Curry,Kari / Masak Lemak,4,A standard everyday gulai fish.,Ikan gulai harian yang biasa.,Generated suitability model; legacy scores preserved where confidently mapped.,2026-09-14T00:00:00Z
32736c77-1dac-5afa-b039-1a6d1f9f3c94,5905d77c-5e2f-5df3-aca9-8c3c84ecb80e,Kikek,Leiognathus spp.,27dfcfcb-dc8a-5655-8774-19b9920027f9,CURRY,Curry,Kari / Masak Lemak,3,Works well in rich gravy and holds its shape during simmering.,Sesuai dalam kuah kerana isi kekal baik semasa direneh.,Generated suitability model; legacy scores preserved where confidently mapped.,2026-09-14T00:00:00Z
0055adb2-2d1a-5b06-9416-36fe26b75931,a7afdf3b-097a-50c1-854d-b6c35e17426c,Kunyit-kunyit,Lutjanus vitta,27dfcfcb-dc8a-5655-8774-19b9920027f9,CURRY,Curry,Kari / Masak Lemak,4,Works well in rich gravy and holds its shape during simmering.,Sesuai dalam kuah kerana isi kekal baik semasa direneh.,Generated suitability model; legacy scores preserved where confidently mapped.,2026-09-14T00:00:00Z
d28eef53-15d6-5c08-89a2-3965e97dacb8,b25c5956-4f70-52d4-9d3e-301769d3fccd,Kurau,Polydactylus plebeius,27dfcfcb-dc8a-5655-8774-19b9920027f9,CURRY,Curry,Kari / Masak Lemak,4,Works well in rich gravy and holds its shape during simmering.,Sesuai dalam kuah kerana isi kekal baik semasa direneh.,Generated suitability model; legacy scores preserved where confidently mapped.,2026-09-14T00:00:00Z
5a73c08b-f89f-5d2e-b226-f3627c4d9279,1e3a96db-c8de-5285-80e1-04fbe8a223a0,Mameng,Cheilinus undulatus,27dfcfcb-dc8a-5655-8774-19b9920027f9,CURRY,Curry,Kari / Masak Lemak,3,Works well in rich gravy and holds its shape during simmering.,Sesuai dalam kuah kerana isi kekal baik semasa direneh.,Generated suitability model; legacy scores preserved where confidently mapped.,2026-09-14T00:00:00Z
2c29621a-f5b4-5f13-a457-82b76d535332,00d6e647-3535-529c-af4a-1124a011c515,Mata Besar / Lolong,Selar crumenophthalmus,27dfcfcb-dc8a-5655-8774-19b9920027f9,CURRY,Curry,Kari / Masak Lemak,4,Works well in rich gravy and holds its shape during simmering.,Sesuai dalam kuah kerana isi kekal baik semasa direneh.,Generated suitability model; legacy scores preserved where confidently mapped.,2026-09-14T00:00:00Z
7c427bf5-9317-5bd2-800a-0ea673a31dc8,328c8499-23b4-5be7-87f3-7688e88bd6ff,Parang,Chirocentrus dorab,27dfcfcb-dc8a-5655-8774-19b9920027f9,CURRY,Curry,Kari / Masak Lemak,4,Works well in rich gravy and holds its shape during simmering.,Sesuai dalam kuah kerana isi kekal baik semasa direneh.,Generated suitability model; legacy scores preserved where confidently mapped.,2026-09-14T00:00:00Z
7468822c-301d-5e2d-bca2-e52793476e57,49ae87d7-0fbc-50bf-b4c6-aa04d00ef64d,Pari,Chondrichthyes,27dfcfcb-dc8a-5655-8774-19b9920027f9,CURRY,Curry,Kari / Masak Lemak,5,Works well in rich gravy and holds its shape during simmering.,Sesuai dalam kuah kerana isi kekal baik semasa direneh.,Generated suitability model; legacy scores preserved where confidently mapped.,2026-09-14T00:00:00Z
6f43f801-feac-5db0-ac8d-0b5bb8bf5236,04bcdb32-1d9e-5df1-a1e1-cb0a44c11f8d,Patin,Pangasius bocourti,27dfcfcb-dc8a-5655-8774-19b9920027f9,CURRY,Curry,Kari / Masak Lemak,5,Works well in rich gravy and holds its shape during simmering.,Sesuai dalam kuah kerana isi kekal baik semasa direneh.,Generated suitability model; legacy scores preserved where confidently mapped.,2026-09-14T00:00:00Z
98f79605-ee6a-5bfb-982b-0c084e8fcdbd,7ad367a0-4776-5bf1-871b-f6d081d9ffb8,Pelata,Alepes melanoptera,27dfcfcb-dc8a-5655-8774-19b9920027f9,CURRY,Curry,Kari / Masak Lemak,4,Works well in rich gravy and holds its shape during simmering.,Sesuai dalam kuah kerana isi kekal baik semasa direneh.,Generated suitability model; legacy scores preserved where confidently mapped.,2026-09-14T00:00:00Z
59d8e02e-d24c-551a-9f18-f87eff1a0375,8e3ee730-084d-5713-ab32-8fa7fca349d5,Selar Kuning,Selaroides leptolepis,27dfcfcb-dc8a-5655-8774-19b9920027f9,CURRY,Curry,Kari / Masak Lemak,4,Common in a quick weekday gulai or asam pedas.,Biasa dalam gulai atau asam pedas harian.,Generated suitability model; legacy scores preserved where confidently mapped.,2026-09-14T00:00:00Z
3db421e0-6632-52be-8303-abdd76954236,c4295eb1-33e4-540f-818c-cd55b1efa472,Siakap Merah,Lutjanus argentimaculatus,27dfcfcb-dc8a-5655-8774-19b9920027f9,CURRY,Curry,Kari / Masak Lemak,5,Works well in rich gravy and holds its shape during simmering.,Sesuai dalam kuah kerana isi kekal baik semasa direneh.,Generated suitability model; legacy scores preserved where confidently mapped.,2026-09-14T00:00:00Z
99525d95-dab8-542a-9f77-f3e3b4807f41,b2059a7e-a8d7-5071-8fb7-1d7ca5a8af89,Siakap Putih,Lates calcarifer,27dfcfcb-dc8a-5655-8774-19b9920027f9,CURRY,Curry,Kari / Masak Lemak,4,Works well in rich gravy and holds its shape during simmering.,Sesuai dalam kuah kerana isi kekal baik semasa direneh.,Generated suitability model; legacy scores preserved where confidently mapped.,2026-09-14T00:00:00Z
891a0311-5fd9-54b0-b938-36c2084e7973,222857e2-5cb3-5dd1-81b8-511c2b2c66b9,Tamban / Sardin,Spratelloides gracilis,27dfcfcb-dc8a-5655-8774-19b9920027f9,CURRY,Curry,Kari / Masak Lemak,4,Works well in rich gravy and holds its shape during simmering.,Sesuai dalam kuah kerana isi kekal baik semasa direneh.,Generated suitability model; legacy scores preserved where confidently mapped.,2026-09-14T00:00:00Z
94f0e76a-519f-5752-9306-dfdcb77d71c9,adeb0c21-f1f0-5e00-99c8-fa72bb31126b,Tenggiri,Scomberomorus commerson,27dfcfcb-dc8a-5655-8774-19b9920027f9,CURRY,Curry,Kari / Masak Lemak,5,The standard fish for gulai and asam pedas; steaks hold together.,Ikan gulai dan asam pedas yang standard; kepingannya kekal utuh.,Generated suitability model; legacy scores preserved where confidently mapped.,2026-09-14T00:00:00Z
c790af2d-5add-5a9d-900c-1c7c59a8d24c,b3548e4a-87f5-5ba8-ba37-aa8e1b16a38b,Terubok,Tenualosa macrura,27dfcfcb-dc8a-5655-8774-19b9920027f9,CURRY,Curry,Kari / Masak Lemak,4,Works well in rich gravy and holds its shape during simmering.,Sesuai dalam kuah kerana isi kekal baik semasa direneh.,Generated suitability model; legacy scores preserved where confidently mapped.,2026-09-14T00:00:00Z
b409c128-7b60-541a-bd23-6aafb6bedca5,df8617d0-acd5-526d-a23b-14562c190322,Tilapia,Oreochromis Niloticus,27dfcfcb-dc8a-5655-8774-19b9920027f9,CURRY,Curry,Kari / Masak Lemak,4,Neutral flavour absorbs whatever gravy it sits in.,Rasa neutral menyerap kuah dengan baik.,Generated suitability model; legacy scores preserved where confidently mapped.,2026-09-14T00:00:00Z
ad798b43-ca99-5799-93f2-2a45aa6dd3c4,cc120590-6ccb-526d-86ff-f90d604c6dd4,Tongkol,Thunnus tonggol,27dfcfcb-dc8a-5655-8774-19b9920027f9,CURRY,Curry,Kari / Masak Lemak,4,Works well in rich gravy and holds its shape during simmering.,Sesuai dalam kuah kerana isi kekal baik semasa direneh.,Generated suitability model; legacy scores preserved where confidently mapped.,2026-09-14T00:00:00Z
1a88af69-074d-5e55-9bdd-2b3cc48e198f,69219448-e83d-504c-9bec-3194f65be055,Tongkol Kurik,Euthynnus affinis,27dfcfcb-dc8a-5655-8774-19b9920027f9,CURRY,Curry,Kari / Masak Lemak,4,Works well in rich gravy and holds its shape during simmering.,Sesuai dalam kuah kerana isi kekal baik semasa direneh.,Generated suitability model; legacy scores preserved where confidently mapped.,2026-09-14T00:00:00Z
6dde517f-1a4f-5b7e-9238-255084413e7f,fb3f8f7f-74e3-5512-bf12-19970dc62d37,Tongkol Selasih,Auxis thazard,27dfcfcb-dc8a-5655-8774-19b9920027f9,CURRY,Curry,Kari / Masak Lemak,4,Works well in rich gravy and holds its shape during simmering.,Sesuai dalam kuah kerana isi kekal baik semasa direneh.,Generated suitability model; legacy scores preserved where confidently mapped.,2026-09-14T00:00:00Z
720d4afc-e546-5c39-ab35-c89cd83a5f19,292c1ed0-2215-5c67-ac1c-7710b3697741,Alaskan Pollock,Gadus chalcogrammus,953d8a80-a11d-5088-9f3b-5f95e5cd5061,FRY,Fry,Goreng,4,Crisps well in the pan and suits whole-fish or firm cuts.,Sesuai digoreng kerana tekstur atau saiznya membantu menghasilkan hasil yang rangup.,Generated suitability model; legacy scores preserved where confidently mapped.,2026-09-14T00:00:00Z
ca5d2830-6493-5bb1-8b0e-32648d6ede2c,d150c6ad-d7e4-5c08-a5d2-f97302982eb6,Albacore Tuna,Thunnus alalunga,953d8a80-a11d-5088-9f3b-5f95e5cd5061,FRY,Fry,Goreng,3,Crisps well in the pan and suits whole-fish or firm cuts.,Sesuai digoreng kerana tekstur atau saiznya membantu menghasilkan hasil yang rangup.,Generated suitability model; legacy scores preserved where confidently mapped.,2026-09-14T00:00:00Z
c3d6a122-6a49-53a3-ad30-7a281b2c2ee9,8dfd2a08-9844-50b1-9b6f-2ff5b0c59323,Atlantic Bluefin Tuna,Thunnus thynnus,953d8a80-a11d-5088-9f3b-5f95e5cd5061,FRY,Fry,Goreng,3,Crisps well in the pan and suits whole-fish or firm cuts.,Sesuai digoreng kerana tekstur atau saiznya membantu menghasilkan hasil yang rangup.,Generated suitability model; legacy scores preserved where confidently mapped.,2026-09-14T00:00:00Z
ec31fe19-037e-552c-a0dc-d2e04669f5be,f1dab74d-a855-5f5d-a9a2-c01b6c8033c0,Atlantic Cod,Gadus Morhua,953d8a80-a11d-5088-9f3b-5f95e5cd5061,FRY,Fry,Goreng,4,Crisps well in the pan and suits whole-fish or firm cuts.,Sesuai digoreng kerana tekstur atau saiznya membantu menghasilkan hasil yang rangup.,Generated suitability model; legacy scores preserved where confidently mapped.,2026-09-14T00:00:00Z
c9bd52c5-1158-579e-a1f2-6a622d8a2f73,453db1e5-0afa-55ab-8777-6cab90b6e60d,Atlantic Salmon,Salmo salar,953d8a80-a11d-5088-9f3b-5f95e5cd5061,FRY,Fry,Goreng,3,Crisps well in the pan and suits whole-fish or firm cuts.,Sesuai digoreng kerana tekstur atau saiznya membantu menghasilkan hasil yang rangup.,Generated suitability model; legacy scores preserved where confidently mapped.,2026-09-14T00:00:00Z
8674c4f2-b3ba-5581-9f3f-16d10a598b62,e7f4f09f-f5c8-5362-9dd3-6f4b98b57b87,Bakulan,Katsuwonus pelamis,953d8a80-a11d-5088-9f3b-5f95e5cd5061,FRY,Fry,Goreng,3,Crisps well in the pan and suits whole-fish or firm cuts.,Sesuai digoreng kerana tekstur atau saiznya membantu menghasilkan hasil yang rangup.,Generated suitability model; legacy scores preserved where confidently mapped.,2026-09-14T00:00:00Z
1212d69c-12da-57fb-989c-a41f4a52dc2a,b378fd3b-a2bd-54f0-ae62-ec109d465d2d,Bawal Emas,Trachinotus blochii,953d8a80-a11d-5088-9f3b-5f95e5cd5061,FRY,Fry,Goreng,4,Crisps well in the pan and suits whole-fish or firm cuts.,Sesuai digoreng kerana tekstur atau saiznya membantu menghasilkan hasil yang rangup.,Generated suitability model; legacy scores preserved where confidently mapped.,2026-09-14T00:00:00Z
533a184b-4e63-53d0-9a40-6047b9771ca6,3b4727fe-fcd7-568d-8edd-0d4862da14b9,Bawal Hitam,Parastromateus niger,953d8a80-a11d-5088-9f3b-5f95e5cd5061,FRY,Fry,Goreng,4,"Flat body crisps evenly, though it is an expensive fish to fry.","Badan leper menjadi rangup sekata, tetapi mahal untuk digoreng.",Generated suitability model; legacy scores preserved where confidently mapped.,2026-09-14T00:00:00Z
603d8809-d365-5c17-ae3a-8ce669396b60,6169fc2a-3362-5575-a0fd-c92fb029d921,Bawal Putih,Pampus chinensis,953d8a80-a11d-5088-9f3b-5f95e5cd5061,FRY,Fry,Goreng,4,Flat body crisps evenly in a shallow pan.,Badan leper menjadi rangup sekata dalam kuali cetek.,Generated suitability model; legacy scores preserved where confidently mapped.,2026-09-14T00:00:00Z
5d34b75e-72d1-5689-9e9e-442c735392a0,bce9c332-bf1d-5145-bdb9-cf785810061b,Belanak,Valamugil cunnesius,953d8a80-a11d-5088-9f3b-5f95e5cd5061,FRY,Fry,Goreng,4,Crisps well in the pan and suits whole-fish or firm cuts.,Sesuai digoreng kerana tekstur atau saiznya membantu menghasilkan hasil yang rangup.,Generated suitability model; legacy scores preserved where confidently mapped.,2026-09-14T00:00:00Z
7d27f139-14d8-5a59-93e1-359ab9442189,b3569d3c-5839-5ae9-a817-62ff4816b7f9,Bulu Ayam (Ikan Masin),Coilia spp.,953d8a80-a11d-5088-9f3b-5f95e5cd5061,FRY,Fry,Goreng,4,Crisps well in the pan and suits whole-fish or firm cuts.,Sesuai digoreng kerana tekstur atau saiznya membantu menghasilkan hasil yang rangup.,Generated suitability model; legacy scores preserved where confidently mapped.,2026-09-14T00:00:00Z
8ce90b64-c8b4-5984-a4b3-7346f90396b5,787f6b9c-2c57-5182-bf4f-daa1bc44f505,Bulus,Sillago sihama,953d8a80-a11d-5088-9f3b-5f95e5cd5061,FRY,Fry,Goreng,5,Crisps well in the pan and suits whole-fish or firm cuts.,Sesuai digoreng kerana tekstur atau saiznya membantu menghasilkan hasil yang rangup.,Generated suitability model; legacy scores preserved where confidently mapped.,2026-09-14T00:00:00Z
b29e713a-46b0-5497-8d7b-af1cbb8a95fa,dcc81043-d6fa-53b1-8524-4f54e65f29c5,Cencaru,Megalaspis cordyla,953d8a80-a11d-5088-9f3b-5f95e5cd5061,FRY,Fry,Goreng,5,"The classic cencaru sumbat: split, stuffed with sambal, fried whole.","Cencaru sumbat klasik: dibelah, disumbat sambal, digoreng utuh.",Generated suitability model; legacy scores preserved where confidently mapped.,2026-09-14T00:00:00Z
099cc0ec-1ad7-58c6-83f5-bcaf3b387bd0,dc1e3515-68d0-53e5-8e92-78b919a45819,Chinook Salmon,Oncorhynchus tshawytscha,953d8a80-a11d-5088-9f3b-5f95e5cd5061,FRY,Fry,Goreng,3,Crisps well in the pan and suits whole-fish or firm cuts.,Sesuai digoreng kerana tekstur atau saiznya membantu menghasilkan hasil yang rangup.,Generated suitability model; legacy scores preserved where confidently mapped.,2026-09-14T00:00:00Z
33929990-4db0-5d1b-971d-44a705a5bee5,e6548466-ddee-5869-9c37-ebefe823902a,Hoki,Macruronus novaezelandiae,953d8a80-a11d-5088-9f3b-5f95e5cd5061,FRY,Fry,Goreng,4,Crisps well in the pan and suits whole-fish or firm cuts.,Sesuai digoreng kerana tekstur atau saiznya membantu menghasilkan hasil yang rangup.,Generated suitability model; legacy scores preserved where confidently mapped.,2026-09-14T00:00:00Z
2c787672-4469-5b3f-97a6-750b3fc14eb0,f3f3c7bd-1eb7-564c-8637-5ab161a95cd9,Ikan Bilis,Stolephorus spp.,953d8a80-a11d-5088-9f3b-5f95e5cd5061,FRY,Fry,Goreng,5,Crisps well in the pan and suits whole-fish or firm cuts.,Sesuai digoreng kerana tekstur atau saiznya membantu menghasilkan hasil yang rangup.,Generated suitability model; legacy scores preserved where confidently mapped.,2026-09-14T00:00:00Z
8ae9c6a3-0780-53a9-9482-6514c4b79059,f7f3bd66-5b34-5036-b7c7-c5db69f59d56,Ikan Delah / Tauhu,Caesio cuning,953d8a80-a11d-5088-9f3b-5f95e5cd5061,FRY,Fry,Goreng,4,Crisps well in the pan and suits whole-fish or firm cuts.,Sesuai digoreng kerana tekstur atau saiznya membantu menghasilkan hasil yang rangup.,Generated suitability model; legacy scores preserved where confidently mapped.,2026-09-14T00:00:00Z
a4fdd1a1-531c-5401-b6ff-474065e3d7e1,dbab3447-e562-5df2-903a-86809d88870f,Ikan Gelama,Sciaenidae spp.,953d8a80-a11d-5088-9f3b-5f95e5cd5061,FRY,Fry,Goreng,4,Crisps well in the pan and suits whole-fish or firm cuts.,Sesuai digoreng kerana tekstur atau saiznya membantu menghasilkan hasil yang rangup.,Generated suitability model; legacy scores preserved where confidently mapped.,2026-09-14T00:00:00Z
169100fc-e262-5894-90f8-2ab23d978433,1440811b-b95a-5652-b0e0-434ecfd6323d,Ikan Merah,Lutjanus sebae,953d8a80-a11d-5088-9f3b-5f95e5cd5061,FRY,Fry,Goreng,3,"Fine, but frying a whole snapper is an expensive way to cook it.","Boleh, tetapi menggoreng jenahak utuh membazir.",Generated suitability model; legacy scores preserved where confidently mapped.,2026-09-14T00:00:00Z
7330e623-0f2c-52dc-b01b-aad976f75297,b90ffdd1-e4da-5c5c-adb4-00af3f3cfec9,Ikan Sebelah,Pseudorhombus malayanus,953d8a80-a11d-5088-9f3b-5f95e5cd5061,FRY,Fry,Goreng,4,Crisps well in the pan and suits whole-fish or firm cuts.,Sesuai digoreng kerana tekstur atau saiznya membantu menghasilkan hasil yang rangup.,Generated suitability model; legacy scores preserved where confidently mapped.,2026-09-14T00:00:00Z
f4e59c83-e5d7-5c3b-8151-ce4722adb5e1,00c81692-08d3-5646-9562-b0e193c6b01d,Ikan Selar,Decapterus akaadsi,953d8a80-a11d-5088-9f3b-5f95e5cd5061,FRY,Fry,Goreng,5,Crisps well in the pan and suits whole-fish or firm cuts.,Sesuai digoreng kerana tekstur atau saiznya membantu menghasilkan hasil yang rangup.,Generated suitability model; legacy scores preserved where confidently mapped.,2026-09-14T00:00:00Z
a6a6fbb9-6137-5a8b-9ca6-0090a1e00ef5,3fa4c3d3-6a40-5afe-9a71-e918908005cd,Jenahak,Lutjanus johnii,953d8a80-a11d-5088-9f3b-5f95e5cd5061,FRY,Fry,Goreng,4,Fillets hold together well in the pan.,Isi filet kekal utuh dalam kuali.,Generated suitability model; legacy scores preserved where confidently mapped.,2026-09-14T00:00:00Z
0ff70c34-fbe2-5ff6-a18f-db84c6900eae,53ea2f5b-a7fa-5a46-af87-ef2b5986493f,Jerung / Yu,Elasmobranchii,953d8a80-a11d-5088-9f3b-5f95e5cd5061,FRY,Fry,Goreng,2,Crisps well in the pan and suits whole-fish or firm cuts.,Sesuai digoreng kerana tekstur atau saiznya membantu menghasilkan hasil yang rangup.,Generated suitability model; legacy scores preserved where confidently mapped.,2026-09-14T00:00:00Z
2ee7c123-a316-5050-ba03-919b8ced68e7,f45cfa27-8dde-5573-8feb-7200f9c31b68,Kekacang,Sphyraena jello,953d8a80-a11d-5088-9f3b-5f95e5cd5061,FRY,Fry,Goreng,4,Crisps well in the pan and suits whole-fish or firm cuts.,Sesuai digoreng kerana tekstur atau saiznya membantu menghasilkan hasil yang rangup.,Generated suitability model; legacy scores preserved where confidently mapped.,2026-09-14T00:00:00Z
e426216e-4509-5ebc-bfef-6b4fa4bc8e3e,608a74b4-6aa2-547d-b2a6-999c50ff76c8,Kembung / Pelaling,Rastrelliger kanagurta,953d8a80-a11d-5088-9f3b-5f95e5cd5061,FRY,Fry,Goreng,4,Small whole fish fry quickly and evenly.,Ikan kecil mudah digoreng sekata.,Generated suitability model; legacy scores preserved where confidently mapped.,2026-09-14T00:00:00Z
41731c45-2b83-5d3d-95d2-7aea4cbb032d,f2f586cf-acf7-5b50-ab95-515cd304e24c,Kerapu Bebeh,Epinephelus sexfasciatus,953d8a80-a11d-5088-9f3b-5f95e5cd5061,FRY,Fry,Goreng,3,Crisps well in the pan and suits whole-fish or firm cuts.,Sesuai digoreng kerana tekstur atau saiznya membantu menghasilkan hasil yang rangup.,Generated suitability model; legacy scores preserved where confidently mapped.,2026-09-14T00:00:00Z
7076a6b7-2424-5cc5-8f77-7beac6aacb89,3a0e01e6-f1fd-5aca-b0db-7774fe34c8fe,Kerapu Bintik,Epinephelus coioides,953d8a80-a11d-5088-9f3b-5f95e5cd5061,FRY,Fry,Goreng,3,Crisps well in the pan and suits whole-fish or firm cuts.,Sesuai digoreng kerana tekstur atau saiznya membantu menghasilkan hasil yang rangup.,Generated suitability model; legacy scores preserved where confidently mapped.,2026-09-14T00:00:00Z
61efc1e3-a312-5a1a-afde-6655f4d44e11,63a81cd6-1863-5de3-8bbe-522cc8dfc174,Kerapu Ekor Gelap,Epinephelus bleekeri,953d8a80-a11d-5088-9f3b-5f95e5cd5061,FRY,Fry,Goreng,3,Crisps well in the pan and suits whole-fish or firm cuts.,Sesuai digoreng kerana tekstur atau saiznya membantu menghasilkan hasil yang rangup.,Generated suitability model; legacy scores preserved where confidently mapped.,2026-09-14T00:00:00Z
b07fd69c-d4fa-5529-b5ad-9e3a2f8acca2,bba68ffe-e598-52de-8a2f-55c2b3dc72bf,Kerapu Harimau,Epinephelus fuscoguttatus,953d8a80-a11d-5088-9f3b-5f95e5cd5061,FRY,Fry,Goreng,3,Crisps well in the pan and suits whole-fish or firm cuts.,Sesuai digoreng kerana tekstur atau saiznya membantu menghasilkan hasil yang rangup.,Generated suitability model; legacy scores preserved where confidently mapped.,2026-09-14T00:00:00Z
54487e47-b0ef-50e4-9f20-2e2f75d0e907,ca3791a3-90f1-58b6-9608-990030b0da6d,Kerapu Kertang,Epinephelus lanceolatus,953d8a80-a11d-5088-9f3b-5f95e5cd5061,FRY,Fry,Goreng,3,Crisps well in the pan and suits whole-fish or firm cuts.,Sesuai digoreng kerana tekstur atau saiznya membantu menghasilkan hasil yang rangup.,Generated suitability model; legacy scores preserved where confidently mapped.,2026-09-14T00:00:00Z
8cc923a7-4870-5fb8-b9cb-187f9a6f11ae,c63f314c-ac5c-59b9-aa35-3fd53cdb1e7e,Kerapu Lumpur,Epinephelus malabaricus,953d8a80-a11d-5088-9f3b-5f95e5cd5061,FRY,Fry,Goreng,3,Crisps well in the pan and suits whole-fish or firm cuts.,Sesuai digoreng kerana tekstur atau saiznya membantu menghasilkan hasil yang rangup.,Generated suitability model; legacy scores preserved where confidently mapped.,2026-09-14T00:00:00Z
3a4b855f-1975-50ca-bb89-bdfccd213dbe,c597ee21-dbb2-50fd-bc28-84af0c6d2679,Kerapu Sunoh / Kerapu Bara,Plectropomus spp.,953d8a80-a11d-5088-9f3b-5f95e5cd5061,FRY,Fry,Goreng,3,Crisps well in the pan and suits whole-fish or firm cuts.,Sesuai digoreng kerana tekstur atau saiznya membantu menghasilkan hasil yang rangup.,Generated suitability model; legacy scores preserved where confidently mapped.,2026-09-14T00:00:00Z
2c639f08-8750-52f4-9924-1ccb7eeb244b,8d13780f-7823-5bc3-85a6-9208f82cc61a,Kerapu Tikus,Cromileptes altivelis,953d8a80-a11d-5088-9f3b-5f95e5cd5061,FRY,Fry,Goreng,3,Crisps well in the pan and suits whole-fish or firm cuts.,Sesuai digoreng kerana tekstur atau saiznya membantu menghasilkan hasil yang rangup.,Generated suitability model; legacy scores preserved where confidently mapped.,2026-09-14T00:00:00Z
23857a06-b7a4-5dce-b740-ce73b749293e,b749d650-2ed8-5256-b41a-403d8539f9d8,Kerepoh,Caranx sexfasciatus,953d8a80-a11d-5088-9f3b-5f95e5cd5061,FRY,Fry,Goreng,3,Crisps well in the pan and suits whole-fish or firm cuts.,Sesuai digoreng kerana tekstur atau saiznya membantu menghasilkan hasil yang rangup.,Generated suitability model; legacy scores preserved where confidently mapped.,2026-09-14T00:00:00Z
f0cb763e-9feb-5c0e-8664-ec42a7f01e5e,491027d9-66f3-5dc7-a816-b9f560718b15,Kerisi,Nemipterus japiconus,953d8a80-a11d-5088-9f3b-5f95e5cd5061,FRY,Fry,Goreng,5,Small enough to fry whole and eat off the bone.,Cukup kecil untuk digoreng utuh dan dimakan terus dari tulang.,Generated suitability model; legacy scores preserved where confidently mapped.,2026-09-14T00:00:00Z
5cf2b1cf-f086-5cd9-aa90-e3bef50d84ee,5905d77c-5e2f-5df3-aca9-8c3c84ecb80e,Kikek,Leiognathus spp.,953d8a80-a11d-5088-9f3b-5f95e5cd5061,FRY,Fry,Goreng,5,Crisps well in the pan and suits whole-fish or firm cuts.,Sesuai digoreng kerana tekstur atau saiznya membantu menghasilkan hasil yang rangup.,Generated suitability model; legacy scores preserved where confidently mapped.,2026-09-14T00:00:00Z
00f86e79-925b-54dc-b977-c5afec76f2f7,a7afdf3b-097a-50c1-854d-b6c35e17426c,Kunyit-kunyit,Lutjanus vitta,953d8a80-a11d-5088-9f3b-5f95e5cd5061,FRY,Fry,Goreng,4,Crisps well in the pan and suits whole-fish or firm cuts.,Sesuai digoreng kerana tekstur atau saiznya membantu menghasilkan hasil yang rangup.,Generated suitability model; legacy scores preserved where confidently mapped.,2026-09-14T00:00:00Z
61a4b38f-e70e-5737-83fc-dba2ab005ff0,b25c5956-4f70-52d4-9d3e-301769d3fccd,Kurau,Polydactylus plebeius,953d8a80-a11d-5088-9f3b-5f95e5cd5061,FRY,Fry,Goreng,4,Crisps well in the pan and suits whole-fish or firm cuts.,Sesuai digoreng kerana tekstur atau saiznya membantu menghasilkan hasil yang rangup.,Generated suitability model; legacy scores preserved where confidently mapped.,2026-09-14T00:00:00Z
c65ba2f6-aa78-503f-85b8-0a5f32ebeadf,1e3a96db-c8de-5285-80e1-04fbe8a223a0,Mameng,Cheilinus undulatus,953d8a80-a11d-5088-9f3b-5f95e5cd5061,FRY,Fry,Goreng,2,Crisps well in the pan and suits whole-fish or firm cuts.,Sesuai digoreng kerana tekstur atau saiznya membantu menghasilkan hasil yang rangup.,Generated suitability model; legacy scores preserved where confidently mapped.,2026-09-14T00:00:00Z
b84b7561-ca18-5323-b93c-9011bdcd41a4,00d6e647-3535-529c-af4a-1124a011c515,Mata Besar / Lolong,Selar crumenophthalmus,953d8a80-a11d-5088-9f3b-5f95e5cd5061,FRY,Fry,Goreng,4,Crisps well in the pan and suits whole-fish or firm cuts.,Sesuai digoreng kerana tekstur atau saiznya membantu menghasilkan hasil yang rangup.,Generated suitability model; legacy scores preserved where confidently mapped.,2026-09-14T00:00:00Z
2254304d-82db-5600-ae90-f635987f2d9a,328c8499-23b4-5be7-87f3-7688e88bd6ff,Parang,Chirocentrus dorab,953d8a80-a11d-5088-9f3b-5f95e5cd5061,FRY,Fry,Goreng,4,Crisps well in the pan and suits whole-fish or firm cuts.,Sesuai digoreng kerana tekstur atau saiznya membantu menghasilkan hasil yang rangup.,Generated suitability model; legacy scores preserved where confidently mapped.,2026-09-14T00:00:00Z
41829d4c-d622-508c-bea2-0de201db491f,49ae87d7-0fbc-50bf-b4c6-aa04d00ef64d,Pari,Chondrichthyes,953d8a80-a11d-5088-9f3b-5f95e5cd5061,FRY,Fry,Goreng,3,Crisps well in the pan and suits whole-fish or firm cuts.,Sesuai digoreng kerana tekstur atau saiznya membantu menghasilkan hasil yang rangup.,Generated suitability model; legacy scores preserved where confidently mapped.,2026-09-14T00:00:00Z
f82236ea-7155-53a9-b9f5-895c432664bc,04bcdb32-1d9e-5df1-a1e1-cb0a44c11f8d,Patin,Pangasius bocourti,953d8a80-a11d-5088-9f3b-5f95e5cd5061,FRY,Fry,Goreng,4,Crisps well in the pan and suits whole-fish or firm cuts.,Sesuai digoreng kerana tekstur atau saiznya membantu menghasilkan hasil yang rangup.,Generated suitability model; legacy scores preserved where confidently mapped.,2026-09-14T00:00:00Z
88b1162b-cf62-58cc-b7f3-e24b17d624bd,7ad367a0-4776-5bf1-871b-f6d081d9ffb8,Pelata,Alepes melanoptera,953d8a80-a11d-5088-9f3b-5f95e5cd5061,FRY,Fry,Goreng,5,Crisps well in the pan and suits whole-fish or firm cuts.,Sesuai digoreng kerana tekstur atau saiznya membantu menghasilkan hasil yang rangup.,Generated suitability model; legacy scores preserved where confidently mapped.,2026-09-14T00:00:00Z
6d30553d-06de-5799-92c3-9415c131ad0c,8e3ee730-084d-5713-ab32-8fa7fca349d5,Selar Kuning,Selaroides leptolepis,953d8a80-a11d-5088-9f3b-5f95e5cd5061,FRY,Fry,Goreng,5,"The everyday fried fish: cheap, small, crisp in minutes.","Ikan goreng harian: murah, kecil, rangup dalam beberapa minit.",Generated suitability model; legacy scores preserved where confidently mapped.,2026-09-14T00:00:00Z
e3fa131f-3463-5191-8e66-4615421800e4,c4295eb1-33e4-540f-818c-cd55b1efa472,Siakap Merah,Lutjanus argentimaculatus,953d8a80-a11d-5088-9f3b-5f95e5cd5061,FRY,Fry,Goreng,3,Crisps well in the pan and suits whole-fish or firm cuts.,Sesuai digoreng kerana tekstur atau saiznya membantu menghasilkan hasil yang rangup.,Generated suitability model; legacy scores preserved where confidently mapped.,2026-09-14T00:00:00Z
002bd783-84dc-5553-af50-2ff333bacb20,b2059a7e-a8d7-5071-8fb7-1d7ca5a8af89,Siakap Putih,Lates calcarifer,953d8a80-a11d-5088-9f3b-5f95e5cd5061,FRY,Fry,Goreng,4,Crisps well in the pan and suits whole-fish or firm cuts.,Sesuai digoreng kerana tekstur atau saiznya membantu menghasilkan hasil yang rangup.,Generated suitability model; legacy scores preserved where confidently mapped.,2026-09-14T00:00:00Z
314bb739-7465-5dcf-95a1-8420e53e7b81,222857e2-5cb3-5dd1-81b8-511c2b2c66b9,Tamban / Sardin,Spratelloides gracilis,953d8a80-a11d-5088-9f3b-5f95e5cd5061,FRY,Fry,Goreng,5,Crisps well in the pan and suits whole-fish or firm cuts.,Sesuai digoreng kerana tekstur atau saiznya membantu menghasilkan hasil yang rangup.,Generated suitability model; legacy scores preserved where confidently mapped.,2026-09-14T00:00:00Z
f61df9cc-45d5-50e3-9206-cbd0d781ec77,adeb0c21-f1f0-5e00-99c8-fa72bb31126b,Tenggiri,Scomberomorus commerson,953d8a80-a11d-5088-9f3b-5f95e5cd5061,FRY,Fry,Goreng,4,Steaks fry well; also the fish used for otak-otak and keropok.,Kepingan sesuai digoreng; juga ikan untuk otak-otak dan keropok.,Generated suitability model; legacy scores preserved where confidently mapped.,2026-09-14T00:00:00Z
69d1b499-2e0c-5d93-86c1-7c473f5abf2b,b3548e4a-87f5-5ba8-ba37-aa8e1b16a38b,Terubok,Tenualosa macrura,953d8a80-a11d-5088-9f3b-5f95e5cd5061,FRY,Fry,Goreng,4,Crisps well in the pan and suits whole-fish or firm cuts.,Sesuai digoreng kerana tekstur atau saiznya membantu menghasilkan hasil yang rangup.,Generated suitability model; legacy scores preserved where confidently mapped.,2026-09-14T00:00:00Z
b6ff9b8d-e994-5f0f-ae3e-4800992b8b39,df8617d0-acd5-526d-a23b-14562c190322,Tilapia,Oreochromis Niloticus,953d8a80-a11d-5088-9f3b-5f95e5cd5061,FRY,Fry,Goreng,5,"The default weeknight fry: mild, cheap, cooks through fast.","Gorengan harian: rasa lembut, murah, cepat masak.",Generated suitability model; legacy scores preserved where confidently mapped.,2026-09-14T00:00:00Z
1c8300c2-9f9f-565d-a12c-d8e2b28e3abe,cc120590-6ccb-526d-86ff-f90d604c6dd4,Tongkol,Thunnus tonggol,953d8a80-a11d-5088-9f3b-5f95e5cd5061,FRY,Fry,Goreng,3,Crisps well in the pan and suits whole-fish or firm cuts.,Sesuai digoreng kerana tekstur atau saiznya membantu menghasilkan hasil yang rangup.,Generated suitability model; legacy scores preserved where confidently mapped.,2026-09-14T00:00:00Z
0b4fc18b-955a-54eb-bf72-dca590625497,69219448-e83d-504c-9bec-3194f65be055,Tongkol Kurik,Euthynnus affinis,953d8a80-a11d-5088-9f3b-5f95e5cd5061,FRY,Fry,Goreng,3,Crisps well in the pan and suits whole-fish or firm cuts.,Sesuai digoreng kerana tekstur atau saiznya membantu menghasilkan hasil yang rangup.,Generated suitability model; legacy scores preserved where confidently mapped.,2026-09-14T00:00:00Z
d8e2c3e1-5627-5380-b8db-55a9e098fea8,fb3f8f7f-74e3-5512-bf12-19970dc62d37,Tongkol Selasih,Auxis thazard,953d8a80-a11d-5088-9f3b-5f95e5cd5061,FRY,Fry,Goreng,3,Crisps well in the pan and suits whole-fish or firm cuts.,Sesuai digoreng kerana tekstur atau saiznya membantu menghasilkan hasil yang rangup.,Generated suitability model; legacy scores preserved where confidently mapped.,2026-09-14T00:00:00Z
393c953c-4131-5b29-9236-2e12e8b81b78,292c1ed0-2215-5c67-ac1c-7710b3697741,Alaskan Pollock,Gadus chalcogrammus,a90f7861-e9f0-59cc-90d4-d03eb162a034,GRILL,Grill,Panggang,3,Firm or naturally rich flesh holds up well over direct heat.,Isi yang padat atau berlemak tahan dimasak terus di atas api.,Generated suitability model; legacy scores preserved where confidently mapped.,2026-09-14T00:00:00Z
9f5703de-fcb3-5002-b749-7009f87dc0f9,d150c6ad-d7e4-5c08-a5d2-f97302982eb6,Albacore Tuna,Thunnus alalunga,a90f7861-e9f0-59cc-90d4-d03eb162a034,GRILL,Grill,Panggang,5,Firm or naturally rich flesh holds up well over direct heat.,Isi yang padat atau berlemak tahan dimasak terus di atas api.,Generated suitability model; legacy scores preserved where confidently mapped.,2026-09-14T00:00:00Z
e5d833fd-64ca-52ad-8f77-115dc3c870fa,8dfd2a08-9844-50b1-9b6f-2ff5b0c59323,Atlantic Bluefin Tuna,Thunnus thynnus,a90f7861-e9f0-59cc-90d4-d03eb162a034,GRILL,Grill,Panggang,5,Firm or naturally rich flesh holds up well over direct heat.,Isi yang padat atau berlemak tahan dimasak terus di atas api.,Generated suitability model; legacy scores preserved where confidently mapped.,2026-09-14T00:00:00Z
381a3e82-a5a6-59ff-85e7-3d86fe912e60,f1dab74d-a855-5f5d-a9a2-c01b6c8033c0,Atlantic Cod,Gadus Morhua,a90f7861-e9f0-59cc-90d4-d03eb162a034,GRILL,Grill,Panggang,3,Firm or naturally rich flesh holds up well over direct heat.,Isi yang padat atau berlemak tahan dimasak terus di atas api.,Generated suitability model; legacy scores preserved where confidently mapped.,2026-09-14T00:00:00Z
1968fc01-e258-5858-8aed-85d3f0fcd570,453db1e5-0afa-55ab-8777-6cab90b6e60d,Atlantic Salmon,Salmo salar,a90f7861-e9f0-59cc-90d4-d03eb162a034,GRILL,Grill,Panggang,5,Firm or naturally rich flesh holds up well over direct heat.,Isi yang padat atau berlemak tahan dimasak terus di atas api.,Generated suitability model; legacy scores preserved where confidently mapped.,2026-09-14T00:00:00Z
d4926e29-949b-5d76-a26c-90b17b41c242,e7f4f09f-f5c8-5362-9dd3-6f4b98b57b87,Bakulan,Katsuwonus pelamis,a90f7861-e9f0-59cc-90d4-d03eb162a034,GRILL,Grill,Panggang,5,Firm or naturally rich flesh holds up well over direct heat.,Isi yang padat atau berlemak tahan dimasak terus di atas api.,Generated suitability model; legacy scores preserved where confidently mapped.,2026-09-14T00:00:00Z
757fa20d-d4b1-5ba7-878e-35fa35c28cc1,b378fd3b-a2bd-54f0-ae62-ec109d465d2d,Bawal Emas,Trachinotus blochii,a90f7861-e9f0-59cc-90d4-d03eb162a034,GRILL,Grill,Panggang,3,Firm or naturally rich flesh holds up well over direct heat.,Isi yang padat atau berlemak tahan dimasak terus di atas api.,Generated suitability model; legacy scores preserved where confidently mapped.,2026-09-14T00:00:00Z
51baa39e-bc3d-5b1a-b61b-35e9a226e457,3b4727fe-fcd7-568d-8edd-0d4862da14b9,Bawal Hitam,Parastromateus niger,a90f7861-e9f0-59cc-90d4-d03eb162a034,GRILL,Grill,Panggang,3,"Possible, but direct heat dries the lean flesh quickly.","Boleh, tetapi panas terus cepat mengeringkan isinya yang tidak berlemak.",Generated suitability model; legacy scores preserved where confidently mapped.,2026-09-14T00:00:00Z
d6e7112c-926c-5b32-b708-580febeb0959,6169fc2a-3362-5575-a0fd-c92fb029d921,Bawal Putih,Pampus chinensis,a90f7861-e9f0-59cc-90d4-d03eb162a034,GRILL,Grill,Panggang,3,"Workable, but grilling wastes what you paid a premium for.","Boleh, tetapi memanggang membazirkan kelebihan ikan mahal ini.",Generated suitability model; legacy scores preserved where confidently mapped.,2026-09-14T00:00:00Z
3276a040-43b6-5c55-a7d0-136073074f65,bce9c332-bf1d-5145-bdb9-cf785810061b,Belanak,Valamugil cunnesius,a90f7861-e9f0-59cc-90d4-d03eb162a034,GRILL,Grill,Panggang,4,Firm or naturally rich flesh holds up well over direct heat.,Isi yang padat atau berlemak tahan dimasak terus di atas api.,Generated suitability model; legacy scores preserved where confidently mapped.,2026-09-14T00:00:00Z
239ccb7d-7499-53ad-b975-1ba36c5b1f60,b3569d3c-5839-5ae9-a817-62ff4816b7f9,Bulu Ayam (Ikan Masin),Coilia spp.,a90f7861-e9f0-59cc-90d4-d03eb162a034,GRILL,Grill,Panggang,2,Firm or naturally rich flesh holds up well over direct heat.,Isi yang padat atau berlemak tahan dimasak terus di atas api.,Generated suitability model; legacy scores preserved where confidently mapped.,2026-09-14T00:00:00Z
cadb38bf-cd26-55ae-ad2c-74fc3183f88a,787f6b9c-2c57-5182-bf4f-daa1bc44f505,Bulus,Sillago sihama,a90f7861-e9f0-59cc-90d4-d03eb162a034,GRILL,Grill,Panggang,3,Firm or naturally rich flesh holds up well over direct heat.,Isi yang padat atau berlemak tahan dimasak terus di atas api.,Generated suitability model; legacy scores preserved where confidently mapped.,2026-09-14T00:00:00Z
79b1f416-c731-5206-9bf7-26cc54d043b3,dcc81043-d6fa-53b1-8524-4f54e65f29c5,Cencaru,Megalaspis cordyla,a90f7861-e9f0-59cc-90d4-d03eb162a034,GRILL,Grill,Panggang,4,Firm dark flesh takes coals well and does not fall apart.,Isi gelap yang padat sesuai dipanggang dan tidak hancur.,Generated suitability model; legacy scores preserved where confidently mapped.,2026-09-14T00:00:00Z
46ce7803-7129-52ef-9717-921b8b0280e1,dc1e3515-68d0-53e5-8e92-78b919a45819,Chinook Salmon,Oncorhynchus tshawytscha,a90f7861-e9f0-59cc-90d4-d03eb162a034,GRILL,Grill,Panggang,5,Firm or naturally rich flesh holds up well over direct heat.,Isi yang padat atau berlemak tahan dimasak terus di atas api.,Generated suitability model; legacy scores preserved where confidently mapped.,2026-09-14T00:00:00Z
e5a05bbd-6b19-5e97-a478-a1bf5ad50e1e,e6548466-ddee-5869-9c37-ebefe823902a,Hoki,Macruronus novaezelandiae,a90f7861-e9f0-59cc-90d4-d03eb162a034,GRILL,Grill,Panggang,3,Firm or naturally rich flesh holds up well over direct heat.,Isi yang padat atau berlemak tahan dimasak terus di atas api.,Generated suitability model; legacy scores preserved where confidently mapped.,2026-09-14T00:00:00Z
28af3fda-9ec0-5935-b80b-0f02f073da6a,f3f3c7bd-1eb7-564c-8637-5ab161a95cd9,Ikan Bilis,Stolephorus spp.,a90f7861-e9f0-59cc-90d4-d03eb162a034,GRILL,Grill,Panggang,1,Firm or naturally rich flesh holds up well over direct heat.,Isi yang padat atau berlemak tahan dimasak terus di atas api.,Generated suitability model; legacy scores preserved where confidently mapped.,2026-09-14T00:00:00Z
7c186a09-2cfc-5b60-aa95-9cad39474463,f7f3bd66-5b34-5036-b7c7-c5db69f59d56,Ikan Delah / Tauhu,Caesio cuning,a90f7861-e9f0-59cc-90d4-d03eb162a034,GRILL,Grill,Panggang,4,Firm or naturally rich flesh holds up well over direct heat.,Isi yang padat atau berlemak tahan dimasak terus di atas api.,Generated suitability model; legacy scores preserved where confidently mapped.,2026-09-14T00:00:00Z
31113600-473d-5d6d-94f6-5a68ac758830,dbab3447-e562-5df2-903a-86809d88870f,Ikan Gelama,Sciaenidae spp.,a90f7861-e9f0-59cc-90d4-d03eb162a034,GRILL,Grill,Panggang,3,Firm or naturally rich flesh holds up well over direct heat.,Isi yang padat atau berlemak tahan dimasak terus di atas api.,Generated suitability model; legacy scores preserved where confidently mapped.,2026-09-14T00:00:00Z
5b9d0843-e9c4-565c-b99d-0310f496a19e,1440811b-b95a-5652-b0e0-434ecfd6323d,Ikan Merah,Lutjanus sebae,a90f7861-e9f0-59cc-90d4-d03eb162a034,GRILL,Grill,Panggang,5,Thick steaks take direct heat without breaking up.,Kepingan tebal tahan panas terus tanpa hancur.,Generated suitability model; legacy scores preserved where confidently mapped.,2026-09-14T00:00:00Z
f592be9c-5964-582e-a458-9eb12e9f13ad,b90ffdd1-e4da-5c5c-adb4-00af3f3cfec9,Ikan Sebelah,Pseudorhombus malayanus,a90f7861-e9f0-59cc-90d4-d03eb162a034,GRILL,Grill,Panggang,3,Firm or naturally rich flesh holds up well over direct heat.,Isi yang padat atau berlemak tahan dimasak terus di atas api.,Generated suitability model; legacy scores preserved where confidently mapped.,2026-09-14T00:00:00Z
0c07060a-a382-52f2-9bbc-65e52d9570c9,00c81692-08d3-5646-9562-b0e193c6b01d,Ikan Selar,Decapterus akaadsi,a90f7861-e9f0-59cc-90d4-d03eb162a034,GRILL,Grill,Panggang,3,Firm or naturally rich flesh holds up well over direct heat.,Isi yang padat atau berlemak tahan dimasak terus di atas api.,Generated suitability model; legacy scores preserved where confidently mapped.,2026-09-14T00:00:00Z
1a0f222b-92f4-51d9-93bf-b0358960244a,3fa4c3d3-6a40-5afe-9a71-e918908005cd,Jenahak,Lutjanus johnii,a90f7861-e9f0-59cc-90d4-d03eb162a034,GRILL,Grill,Panggang,4,Thick steaks take direct heat without falling apart.,Kepingan tebal tahan panas terus tanpa hancur.,Generated suitability model; legacy scores preserved where confidently mapped.,2026-09-14T00:00:00Z
917dd3c7-0ded-5c04-adb8-9820ce5b21a1,53ea2f5b-a7fa-5a46-af87-ef2b5986493f,Jerung / Yu,Elasmobranchii,a90f7861-e9f0-59cc-90d4-d03eb162a034,GRILL,Grill,Panggang,3,Firm or naturally rich flesh holds up well over direct heat.,Isi yang padat atau berlemak tahan dimasak terus di atas api.,Generated suitability model; legacy scores preserved where confidently mapped.,2026-09-14T00:00:00Z
53976c9d-5b88-520e-aaa6-b67ba926d7c9,f45cfa27-8dde-5573-8feb-7200f9c31b68,Kekacang,Sphyraena jello,a90f7861-e9f0-59cc-90d4-d03eb162a034,GRILL,Grill,Panggang,4,Firm or naturally rich flesh holds up well over direct heat.,Isi yang padat atau berlemak tahan dimasak terus di atas api.,Generated suitability model; legacy scores preserved where confidently mapped.,2026-09-14T00:00:00Z
b7775e4a-c8b7-5ce4-a9e4-f9d965b17efb,608a74b4-6aa2-547d-b2a6-999c50ff76c8,Kembung / Pelaling,Rastrelliger kanagurta,a90f7861-e9f0-59cc-90d4-d03eb162a034,GRILL,Grill,Panggang,5,Oily flesh bastes itself over coals and the skin crisps without sticking.,"Isinya berminyak, tidak melekat pada panggangan dan kulitnya rangup.",Generated suitability model; legacy scores preserved where confidently mapped.,2026-09-14T00:00:00Z
8cac2f9d-95ee-59fb-982c-fce1b4bff558,f2f586cf-acf7-5b50-ab95-515cd304e24c,Kerapu Bebeh,Epinephelus sexfasciatus,a90f7861-e9f0-59cc-90d4-d03eb162a034,GRILL,Grill,Panggang,4,Firm or naturally rich flesh holds up well over direct heat.,Isi yang padat atau berlemak tahan dimasak terus di atas api.,Generated suitability model; legacy scores preserved where confidently mapped.,2026-09-14T00:00:00Z
dfebced2-f8e8-53fb-9ee3-953371fb7861,3a0e01e6-f1fd-5aca-b0db-7774fe34c8fe,Kerapu Bintik,Epinephelus coioides,a90f7861-e9f0-59cc-90d4-d03eb162a034,GRILL,Grill,Panggang,4,Firm steaks grill cleanly without drying.,Kepingan padat dipanggang tanpa menjadi kering.,Generated suitability model; legacy scores preserved where confidently mapped.,2026-09-14T00:00:00Z
cf4cf50f-0d08-50b5-ad60-b53914668d69,63a81cd6-1863-5de3-8bbe-522cc8dfc174,Kerapu Ekor Gelap,Epinephelus bleekeri,a90f7861-e9f0-59cc-90d4-d03eb162a034,GRILL,Grill,Panggang,4,Firm or naturally rich flesh holds up well over direct heat.,Isi yang padat atau berlemak tahan dimasak terus di atas api.,Generated suitability model; legacy scores preserved where confidently mapped.,2026-09-14T00:00:00Z
ca98bd7f-35ea-5cc5-b5e2-501d8eff4113,bba68ffe-e598-52de-8a2f-55c2b3dc72bf,Kerapu Harimau,Epinephelus fuscoguttatus,a90f7861-e9f0-59cc-90d4-d03eb162a034,GRILL,Grill,Panggang,4,Firm or naturally rich flesh holds up well over direct heat.,Isi yang padat atau berlemak tahan dimasak terus di atas api.,Generated suitability model; legacy scores preserved where confidently mapped.,2026-09-14T00:00:00Z
beac8d6f-7c79-54ab-983c-3d3569afac63,ca3791a3-90f1-58b6-9608-990030b0da6d,Kerapu Kertang,Epinephelus lanceolatus,a90f7861-e9f0-59cc-90d4-d03eb162a034,GRILL,Grill,Panggang,4,Firm or naturally rich flesh holds up well over direct heat.,Isi yang padat atau berlemak tahan dimasak terus di atas api.,Generated suitability model; legacy scores preserved where confidently mapped.,2026-09-14T00:00:00Z
9ed66475-8f6b-5363-8223-61748e54f314,c63f314c-ac5c-59b9-aa35-3fd53cdb1e7e,Kerapu Lumpur,Epinephelus malabaricus,a90f7861-e9f0-59cc-90d4-d03eb162a034,GRILL,Grill,Panggang,4,Firm or naturally rich flesh holds up well over direct heat.,Isi yang padat atau berlemak tahan dimasak terus di atas api.,Generated suitability model; legacy scores preserved where confidently mapped.,2026-09-14T00:00:00Z
8e0c576a-c3d4-56e0-a604-77a0b6aba7a4,c597ee21-dbb2-50fd-bc28-84af0c6d2679,Kerapu Sunoh / Kerapu Bara,Plectropomus spp.,a90f7861-e9f0-59cc-90d4-d03eb162a034,GRILL,Grill,Panggang,4,Firm or naturally rich flesh holds up well over direct heat.,Isi yang padat atau berlemak tahan dimasak terus di atas api.,Generated suitability model; legacy scores preserved where confidently mapped.,2026-09-14T00:00:00Z
771a6054-c1fe-504f-a3bd-1de246dcd343,8d13780f-7823-5bc3-85a6-9208f82cc61a,Kerapu Tikus,Cromileptes altivelis,a90f7861-e9f0-59cc-90d4-d03eb162a034,GRILL,Grill,Panggang,4,Firm or naturally rich flesh holds up well over direct heat.,Isi yang padat atau berlemak tahan dimasak terus di atas api.,Generated suitability model; legacy scores preserved where confidently mapped.,2026-09-14T00:00:00Z
225e95ea-cdfd-5008-80dc-1d97c7f4c1cc,b749d650-2ed8-5256-b41a-403d8539f9d8,Kerepoh,Caranx sexfasciatus,a90f7861-e9f0-59cc-90d4-d03eb162a034,GRILL,Grill,Panggang,4,Firm or naturally rich flesh holds up well over direct heat.,Isi yang padat atau berlemak tahan dimasak terus di atas api.,Generated suitability model; legacy scores preserved where confidently mapped.,2026-09-14T00:00:00Z
f7e961b4-f186-542e-ae34-03d02b77e0ec,491027d9-66f3-5dc7-a816-b9f560718b15,Kerisi,Nemipterus japiconus,a90f7861-e9f0-59cc-90d4-d03eb162a034,GRILL,Grill,Panggang,2,Thin body dries out before the skin colours.,Badan nipis menjadi kering sebelum kulitnya perang.,Generated suitability model; legacy scores preserved where confidently mapped.,2026-09-14T00:00:00Z
4b162e61-706d-5722-b471-27207159f3de,5905d77c-5e2f-5df3-aca9-8c3c84ecb80e,Kikek,Leiognathus spp.,a90f7861-e9f0-59cc-90d4-d03eb162a034,GRILL,Grill,Panggang,2,Firm or naturally rich flesh holds up well over direct heat.,Isi yang padat atau berlemak tahan dimasak terus di atas api.,Generated suitability model; legacy scores preserved where confidently mapped.,2026-09-14T00:00:00Z
f94596f2-b90a-5eff-b669-d97c822ea365,a7afdf3b-097a-50c1-854d-b6c35e17426c,Kunyit-kunyit,Lutjanus vitta,a90f7861-e9f0-59cc-90d4-d03eb162a034,GRILL,Grill,Panggang,4,Firm or naturally rich flesh holds up well over direct heat.,Isi yang padat atau berlemak tahan dimasak terus di atas api.,Generated suitability model; legacy scores preserved where confidently mapped.,2026-09-14T00:00:00Z
141599cb-5b8e-503b-a9e6-e7f5fb5b780d,b25c5956-4f70-52d4-9d3e-301769d3fccd,Kurau,Polydactylus plebeius,a90f7861-e9f0-59cc-90d4-d03eb162a034,GRILL,Grill,Panggang,4,Firm or naturally rich flesh holds up well over direct heat.,Isi yang padat atau berlemak tahan dimasak terus di atas api.,Generated suitability model; legacy scores preserved where confidently mapped.,2026-09-14T00:00:00Z
dc98159c-f44c-5239-81ae-20ab58d3494d,1e3a96db-c8de-5285-80e1-04fbe8a223a0,Mameng,Cheilinus undulatus,a90f7861-e9f0-59cc-90d4-d03eb162a034,GRILL,Grill,Panggang,4,Firm or naturally rich flesh holds up well over direct heat.,Isi yang padat atau berlemak tahan dimasak terus di atas api.,Generated suitability model; legacy scores preserved where confidently mapped.,2026-09-14T00:00:00Z
d88ab56b-644d-58ce-ad67-6c4bcecd4545,00d6e647-3535-529c-af4a-1124a011c515,Mata Besar / Lolong,Selar crumenophthalmus,a90f7861-e9f0-59cc-90d4-d03eb162a034,GRILL,Grill,Panggang,3,Firm or naturally rich flesh holds up well over direct heat.,Isi yang padat atau berlemak tahan dimasak terus di atas api.,Generated suitability model; legacy scores preserved where confidently mapped.,2026-09-14T00:00:00Z
909d4429-ed56-5e21-b796-3437ef17d2e0,328c8499-23b4-5be7-87f3-7688e88bd6ff,Parang,Chirocentrus dorab,a90f7861-e9f0-59cc-90d4-d03eb162a034,GRILL,Grill,Panggang,4,Firm or naturally rich flesh holds up well over direct heat.,Isi yang padat atau berlemak tahan dimasak terus di atas api.,Generated suitability model; legacy scores preserved where confidently mapped.,2026-09-14T00:00:00Z
d9f5c09c-a2aa-5cfb-9035-1aa83c7a9773,49ae87d7-0fbc-50bf-b4c6-aa04d00ef64d,Pari,Chondrichthyes,a90f7861-e9f0-59cc-90d4-d03eb162a034,GRILL,Grill,Panggang,4,Firm or naturally rich flesh holds up well over direct heat.,Isi yang padat atau berlemak tahan dimasak terus di atas api.,Generated suitability model; legacy scores preserved where confidently mapped.,2026-09-14T00:00:00Z
3ddaf78f-68fd-5355-9302-e4988e5bdc29,04bcdb32-1d9e-5df1-a1e1-cb0a44c11f8d,Patin,Pangasius bocourti,a90f7861-e9f0-59cc-90d4-d03eb162a034,GRILL,Grill,Panggang,3,Firm or naturally rich flesh holds up well over direct heat.,Isi yang padat atau berlemak tahan dimasak terus di atas api.,Generated suitability model; legacy scores preserved where confidently mapped.,2026-09-14T00:00:00Z
84ddcaa7-786e-5292-80b9-aa01170b6f45,7ad367a0-4776-5bf1-871b-f6d081d9ffb8,Pelata,Alepes melanoptera,a90f7861-e9f0-59cc-90d4-d03eb162a034,GRILL,Grill,Panggang,3,Firm or naturally rich flesh holds up well over direct heat.,Isi yang padat atau berlemak tahan dimasak terus di atas api.,Generated suitability model; legacy scores preserved where confidently mapped.,2026-09-14T00:00:00Z
4ab6de4d-3b6c-5f14-8b3b-c595d3ba4526,8e3ee730-084d-5713-ab32-8fa7fca349d5,Selar Kuning,Selaroides leptolepis,a90f7861-e9f0-59cc-90d4-d03eb162a034,GRILL,Grill,Panggang,3,"Grills acceptably, but is more usually fried.","Boleh dipanggang, tetapi lebih biasa digoreng.",Generated suitability model; legacy scores preserved where confidently mapped.,2026-09-14T00:00:00Z
7c6852c9-2647-5d13-9c89-ac9eba07c9fd,c4295eb1-33e4-540f-818c-cd55b1efa472,Siakap Merah,Lutjanus argentimaculatus,a90f7861-e9f0-59cc-90d4-d03eb162a034,GRILL,Grill,Panggang,5,Firm or naturally rich flesh holds up well over direct heat.,Isi yang padat atau berlemak tahan dimasak terus di atas api.,Generated suitability model; legacy scores preserved where confidently mapped.,2026-09-14T00:00:00Z
72616c99-10e6-5746-95d7-1acd8f5ef0d4,b2059a7e-a8d7-5071-8fb7-1d7ca5a8af89,Siakap Putih,Lates calcarifer,a90f7861-e9f0-59cc-90d4-d03eb162a034,GRILL,Grill,Panggang,4,Firm or naturally rich flesh holds up well over direct heat.,Isi yang padat atau berlemak tahan dimasak terus di atas api.,Generated suitability model; legacy scores preserved where confidently mapped.,2026-09-14T00:00:00Z
2f9d199e-4081-5bf0-a3f6-5328ba5924f1,222857e2-5cb3-5dd1-81b8-511c2b2c66b9,Tamban / Sardin,Spratelloides gracilis,a90f7861-e9f0-59cc-90d4-d03eb162a034,GRILL,Grill,Panggang,4,Firm or naturally rich flesh holds up well over direct heat.,Isi yang padat atau berlemak tahan dimasak terus di atas api.,Generated suitability model; legacy scores preserved where confidently mapped.,2026-09-14T00:00:00Z
7aae91b2-2cbf-5849-a998-d5960c5c3d9e,adeb0c21-f1f0-5e00-99c8-fa72bb31126b,Tenggiri,Scomberomorus commerson,a90f7861-e9f0-59cc-90d4-d03eb162a034,GRILL,Grill,Panggang,5,Thick firm steaks are made for direct heat.,Kepingan tebal dan padat sangat sesuai untuk panggangan.,Generated suitability model; legacy scores preserved where confidently mapped.,2026-09-14T00:00:00Z
3b505baa-a71f-529c-be4f-28ff1f0f594e,b3548e4a-87f5-5ba8-ba37-aa8e1b16a38b,Terubok,Tenualosa macrura,a90f7861-e9f0-59cc-90d4-d03eb162a034,GRILL,Grill,Panggang,4,Firm or naturally rich flesh holds up well over direct heat.,Isi yang padat atau berlemak tahan dimasak terus di atas api.,Generated suitability model; legacy scores preserved where confidently mapped.,2026-09-14T00:00:00Z
f9ed004f-5573-5fbf-9ac2-bf9b4d3eedd6,df8617d0-acd5-526d-a23b-14562c190322,Tilapia,Oreochromis Niloticus,a90f7861-e9f0-59cc-90d4-d03eb162a034,GRILL,Grill,Panggang,4,Mild flesh takes on marinade and smoke well.,Isi lembut menyerap perapan dan asap dengan baik.,Generated suitability model; legacy scores preserved where confidently mapped.,2026-09-14T00:00:00Z
20c0d410-7dfc-5999-a6de-5b8f91679bda,cc120590-6ccb-526d-86ff-f90d604c6dd4,Tongkol,Thunnus tonggol,a90f7861-e9f0-59cc-90d4-d03eb162a034,GRILL,Grill,Panggang,5,Firm or naturally rich flesh holds up well over direct heat.,Isi yang padat atau berlemak tahan dimasak terus di atas api.,Generated suitability model; legacy scores preserved where confidently mapped.,2026-09-14T00:00:00Z
f8fc23b0-dc5c-543b-89fb-ca9d1fdcb017,69219448-e83d-504c-9bec-3194f65be055,Tongkol Kurik,Euthynnus affinis,a90f7861-e9f0-59cc-90d4-d03eb162a034,GRILL,Grill,Panggang,5,Firm or naturally rich flesh holds up well over direct heat.,Isi yang padat atau berlemak tahan dimasak terus di atas api.,Generated suitability model; legacy scores preserved where confidently mapped.,2026-09-14T00:00:00Z
d85a9972-b85f-5771-a687-a2c79fea72a9,fb3f8f7f-74e3-5512-bf12-19970dc62d37,Tongkol Selasih,Auxis thazard,a90f7861-e9f0-59cc-90d4-d03eb162a034,GRILL,Grill,Panggang,5,Firm or naturally rich flesh holds up well over direct heat.,Isi yang padat atau berlemak tahan dimasak terus di atas api.,Generated suitability model; legacy scores preserved where confidently mapped.,2026-09-14T00:00:00Z
602807cf-143e-59d1-98ae-d2d825f7d577,292c1ed0-2215-5c67-ac1c-7710b3697741,Alaskan Pollock,Gadus chalcogrammus,5105082b-4308-5dc9-85fc-e2ccc2063c5c,RAW,Raw / Cured,Mentah / Jeruk,1,Not recommended by default without sashimi-grade handling and traceability.,Tidak disyorkan secara lalai tanpa pengendalian dan kebolehkesanan gred sashimi.,Generated suitability model; legacy scores preserved where confidently mapped.,2026-09-14T00:00:00Z
427f7f12-ab5b-55f1-8eb0-52d067e9617a,d150c6ad-d7e4-5c08-a5d2-f97302982eb6,Albacore Tuna,Thunnus alalunga,5105082b-4308-5dc9-85fc-e2ccc2063c5c,RAW,Raw / Cured,Mentah / Jeruk,1,Not recommended by default without sashimi-grade handling and traceability.,Tidak disyorkan secara lalai tanpa pengendalian dan kebolehkesanan gred sashimi.,Generated suitability model; legacy scores preserved where confidently mapped.,2026-09-14T00:00:00Z
3cf18bcd-29a3-5a3e-84dd-3c094368bfcb,8dfd2a08-9844-50b1-9b6f-2ff5b0c59323,Atlantic Bluefin Tuna,Thunnus thynnus,5105082b-4308-5dc9-85fc-e2ccc2063c5c,RAW,Raw / Cured,Mentah / Jeruk,1,Not recommended by default without sashimi-grade handling and traceability.,Tidak disyorkan secara lalai tanpa pengendalian dan kebolehkesanan gred sashimi.,Generated suitability model; legacy scores preserved where confidently mapped.,2026-09-14T00:00:00Z
95f26805-f8ea-5ad7-929d-bd5703fca6c0,f1dab74d-a855-5f5d-a9a2-c01b6c8033c0,Atlantic Cod,Gadus Morhua,5105082b-4308-5dc9-85fc-e2ccc2063c5c,RAW,Raw / Cured,Mentah / Jeruk,1,Not recommended by default without sashimi-grade handling and traceability.,Tidak disyorkan secara lalai tanpa pengendalian dan kebolehkesanan gred sashimi.,Generated suitability model; legacy scores preserved where confidently mapped.,2026-09-14T00:00:00Z
69277fd7-e4b9-5155-8dd6-638ed134b029,453db1e5-0afa-55ab-8777-6cab90b6e60d,Atlantic Salmon,Salmo salar,5105082b-4308-5dc9-85fc-e2ccc2063c5c,RAW,Raw / Cured,Mentah / Jeruk,1,Not recommended by default without sashimi-grade handling and traceability.,Tidak disyorkan secara lalai tanpa pengendalian dan kebolehkesanan gred sashimi.,Generated suitability model; legacy scores preserved where confidently mapped.,2026-09-14T00:00:00Z
12932a0e-cda6-5704-94cd-5cdf40ff3db1,e7f4f09f-f5c8-5362-9dd3-6f4b98b57b87,Bakulan,Katsuwonus pelamis,5105082b-4308-5dc9-85fc-e2ccc2063c5c,RAW,Raw / Cured,Mentah / Jeruk,1,Not recommended by default without sashimi-grade handling and traceability.,Tidak disyorkan secara lalai tanpa pengendalian dan kebolehkesanan gred sashimi.,Generated suitability model; legacy scores preserved where confidently mapped.,2026-09-14T00:00:00Z
b14f104c-90e6-5208-98e4-9715784d2814,b378fd3b-a2bd-54f0-ae62-ec109d465d2d,Bawal Emas,Trachinotus blochii,5105082b-4308-5dc9-85fc-e2ccc2063c5c,RAW,Raw / Cured,Mentah / Jeruk,1,Not recommended by default without sashimi-grade handling and traceability.,Tidak disyorkan secara lalai tanpa pengendalian dan kebolehkesanan gred sashimi.,Generated suitability model; legacy scores preserved where confidently mapped.,2026-09-14T00:00:00Z
6f23c192-a0bc-5bcc-b35c-a9f96d7018db,3b4727fe-fcd7-568d-8edd-0d4862da14b9,Bawal Hitam,Parastromateus niger,5105082b-4308-5dc9-85fc-e2ccc2063c5c,RAW,Raw / Cured,Mentah / Jeruk,1,Not recommended by default without sashimi-grade handling and traceability.,Tidak disyorkan secara lalai tanpa pengendalian dan kebolehkesanan gred sashimi.,Generated suitability model; legacy scores preserved where confidently mapped.,2026-09-14T00:00:00Z
1a1e1943-5f04-5a24-901e-64aa578677ca,6169fc2a-3362-5575-a0fd-c92fb029d921,Bawal Putih,Pampus chinensis,5105082b-4308-5dc9-85fc-e2ccc2063c5c,RAW,Raw / Cured,Mentah / Jeruk,1,Not recommended by default without sashimi-grade handling and traceability.,Tidak disyorkan secara lalai tanpa pengendalian dan kebolehkesanan gred sashimi.,Generated suitability model; legacy scores preserved where confidently mapped.,2026-09-14T00:00:00Z
18589b5a-bf2c-5bee-bf17-986a2af40049,bce9c332-bf1d-5145-bdb9-cf785810061b,Belanak,Valamugil cunnesius,5105082b-4308-5dc9-85fc-e2ccc2063c5c,RAW,Raw / Cured,Mentah / Jeruk,1,Not recommended by default without sashimi-grade handling and traceability.,Tidak disyorkan secara lalai tanpa pengendalian dan kebolehkesanan gred sashimi.,Generated suitability model; legacy scores preserved where confidently mapped.,2026-09-14T00:00:00Z
7fe68dcb-4132-528a-97e1-a976c84ce607,b3569d3c-5839-5ae9-a817-62ff4816b7f9,Bulu Ayam (Ikan Masin),Coilia spp.,5105082b-4308-5dc9-85fc-e2ccc2063c5c,RAW,Raw / Cured,Mentah / Jeruk,1,Not recommended by default without sashimi-grade handling and traceability.,Tidak disyorkan secara lalai tanpa pengendalian dan kebolehkesanan gred sashimi.,Generated suitability model; legacy scores preserved where confidently mapped.,2026-09-14T00:00:00Z
e0176e14-a763-52b5-99e1-0e8bff7002fa,787f6b9c-2c57-5182-bf4f-daa1bc44f505,Bulus,Sillago sihama,5105082b-4308-5dc9-85fc-e2ccc2063c5c,RAW,Raw / Cured,Mentah / Jeruk,1,Not recommended by default without sashimi-grade handling and traceability.,Tidak disyorkan secara lalai tanpa pengendalian dan kebolehkesanan gred sashimi.,Generated suitability model; legacy scores preserved where confidently mapped.,2026-09-14T00:00:00Z
37fd7853-8b83-546b-ac41-e78015ed0758,dcc81043-d6fa-53b1-8524-4f54e65f29c5,Cencaru,Megalaspis cordyla,5105082b-4308-5dc9-85fc-e2ccc2063c5c,RAW,Raw / Cured,Mentah / Jeruk,1,Not recommended by default without sashimi-grade handling and traceability.,Tidak disyorkan secara lalai tanpa pengendalian dan kebolehkesanan gred sashimi.,Generated suitability model; legacy scores preserved where confidently mapped.,2026-09-14T00:00:00Z
c8b25457-b915-5df9-ab8e-08052fa00b10,dc1e3515-68d0-53e5-8e92-78b919a45819,Chinook Salmon,Oncorhynchus tshawytscha,5105082b-4308-5dc9-85fc-e2ccc2063c5c,RAW,Raw / Cured,Mentah / Jeruk,1,Not recommended by default without sashimi-grade handling and traceability.,Tidak disyorkan secara lalai tanpa pengendalian dan kebolehkesanan gred sashimi.,Generated suitability model; legacy scores preserved where confidently mapped.,2026-09-14T00:00:00Z
00516a69-cb0d-5d20-8b6c-9ba25e519f6d,e6548466-ddee-5869-9c37-ebefe823902a,Hoki,Macruronus novaezelandiae,5105082b-4308-5dc9-85fc-e2ccc2063c5c,RAW,Raw / Cured,Mentah / Jeruk,1,Not recommended by default without sashimi-grade handling and traceability.,Tidak disyorkan secara lalai tanpa pengendalian dan kebolehkesanan gred sashimi.,Generated suitability model; legacy scores preserved where confidently mapped.,2026-09-14T00:00:00Z
9e27deb2-222b-51e5-8c56-ddcee5d3d2b6,f3f3c7bd-1eb7-564c-8637-5ab161a95cd9,Ikan Bilis,Stolephorus spp.,5105082b-4308-5dc9-85fc-e2ccc2063c5c,RAW,Raw / Cured,Mentah / Jeruk,1,Not recommended by default without sashimi-grade handling and traceability.,Tidak disyorkan secara lalai tanpa pengendalian dan kebolehkesanan gred sashimi.,Generated suitability model; legacy scores preserved where confidently mapped.,2026-09-14T00:00:00Z
af18c5ca-0a59-56fc-9175-e53315377838,f7f3bd66-5b34-5036-b7c7-c5db69f59d56,Ikan Delah / Tauhu,Caesio cuning,5105082b-4308-5dc9-85fc-e2ccc2063c5c,RAW,Raw / Cured,Mentah / Jeruk,1,Not recommended by default without sashimi-grade handling and traceability.,Tidak disyorkan secara lalai tanpa pengendalian dan kebolehkesanan gred sashimi.,Generated suitability model; legacy scores preserved where confidently mapped.,2026-09-14T00:00:00Z
54b91fb8-f45d-5612-8f0d-9c033931c336,dbab3447-e562-5df2-903a-86809d88870f,Ikan Gelama,Sciaenidae spp.,5105082b-4308-5dc9-85fc-e2ccc2063c5c,RAW,Raw / Cured,Mentah / Jeruk,1,Not recommended by default without sashimi-grade handling and traceability.,Tidak disyorkan secara lalai tanpa pengendalian dan kebolehkesanan gred sashimi.,Generated suitability model; legacy scores preserved where confidently mapped.,2026-09-14T00:00:00Z
91a64e47-6844-51e6-965b-69b4e2b4bf0b,1440811b-b95a-5652-b0e0-434ecfd6323d,Ikan Merah,Lutjanus sebae,5105082b-4308-5dc9-85fc-e2ccc2063c5c,RAW,Raw / Cured,Mentah / Jeruk,1,Not recommended by default without sashimi-grade handling and traceability.,Tidak disyorkan secara lalai tanpa pengendalian dan kebolehkesanan gred sashimi.,Generated suitability model; legacy scores preserved where confidently mapped.,2026-09-14T00:00:00Z
0da58627-e351-5403-8161-f470cf8b597d,b90ffdd1-e4da-5c5c-adb4-00af3f3cfec9,Ikan Sebelah,Pseudorhombus malayanus,5105082b-4308-5dc9-85fc-e2ccc2063c5c,RAW,Raw / Cured,Mentah / Jeruk,1,Not recommended by default without sashimi-grade handling and traceability.,Tidak disyorkan secara lalai tanpa pengendalian dan kebolehkesanan gred sashimi.,Generated suitability model; legacy scores preserved where confidently mapped.,2026-09-14T00:00:00Z
a4cea169-4d99-5229-8f97-175c1aca6abd,00c81692-08d3-5646-9562-b0e193c6b01d,Ikan Selar,Decapterus akaadsi,5105082b-4308-5dc9-85fc-e2ccc2063c5c,RAW,Raw / Cured,Mentah / Jeruk,1,Not recommended by default without sashimi-grade handling and traceability.,Tidak disyorkan secara lalai tanpa pengendalian dan kebolehkesanan gred sashimi.,Generated suitability model; legacy scores preserved where confidently mapped.,2026-09-14T00:00:00Z
2336d8a8-623f-56b8-a9b1-dca9ab17469b,3fa4c3d3-6a40-5afe-9a71-e918908005cd,Jenahak,Lutjanus johnii,5105082b-4308-5dc9-85fc-e2ccc2063c5c,RAW,Raw / Cured,Mentah / Jeruk,1,Not recommended by default without sashimi-grade handling and traceability.,Tidak disyorkan secara lalai tanpa pengendalian dan kebolehkesanan gred sashimi.,Generated suitability model; legacy scores preserved where confidently mapped.,2026-09-14T00:00:00Z
0c320214-032c-5e9a-a704-dce15d0d0659,53ea2f5b-a7fa-5a46-af87-ef2b5986493f,Jerung / Yu,Elasmobranchii,5105082b-4308-5dc9-85fc-e2ccc2063c5c,RAW,Raw / Cured,Mentah / Jeruk,1,Not recommended by default without sashimi-grade handling and traceability.,Tidak disyorkan secara lalai tanpa pengendalian dan kebolehkesanan gred sashimi.,Generated suitability model; legacy scores preserved where confidently mapped.,2026-09-14T00:00:00Z
44f79978-c2f7-5977-b021-a1d39dab2ae2,f45cfa27-8dde-5573-8feb-7200f9c31b68,Kekacang,Sphyraena jello,5105082b-4308-5dc9-85fc-e2ccc2063c5c,RAW,Raw / Cured,Mentah / Jeruk,1,Not recommended by default without sashimi-grade handling and traceability.,Tidak disyorkan secara lalai tanpa pengendalian dan kebolehkesanan gred sashimi.,Generated suitability model; legacy scores preserved where confidently mapped.,2026-09-14T00:00:00Z
cd07f3ef-7128-5d14-b742-cec919e3f428,608a74b4-6aa2-547d-b2a6-999c50ff76c8,Kembung / Pelaling,Rastrelliger kanagurta,5105082b-4308-5dc9-85fc-e2ccc2063c5c,RAW,Raw / Cured,Mentah / Jeruk,1,Not recommended by default without sashimi-grade handling and traceability.,Tidak disyorkan secara lalai tanpa pengendalian dan kebolehkesanan gred sashimi.,Generated suitability model; legacy scores preserved where confidently mapped.,2026-09-14T00:00:00Z
7b1a0efa-f9f9-502b-9316-31be1b2b1a72,f2f586cf-acf7-5b50-ab95-515cd304e24c,Kerapu Bebeh,Epinephelus sexfasciatus,5105082b-4308-5dc9-85fc-e2ccc2063c5c,RAW,Raw / Cured,Mentah / Jeruk,1,Not recommended by default without sashimi-grade handling and traceability.,Tidak disyorkan secara lalai tanpa pengendalian dan kebolehkesanan gred sashimi.,Generated suitability model; legacy scores preserved where confidently mapped.,2026-09-14T00:00:00Z
23d2559c-d538-5e2b-8cd7-1ca22f2d2993,3a0e01e6-f1fd-5aca-b0db-7774fe34c8fe,Kerapu Bintik,Epinephelus coioides,5105082b-4308-5dc9-85fc-e2ccc2063c5c,RAW,Raw / Cured,Mentah / Jeruk,1,Not recommended by default without sashimi-grade handling and traceability.,Tidak disyorkan secara lalai tanpa pengendalian dan kebolehkesanan gred sashimi.,Generated suitability model; legacy scores preserved where confidently mapped.,2026-09-14T00:00:00Z
895286b8-8e8e-5b7f-9c7d-ae101606acb2,63a81cd6-1863-5de3-8bbe-522cc8dfc174,Kerapu Ekor Gelap,Epinephelus bleekeri,5105082b-4308-5dc9-85fc-e2ccc2063c5c,RAW,Raw / Cured,Mentah / Jeruk,1,Not recommended by default without sashimi-grade handling and traceability.,Tidak disyorkan secara lalai tanpa pengendalian dan kebolehkesanan gred sashimi.,Generated suitability model; legacy scores preserved where confidently mapped.,2026-09-14T00:00:00Z
8f629fc7-b0ef-5f56-8518-01c9909a787e,bba68ffe-e598-52de-8a2f-55c2b3dc72bf,Kerapu Harimau,Epinephelus fuscoguttatus,5105082b-4308-5dc9-85fc-e2ccc2063c5c,RAW,Raw / Cured,Mentah / Jeruk,1,Not recommended by default without sashimi-grade handling and traceability.,Tidak disyorkan secara lalai tanpa pengendalian dan kebolehkesanan gred sashimi.,Generated suitability model; legacy scores preserved where confidently mapped.,2026-09-14T00:00:00Z
00414b8e-ab62-59f8-87cf-62474fae6fdc,ca3791a3-90f1-58b6-9608-990030b0da6d,Kerapu Kertang,Epinephelus lanceolatus,5105082b-4308-5dc9-85fc-e2ccc2063c5c,RAW,Raw / Cured,Mentah / Jeruk,1,Not recommended by default without sashimi-grade handling and traceability.,Tidak disyorkan secara lalai tanpa pengendalian dan kebolehkesanan gred sashimi.,Generated suitability model; legacy scores preserved where confidently mapped.,2026-09-14T00:00:00Z
5f66dcc5-b5e1-5215-84e4-2f800eca2a81,c63f314c-ac5c-59b9-aa35-3fd53cdb1e7e,Kerapu Lumpur,Epinephelus malabaricus,5105082b-4308-5dc9-85fc-e2ccc2063c5c,RAW,Raw / Cured,Mentah / Jeruk,1,Not recommended by default without sashimi-grade handling and traceability.,Tidak disyorkan secara lalai tanpa pengendalian dan kebolehkesanan gred sashimi.,Generated suitability model; legacy scores preserved where confidently mapped.,2026-09-14T00:00:00Z
a82615ba-2968-583b-8bdf-c52259f6846e,c597ee21-dbb2-50fd-bc28-84af0c6d2679,Kerapu Sunoh / Kerapu Bara,Plectropomus spp.,5105082b-4308-5dc9-85fc-e2ccc2063c5c,RAW,Raw / Cured,Mentah / Jeruk,1,Not recommended by default without sashimi-grade handling and traceability.,Tidak disyorkan secara lalai tanpa pengendalian dan kebolehkesanan gred sashimi.,Generated suitability model; legacy scores preserved where confidently mapped.,2026-09-14T00:00:00Z
8a60d308-7c4a-5a87-af0f-bc0fae82daa3,8d13780f-7823-5bc3-85a6-9208f82cc61a,Kerapu Tikus,Cromileptes altivelis,5105082b-4308-5dc9-85fc-e2ccc2063c5c,RAW,Raw / Cured,Mentah / Jeruk,1,Not recommended by default without sashimi-grade handling and traceability.,Tidak disyorkan secara lalai tanpa pengendalian dan kebolehkesanan gred sashimi.,Generated suitability model; legacy scores preserved where confidently mapped.,2026-09-14T00:00:00Z
eadf48b3-a3ec-55ea-ac5e-97e04638c882,b749d650-2ed8-5256-b41a-403d8539f9d8,Kerepoh,Caranx sexfasciatus,5105082b-4308-5dc9-85fc-e2ccc2063c5c,RAW,Raw / Cured,Mentah / Jeruk,1,Not recommended by default without sashimi-grade handling and traceability.,Tidak disyorkan secara lalai tanpa pengendalian dan kebolehkesanan gred sashimi.,Generated suitability model; legacy scores preserved where confidently mapped.,2026-09-14T00:00:00Z
42050800-1bc4-5468-9197-5bb95674a496,491027d9-66f3-5dc7-a816-b9f560718b15,Kerisi,Nemipterus japiconus,5105082b-4308-5dc9-85fc-e2ccc2063c5c,RAW,Raw / Cured,Mentah / Jeruk,1,Not recommended by default without sashimi-grade handling and traceability.,Tidak disyorkan secara lalai tanpa pengendalian dan kebolehkesanan gred sashimi.,Generated suitability model; legacy scores preserved where confidently mapped.,2026-09-14T00:00:00Z
a2ea6eef-dae8-58b1-a646-4412f13eb4e0,5905d77c-5e2f-5df3-aca9-8c3c84ecb80e,Kikek,Leiognathus spp.,5105082b-4308-5dc9-85fc-e2ccc2063c5c,RAW,Raw / Cured,Mentah / Jeruk,1,Not recommended by default without sashimi-grade handling and traceability.,Tidak disyorkan secara lalai tanpa pengendalian dan kebolehkesanan gred sashimi.,Generated suitability model; legacy scores preserved where confidently mapped.,2026-09-14T00:00:00Z
ef720b06-f68d-564e-accb-96ace3ef0b60,a7afdf3b-097a-50c1-854d-b6c35e17426c,Kunyit-kunyit,Lutjanus vitta,5105082b-4308-5dc9-85fc-e2ccc2063c5c,RAW,Raw / Cured,Mentah / Jeruk,1,Not recommended by default without sashimi-grade handling and traceability.,Tidak disyorkan secara lalai tanpa pengendalian dan kebolehkesanan gred sashimi.,Generated suitability model; legacy scores preserved where confidently mapped.,2026-09-14T00:00:00Z
2efba2f4-5acd-5867-9f8d-aa2a3fd35f37,b25c5956-4f70-52d4-9d3e-301769d3fccd,Kurau,Polydactylus plebeius,5105082b-4308-5dc9-85fc-e2ccc2063c5c,RAW,Raw / Cured,Mentah / Jeruk,1,Not recommended by default without sashimi-grade handling and traceability.,Tidak disyorkan secara lalai tanpa pengendalian dan kebolehkesanan gred sashimi.,Generated suitability model; legacy scores preserved where confidently mapped.,2026-09-14T00:00:00Z
89a54d5e-405a-582c-9380-aa0878494fa8,1e3a96db-c8de-5285-80e1-04fbe8a223a0,Mameng,Cheilinus undulatus,5105082b-4308-5dc9-85fc-e2ccc2063c5c,RAW,Raw / Cured,Mentah / Jeruk,1,Not recommended by default without sashimi-grade handling and traceability.,Tidak disyorkan secara lalai tanpa pengendalian dan kebolehkesanan gred sashimi.,Generated suitability model; legacy scores preserved where confidently mapped.,2026-09-14T00:00:00Z
01604f45-1c2d-585f-9f66-d8eeb0fff1da,00d6e647-3535-529c-af4a-1124a011c515,Mata Besar / Lolong,Selar crumenophthalmus,5105082b-4308-5dc9-85fc-e2ccc2063c5c,RAW,Raw / Cured,Mentah / Jeruk,1,Not recommended by default without sashimi-grade handling and traceability.,Tidak disyorkan secara lalai tanpa pengendalian dan kebolehkesanan gred sashimi.,Generated suitability model; legacy scores preserved where confidently mapped.,2026-09-14T00:00:00Z
c84a4861-2e28-571c-a6a8-eafd236bff6a,328c8499-23b4-5be7-87f3-7688e88bd6ff,Parang,Chirocentrus dorab,5105082b-4308-5dc9-85fc-e2ccc2063c5c,RAW,Raw / Cured,Mentah / Jeruk,1,Not recommended by default without sashimi-grade handling and traceability.,Tidak disyorkan secara lalai tanpa pengendalian dan kebolehkesanan gred sashimi.,Generated suitability model; legacy scores preserved where confidently mapped.,2026-09-14T00:00:00Z
7c255500-0fdd-5ba5-8fbd-0bed0d6023f9,49ae87d7-0fbc-50bf-b4c6-aa04d00ef64d,Pari,Chondrichthyes,5105082b-4308-5dc9-85fc-e2ccc2063c5c,RAW,Raw / Cured,Mentah / Jeruk,1,Not recommended by default without sashimi-grade handling and traceability.,Tidak disyorkan secara lalai tanpa pengendalian dan kebolehkesanan gred sashimi.,Generated suitability model; legacy scores preserved where confidently mapped.,2026-09-14T00:00:00Z
6e154819-9e5b-5662-8e04-d07bdf23ffea,04bcdb32-1d9e-5df1-a1e1-cb0a44c11f8d,Patin,Pangasius bocourti,5105082b-4308-5dc9-85fc-e2ccc2063c5c,RAW,Raw / Cured,Mentah / Jeruk,1,Not recommended by default without sashimi-grade handling and traceability.,Tidak disyorkan secara lalai tanpa pengendalian dan kebolehkesanan gred sashimi.,Generated suitability model; legacy scores preserved where confidently mapped.,2026-09-14T00:00:00Z
c4e81d0b-845d-5477-abfa-c1b6284eff80,7ad367a0-4776-5bf1-871b-f6d081d9ffb8,Pelata,Alepes melanoptera,5105082b-4308-5dc9-85fc-e2ccc2063c5c,RAW,Raw / Cured,Mentah / Jeruk,1,Not recommended by default without sashimi-grade handling and traceability.,Tidak disyorkan secara lalai tanpa pengendalian dan kebolehkesanan gred sashimi.,Generated suitability model; legacy scores preserved where confidently mapped.,2026-09-14T00:00:00Z
4a423a2d-9a23-531b-8a1a-1ebe7a855e11,8e3ee730-084d-5713-ab32-8fa7fca349d5,Selar Kuning,Selaroides leptolepis,5105082b-4308-5dc9-85fc-e2ccc2063c5c,RAW,Raw / Cured,Mentah / Jeruk,1,Not recommended by default without sashimi-grade handling and traceability.,Tidak disyorkan secara lalai tanpa pengendalian dan kebolehkesanan gred sashimi.,Generated suitability model; legacy scores preserved where confidently mapped.,2026-09-14T00:00:00Z
bf0e35f3-0397-50ce-8573-5156a46ef2a4,c4295eb1-33e4-540f-818c-cd55b1efa472,Siakap Merah,Lutjanus argentimaculatus,5105082b-4308-5dc9-85fc-e2ccc2063c5c,RAW,Raw / Cured,Mentah / Jeruk,1,Not recommended by default without sashimi-grade handling and traceability.,Tidak disyorkan secara lalai tanpa pengendalian dan kebolehkesanan gred sashimi.,Generated suitability model; legacy scores preserved where confidently mapped.,2026-09-14T00:00:00Z
c3037377-4374-5a18-b2c7-580dd9e3a1ba,b2059a7e-a8d7-5071-8fb7-1d7ca5a8af89,Siakap Putih,Lates calcarifer,5105082b-4308-5dc9-85fc-e2ccc2063c5c,RAW,Raw / Cured,Mentah / Jeruk,1,Not recommended by default without sashimi-grade handling and traceability.,Tidak disyorkan secara lalai tanpa pengendalian dan kebolehkesanan gred sashimi.,Generated suitability model; legacy scores preserved where confidently mapped.,2026-09-14T00:00:00Z
b2034e1c-c2cc-5038-80ff-4df589f54b53,222857e2-5cb3-5dd1-81b8-511c2b2c66b9,Tamban / Sardin,Spratelloides gracilis,5105082b-4308-5dc9-85fc-e2ccc2063c5c,RAW,Raw / Cured,Mentah / Jeruk,1,Not recommended by default without sashimi-grade handling and traceability.,Tidak disyorkan secara lalai tanpa pengendalian dan kebolehkesanan gred sashimi.,Generated suitability model; legacy scores preserved where confidently mapped.,2026-09-14T00:00:00Z
c0871c70-6dc2-5fbd-bab5-453774a5b2bd,adeb0c21-f1f0-5e00-99c8-fa72bb31126b,Tenggiri,Scomberomorus commerson,5105082b-4308-5dc9-85fc-e2ccc2063c5c,RAW,Raw / Cured,Mentah / Jeruk,1,Not recommended by default without sashimi-grade handling and traceability.,Tidak disyorkan secara lalai tanpa pengendalian dan kebolehkesanan gred sashimi.,Generated suitability model; legacy scores preserved where confidently mapped.,2026-09-14T00:00:00Z
db42a528-be2e-586b-a86b-a6a46c3523fb,b3548e4a-87f5-5ba8-ba37-aa8e1b16a38b,Terubok,Tenualosa macrura,5105082b-4308-5dc9-85fc-e2ccc2063c5c,RAW,Raw / Cured,Mentah / Jeruk,1,Not recommended by default without sashimi-grade handling and traceability.,Tidak disyorkan secara lalai tanpa pengendalian dan kebolehkesanan gred sashimi.,Generated suitability model; legacy scores preserved where confidently mapped.,2026-09-14T00:00:00Z
bb2723ed-e5dd-59c4-b468-61cc9e0c1654,df8617d0-acd5-526d-a23b-14562c190322,Tilapia,Oreochromis Niloticus,5105082b-4308-5dc9-85fc-e2ccc2063c5c,RAW,Raw / Cured,Mentah / Jeruk,1,Not recommended by default without sashimi-grade handling and traceability.,Tidak disyorkan secara lalai tanpa pengendalian dan kebolehkesanan gred sashimi.,Generated suitability model; legacy scores preserved where confidently mapped.,2026-09-14T00:00:00Z
5fbb3658-bc37-5463-861b-d00def3dc9fe,cc120590-6ccb-526d-86ff-f90d604c6dd4,Tongkol,Thunnus tonggol,5105082b-4308-5dc9-85fc-e2ccc2063c5c,RAW,Raw / Cured,Mentah / Jeruk,1,Not recommended by default without sashimi-grade handling and traceability.,Tidak disyorkan secara lalai tanpa pengendalian dan kebolehkesanan gred sashimi.,Generated suitability model; legacy scores preserved where confidently mapped.,2026-09-14T00:00:00Z
745402e2-7490-5b2d-a012-af0616d90eea,69219448-e83d-504c-9bec-3194f65be055,Tongkol Kurik,Euthynnus affinis,5105082b-4308-5dc9-85fc-e2ccc2063c5c,RAW,Raw / Cured,Mentah / Jeruk,1,Not recommended by default without sashimi-grade handling and traceability.,Tidak disyorkan secara lalai tanpa pengendalian dan kebolehkesanan gred sashimi.,Generated suitability model; legacy scores preserved where confidently mapped.,2026-09-14T00:00:00Z
3e2b01fd-dba0-5984-a82b-5f76e4218d8b,fb3f8f7f-74e3-5512-bf12-19970dc62d37,Tongkol Selasih,Auxis thazard,5105082b-4308-5dc9-85fc-e2ccc2063c5c,RAW,Raw / Cured,Mentah / Jeruk,1,Not recommended by default without sashimi-grade handling and traceability.,Tidak disyorkan secara lalai tanpa pengendalian dan kebolehkesanan gred sashimi.,Generated suitability model; legacy scores preserved where confidently mapped.,2026-09-14T00:00:00Z
683faf5c-be90-5cf2-890a-98d2789785b8,292c1ed0-2215-5c67-ac1c-7710b3697741,Alaskan Pollock,Gadus chalcogrammus,a3737729-8378-51ef-846f-a7b51cb738b6,SOUP,Soup,Sup / Masak Air,4,"Its bones, head or flavour can add useful body to a broth.","Tulang, kepala atau rasa ikan membantu memberikan badan pada sup.",Generated suitability model; legacy scores preserved where confidently mapped.,2026-09-14T00:00:00Z
4904d5cd-9c00-5cea-a0d4-7970c4135e34,d150c6ad-d7e4-5c08-a5d2-f97302982eb6,Albacore Tuna,Thunnus alalunga,a3737729-8378-51ef-846f-a7b51cb738b6,SOUP,Soup,Sup / Masak Air,3,"Its bones, head or flavour can add useful body to a broth.","Tulang, kepala atau rasa ikan membantu memberikan badan pada sup.",Generated suitability model; legacy scores preserved where confidently mapped.,2026-09-14T00:00:00Z
5d580923-f910-544d-be69-389afa1ca865,8dfd2a08-9844-50b1-9b6f-2ff5b0c59323,Atlantic Bluefin Tuna,Thunnus thynnus,a3737729-8378-51ef-846f-a7b51cb738b6,SOUP,Soup,Sup / Masak Air,3,"Its bones, head or flavour can add useful body to a broth.","Tulang, kepala atau rasa ikan membantu memberikan badan pada sup.",Generated suitability model; legacy scores preserved where confidently mapped.,2026-09-14T00:00:00Z
8fcb2332-796c-58a3-bf4c-5f5d41af1700,f1dab74d-a855-5f5d-a9a2-c01b6c8033c0,Atlantic Cod,Gadus Morhua,a3737729-8378-51ef-846f-a7b51cb738b6,SOUP,Soup,Sup / Masak Air,4,"Its bones, head or flavour can add useful body to a broth.","Tulang, kepala atau rasa ikan membantu memberikan badan pada sup.",Generated suitability model; legacy scores preserved where confidently mapped.,2026-09-14T00:00:00Z
43e3aae2-9bc0-5209-9553-b0207d57e140,453db1e5-0afa-55ab-8777-6cab90b6e60d,Atlantic Salmon,Salmo salar,a3737729-8378-51ef-846f-a7b51cb738b6,SOUP,Soup,Sup / Masak Air,3,"Its bones, head or flavour can add useful body to a broth.","Tulang, kepala atau rasa ikan membantu memberikan badan pada sup.",Generated suitability model; legacy scores preserved where confidently mapped.,2026-09-14T00:00:00Z
0bf59f1d-0788-599b-856a-b85ce4e28628,e7f4f09f-f5c8-5362-9dd3-6f4b98b57b87,Bakulan,Katsuwonus pelamis,a3737729-8378-51ef-846f-a7b51cb738b6,SOUP,Soup,Sup / Masak Air,3,"Its bones, head or flavour can add useful body to a broth.","Tulang, kepala atau rasa ikan membantu memberikan badan pada sup.",Generated suitability model; legacy scores preserved where confidently mapped.,2026-09-14T00:00:00Z
364f5f8e-5d5b-5260-8bb5-e7e1e4336f2d,b378fd3b-a2bd-54f0-ae62-ec109d465d2d,Bawal Emas,Trachinotus blochii,a3737729-8378-51ef-846f-a7b51cb738b6,SOUP,Soup,Sup / Masak Air,4,"Its bones, head or flavour can add useful body to a broth.","Tulang, kepala atau rasa ikan membantu memberikan badan pada sup.",Generated suitability model; legacy scores preserved where confidently mapped.,2026-09-14T00:00:00Z
96c40717-6e33-5136-888d-73285d439750,3b4727fe-fcd7-568d-8edd-0d4862da14b9,Bawal Hitam,Parastromateus niger,a3737729-8378-51ef-846f-a7b51cb738b6,SOUP,Soup,Sup / Masak Air,3,"Makes a clean, delicate broth.",Menghasilkan sup jernih yang halus rasanya.,Generated suitability model; legacy scores preserved where confidently mapped.,2026-09-14T00:00:00Z
572ab454-bfb9-5e6f-a87c-1030e3e2809e,6169fc2a-3362-5575-a0fd-c92fb029d921,Bawal Putih,Pampus chinensis,a3737729-8378-51ef-846f-a7b51cb738b6,SOUP,Soup,Sup / Masak Air,4,Bones and head give a clear soup real body.,Tulang dan kepala memberi sup jernih rasa yang mantap.,Generated suitability model; legacy scores preserved where confidently mapped.,2026-09-14T00:00:00Z
d72b425a-bfea-5b6b-b3d8-12f3b2160640,bce9c332-bf1d-5145-bdb9-cf785810061b,Belanak,Valamugil cunnesius,a3737729-8378-51ef-846f-a7b51cb738b6,SOUP,Soup,Sup / Masak Air,4,"Its bones, head or flavour can add useful body to a broth.","Tulang, kepala atau rasa ikan membantu memberikan badan pada sup.",Generated suitability model; legacy scores preserved where confidently mapped.,2026-09-14T00:00:00Z
3118a563-7be5-58ef-9df0-9ffc3a6dea3b,b3569d3c-5839-5ae9-a817-62ff4816b7f9,Bulu Ayam (Ikan Masin),Coilia spp.,a3737729-8378-51ef-846f-a7b51cb738b6,SOUP,Soup,Sup / Masak Air,4,"Its bones, head or flavour can add useful body to a broth.","Tulang, kepala atau rasa ikan membantu memberikan badan pada sup.",Generated suitability model; legacy scores preserved where confidently mapped.,2026-09-14T00:00:00Z
9c40293e-a8ea-5a43-ae8e-83c857b4df5a,787f6b9c-2c57-5182-bf4f-daa1bc44f505,Bulus,Sillago sihama,a3737729-8378-51ef-846f-a7b51cb738b6,SOUP,Soup,Sup / Masak Air,4,"Its bones, head or flavour can add useful body to a broth.","Tulang, kepala atau rasa ikan membantu memberikan badan pada sup.",Generated suitability model; legacy scores preserved where confidently mapped.,2026-09-14T00:00:00Z
cfdbfe2a-8eae-5728-adfb-410a7f4756e5,dcc81043-d6fa-53b1-8524-4f54e65f29c5,Cencaru,Megalaspis cordyla,a3737729-8378-51ef-846f-a7b51cb738b6,SOUP,Soup,Sup / Masak Air,2,Strong oily flavour clouds a clear soup.,Rasa berminyaknya mengeruhkan sup jernih.,Generated suitability model; legacy scores preserved where confidently mapped.,2026-09-14T00:00:00Z
464f6520-9d38-52a9-a0a0-dbdd0ba72bcb,dc1e3515-68d0-53e5-8e92-78b919a45819,Chinook Salmon,Oncorhynchus tshawytscha,a3737729-8378-51ef-846f-a7b51cb738b6,SOUP,Soup,Sup / Masak Air,3,"Its bones, head or flavour can add useful body to a broth.","Tulang, kepala atau rasa ikan membantu memberikan badan pada sup.",Generated suitability model; legacy scores preserved where confidently mapped.,2026-09-14T00:00:00Z
e588b6ca-384d-540b-8896-93427b393b6e,e6548466-ddee-5869-9c37-ebefe823902a,Hoki,Macruronus novaezelandiae,a3737729-8378-51ef-846f-a7b51cb738b6,SOUP,Soup,Sup / Masak Air,4,"Its bones, head or flavour can add useful body to a broth.","Tulang, kepala atau rasa ikan membantu memberikan badan pada sup.",Generated suitability model; legacy scores preserved where confidently mapped.,2026-09-14T00:00:00Z
8ff3af97-0505-56fb-994a-d26bad9604a6,f3f3c7bd-1eb7-564c-8637-5ab161a95cd9,Ikan Bilis,Stolephorus spp.,a3737729-8378-51ef-846f-a7b51cb738b6,SOUP,Soup,Sup / Masak Air,5,"Its bones, head or flavour can add useful body to a broth.","Tulang, kepala atau rasa ikan membantu memberikan badan pada sup.",Generated suitability model; legacy scores preserved where confidently mapped.,2026-09-14T00:00:00Z
f06847fa-2774-5a98-82dd-7e8401076856,f7f3bd66-5b34-5036-b7c7-c5db69f59d56,Ikan Delah / Tauhu,Caesio cuning,a3737729-8378-51ef-846f-a7b51cb738b6,SOUP,Soup,Sup / Masak Air,4,"Its bones, head or flavour can add useful body to a broth.","Tulang, kepala atau rasa ikan membantu memberikan badan pada sup.",Generated suitability model; legacy scores preserved where confidently mapped.,2026-09-14T00:00:00Z
0f6b6a50-1665-5e16-b41c-4a15882ff74f,dbab3447-e562-5df2-903a-86809d88870f,Ikan Gelama,Sciaenidae spp.,a3737729-8378-51ef-846f-a7b51cb738b6,SOUP,Soup,Sup / Masak Air,5,"Its bones, head or flavour can add useful body to a broth.","Tulang, kepala atau rasa ikan membantu memberikan badan pada sup.",Generated suitability model; legacy scores preserved where confidently mapped.,2026-09-14T00:00:00Z
64087e53-5e90-5ef0-b9cf-aa1de564c717,1440811b-b95a-5652-b0e0-434ecfd6323d,Ikan Merah,Lutjanus sebae,a3737729-8378-51ef-846f-a7b51cb738b6,SOUP,Soup,Sup / Masak Air,4,"Its bones, head or flavour can add useful body to a broth.","Tulang, kepala atau rasa ikan membantu memberikan badan pada sup.",Generated suitability model; legacy scores preserved where confidently mapped.,2026-09-14T00:00:00Z
7471e7aa-9443-520b-aa30-4c4c25012887,b90ffdd1-e4da-5c5c-adb4-00af3f3cfec9,Ikan Sebelah,Pseudorhombus malayanus,a3737729-8378-51ef-846f-a7b51cb738b6,SOUP,Soup,Sup / Masak Air,3,"Its bones, head or flavour can add useful body to a broth.","Tulang, kepala atau rasa ikan membantu memberikan badan pada sup.",Generated suitability model; legacy scores preserved where confidently mapped.,2026-09-14T00:00:00Z
7895a618-2ebd-50b8-a9eb-e1b2da06630a,00c81692-08d3-5646-9562-b0e193c6b01d,Ikan Selar,Decapterus akaadsi,a3737729-8378-51ef-846f-a7b51cb738b6,SOUP,Soup,Sup / Masak Air,3,"Its bones, head or flavour can add useful body to a broth.","Tulang, kepala atau rasa ikan membantu memberikan badan pada sup.",Generated suitability model; legacy scores preserved where confidently mapped.,2026-09-14T00:00:00Z
6400340e-d0b8-55e7-b10e-fc769435e91e,3fa4c3d3-6a40-5afe-9a71-e918908005cd,Jenahak,Lutjanus johnii,a3737729-8378-51ef-846f-a7b51cb738b6,SOUP,Soup,Sup / Masak Air,4,"Its bones, head or flavour can add useful body to a broth.","Tulang, kepala atau rasa ikan membantu memberikan badan pada sup.",Generated suitability model; legacy scores preserved where confidently mapped.,2026-09-14T00:00:00Z
bf853958-8c17-5ae2-b2ed-3cd8a3f6bcca,53ea2f5b-a7fa-5a46-af87-ef2b5986493f,Jerung / Yu,Elasmobranchii,a3737729-8378-51ef-846f-a7b51cb738b6,SOUP,Soup,Sup / Masak Air,2,"Its bones, head or flavour can add useful body to a broth.","Tulang, kepala atau rasa ikan membantu memberikan badan pada sup.",Generated suitability model; legacy scores preserved where confidently mapped.,2026-09-14T00:00:00Z
31a57014-3b33-5684-8aef-bbb20418da70,f45cfa27-8dde-5573-8feb-7200f9c31b68,Kekacang,Sphyraena jello,a3737729-8378-51ef-846f-a7b51cb738b6,SOUP,Soup,Sup / Masak Air,3,"Its bones, head or flavour can add useful body to a broth.","Tulang, kepala atau rasa ikan membantu memberikan badan pada sup.",Generated suitability model; legacy scores preserved where confidently mapped.,2026-09-14T00:00:00Z
09880f81-4411-5fa2-9ec8-78090805569e,608a74b4-6aa2-547d-b2a6-999c50ff76c8,Kembung / Pelaling,Rastrelliger kanagurta,a3737729-8378-51ef-846f-a7b51cb738b6,SOUP,Soup,Sup / Masak Air,3,"Usable, though the oil can cloud a clear broth.","Boleh digunakan, tetapi minyaknya boleh mengeruhkan sup jernih.",Generated suitability model; legacy scores preserved where confidently mapped.,2026-09-14T00:00:00Z
2f6a18ef-5110-5cb2-9650-2814d7c19430,f2f586cf-acf7-5b50-ab95-515cd304e24c,Kerapu Bebeh,Epinephelus sexfasciatus,a3737729-8378-51ef-846f-a7b51cb738b6,SOUP,Soup,Sup / Masak Air,4,"Its bones, head or flavour can add useful body to a broth.","Tulang, kepala atau rasa ikan membantu memberikan badan pada sup.",Generated suitability model; legacy scores preserved where confidently mapped.,2026-09-14T00:00:00Z
8a3e426f-9686-5489-b2d4-e9d25af605f4,3a0e01e6-f1fd-5aca-b0db-7774fe34c8fe,Kerapu Bintik,Epinephelus coioides,a3737729-8378-51ef-846f-a7b51cb738b6,SOUP,Soup,Sup / Masak Air,4,Bones make an unusually rich stock.,Tulangnya menghasilkan sup yang sangat berperisa.,Generated suitability model; legacy scores preserved where confidently mapped.,2026-09-14T00:00:00Z
be5efb9d-339c-559d-b8d8-471a0e7506ab,63a81cd6-1863-5de3-8bbe-522cc8dfc174,Kerapu Ekor Gelap,Epinephelus bleekeri,a3737729-8378-51ef-846f-a7b51cb738b6,SOUP,Soup,Sup / Masak Air,4,"Its bones, head or flavour can add useful body to a broth.","Tulang, kepala atau rasa ikan membantu memberikan badan pada sup.",Generated suitability model; legacy scores preserved where confidently mapped.,2026-09-14T00:00:00Z
6a8eb37c-d247-543a-b8fc-e914ec881f22,bba68ffe-e598-52de-8a2f-55c2b3dc72bf,Kerapu Harimau,Epinephelus fuscoguttatus,a3737729-8378-51ef-846f-a7b51cb738b6,SOUP,Soup,Sup / Masak Air,4,"Its bones, head or flavour can add useful body to a broth.","Tulang, kepala atau rasa ikan membantu memberikan badan pada sup.",Generated suitability model; legacy scores preserved where confidently mapped.,2026-09-14T00:00:00Z
3480f90e-68fc-55a0-bd32-e4431b6ac7c4,ca3791a3-90f1-58b6-9608-990030b0da6d,Kerapu Kertang,Epinephelus lanceolatus,a3737729-8378-51ef-846f-a7b51cb738b6,SOUP,Soup,Sup / Masak Air,4,"Its bones, head or flavour can add useful body to a broth.","Tulang, kepala atau rasa ikan membantu memberikan badan pada sup.",Generated suitability model; legacy scores preserved where confidently mapped.,2026-09-14T00:00:00Z
f7f48bf1-cfd3-5b56-8bb0-3e0482421555,c63f314c-ac5c-59b9-aa35-3fd53cdb1e7e,Kerapu Lumpur,Epinephelus malabaricus,a3737729-8378-51ef-846f-a7b51cb738b6,SOUP,Soup,Sup / Masak Air,4,"Its bones, head or flavour can add useful body to a broth.","Tulang, kepala atau rasa ikan membantu memberikan badan pada sup.",Generated suitability model; legacy scores preserved where confidently mapped.,2026-09-14T00:00:00Z
dd9290f8-9218-5bf4-9cc0-34b5937e9ece,c597ee21-dbb2-50fd-bc28-84af0c6d2679,Kerapu Sunoh / Kerapu Bara,Plectropomus spp.,a3737729-8378-51ef-846f-a7b51cb738b6,SOUP,Soup,Sup / Masak Air,4,"Its bones, head or flavour can add useful body to a broth.","Tulang, kepala atau rasa ikan membantu memberikan badan pada sup.",Generated suitability model; legacy scores preserved where confidently mapped.,2026-09-14T00:00:00Z
ca07f334-92fe-5033-87ce-236cb1f4b213,8d13780f-7823-5bc3-85a6-9208f82cc61a,Kerapu Tikus,Cromileptes altivelis,a3737729-8378-51ef-846f-a7b51cb738b6,SOUP,Soup,Sup / Masak Air,4,"Its bones, head or flavour can add useful body to a broth.","Tulang, kepala atau rasa ikan membantu memberikan badan pada sup.",Generated suitability model; legacy scores preserved where confidently mapped.,2026-09-14T00:00:00Z
028b7e1f-a4df-5fe3-be7a-a42c74bfadd3,b749d650-2ed8-5256-b41a-403d8539f9d8,Kerepoh,Caranx sexfasciatus,a3737729-8378-51ef-846f-a7b51cb738b6,SOUP,Soup,Sup / Masak Air,4,"Its bones, head or flavour can add useful body to a broth.","Tulang, kepala atau rasa ikan membantu memberikan badan pada sup.",Generated suitability model; legacy scores preserved where confidently mapped.,2026-09-14T00:00:00Z
ee601853-491a-599d-aa0d-3dd6862b1b68,491027d9-66f3-5dc7-a816-b9f560718b15,Kerisi,Nemipterus japiconus,a3737729-8378-51ef-846f-a7b51cb738b6,SOUP,Soup,Sup / Masak Air,4,Sweet flesh and plenty of bone make a good clear soup.,Isi manis dan banyak tulang menghasilkan sup jernih yang sedap.,Generated suitability model; legacy scores preserved where confidently mapped.,2026-09-14T00:00:00Z
b4fb53ed-4fd5-5046-bcec-bc45c6a17cbc,5905d77c-5e2f-5df3-aca9-8c3c84ecb80e,Kikek,Leiognathus spp.,a3737729-8378-51ef-846f-a7b51cb738b6,SOUP,Soup,Sup / Masak Air,3,"Its bones, head or flavour can add useful body to a broth.","Tulang, kepala atau rasa ikan membantu memberikan badan pada sup.",Generated suitability model; legacy scores preserved where confidently mapped.,2026-09-14T00:00:00Z
0dbe9d28-76cc-5e7c-ae3a-df2ad0803035,a7afdf3b-097a-50c1-854d-b6c35e17426c,Kunyit-kunyit,Lutjanus vitta,a3737729-8378-51ef-846f-a7b51cb738b6,SOUP,Soup,Sup / Masak Air,3,"Its bones, head or flavour can add useful body to a broth.","Tulang, kepala atau rasa ikan membantu memberikan badan pada sup.",Generated suitability model; legacy scores preserved where confidently mapped.,2026-09-14T00:00:00Z
fa8ab633-819f-55da-9c61-8852f246f745,b25c5956-4f70-52d4-9d3e-301769d3fccd,Kurau,Polydactylus plebeius,a3737729-8378-51ef-846f-a7b51cb738b6,SOUP,Soup,Sup / Masak Air,4,"Its bones, head or flavour can add useful body to a broth.","Tulang, kepala atau rasa ikan membantu memberikan badan pada sup.",Generated suitability model; legacy scores preserved where confidently mapped.,2026-09-14T00:00:00Z
9da59be6-1106-5055-a94f-4c484f18fc41,1e3a96db-c8de-5285-80e1-04fbe8a223a0,Mameng,Cheilinus undulatus,a3737729-8378-51ef-846f-a7b51cb738b6,SOUP,Soup,Sup / Masak Air,4,"Its bones, head or flavour can add useful body to a broth.","Tulang, kepala atau rasa ikan membantu memberikan badan pada sup.",Generated suitability model; legacy scores preserved where confidently mapped.,2026-09-14T00:00:00Z
c0eab43c-8559-5c5a-9da0-416c1ffafbbb,00d6e647-3535-529c-af4a-1124a011c515,Mata Besar / Lolong,Selar crumenophthalmus,a3737729-8378-51ef-846f-a7b51cb738b6,SOUP,Soup,Sup / Masak Air,3,"Its bones, head or flavour can add useful body to a broth.","Tulang, kepala atau rasa ikan membantu memberikan badan pada sup.",Generated suitability model; legacy scores preserved where confidently mapped.,2026-09-14T00:00:00Z
58fb26d9-0edd-54a9-b994-9bdba0d0c878,328c8499-23b4-5be7-87f3-7688e88bd6ff,Parang,Chirocentrus dorab,a3737729-8378-51ef-846f-a7b51cb738b6,SOUP,Soup,Sup / Masak Air,4,"Its bones, head or flavour can add useful body to a broth.","Tulang, kepala atau rasa ikan membantu memberikan badan pada sup.",Generated suitability model; legacy scores preserved where confidently mapped.,2026-09-14T00:00:00Z
f7b3228a-9d3f-502a-bf90-a1c3bbd0144b,49ae87d7-0fbc-50bf-b4c6-aa04d00ef64d,Pari,Chondrichthyes,a3737729-8378-51ef-846f-a7b51cb738b6,SOUP,Soup,Sup / Masak Air,3,"Its bones, head or flavour can add useful body to a broth.","Tulang, kepala atau rasa ikan membantu memberikan badan pada sup.",Generated suitability model; legacy scores preserved where confidently mapped.,2026-09-14T00:00:00Z
d1e50534-0c06-5357-8a89-48edf32b3f76,04bcdb32-1d9e-5df1-a1e1-cb0a44c11f8d,Patin,Pangasius bocourti,a3737729-8378-51ef-846f-a7b51cb738b6,SOUP,Soup,Sup / Masak Air,4,"Its bones, head or flavour can add useful body to a broth.","Tulang, kepala atau rasa ikan membantu memberikan badan pada sup.",Generated suitability model; legacy scores preserved where confidently mapped.,2026-09-14T00:00:00Z
85551fa0-bf71-5823-bfd5-9706344ce119,7ad367a0-4776-5bf1-871b-f6d081d9ffb8,Pelata,Alepes melanoptera,a3737729-8378-51ef-846f-a7b51cb738b6,SOUP,Soup,Sup / Masak Air,3,"Its bones, head or flavour can add useful body to a broth.","Tulang, kepala atau rasa ikan membantu memberikan badan pada sup.",Generated suitability model; legacy scores preserved where confidently mapped.,2026-09-14T00:00:00Z
cdf6dc1d-3f77-5c0b-960a-62465f4478e8,8e3ee730-084d-5713-ab32-8fa7fca349d5,Selar Kuning,Selaroides leptolepis,a3737729-8378-51ef-846f-a7b51cb738b6,SOUP,Soup,Sup / Masak Air,3,"Adds flavour, though small bones are a nuisance.","Menambah rasa, tetapi tulang halusnya menyusahkan.",Generated suitability model; legacy scores preserved where confidently mapped.,2026-09-14T00:00:00Z
7f52f2bf-e036-5d50-a6d3-7175e1f55458,c4295eb1-33e4-540f-818c-cd55b1efa472,Siakap Merah,Lutjanus argentimaculatus,a3737729-8378-51ef-846f-a7b51cb738b6,SOUP,Soup,Sup / Masak Air,4,"Its bones, head or flavour can add useful body to a broth.","Tulang, kepala atau rasa ikan membantu memberikan badan pada sup.",Generated suitability model; legacy scores preserved where confidently mapped.,2026-09-14T00:00:00Z
08c9d442-22ce-5f15-acd4-5327734ed102,b2059a7e-a8d7-5071-8fb7-1d7ca5a8af89,Siakap Putih,Lates calcarifer,a3737729-8378-51ef-846f-a7b51cb738b6,SOUP,Soup,Sup / Masak Air,4,"Its bones, head or flavour can add useful body to a broth.","Tulang, kepala atau rasa ikan membantu memberikan badan pada sup.",Generated suitability model; legacy scores preserved where confidently mapped.,2026-09-14T00:00:00Z
37dcab75-9473-5c1e-9db6-53f756b5f9f0,222857e2-5cb3-5dd1-81b8-511c2b2c66b9,Tamban / Sardin,Spratelloides gracilis,a3737729-8378-51ef-846f-a7b51cb738b6,SOUP,Soup,Sup / Masak Air,4,"Its bones, head or flavour can add useful body to a broth.","Tulang, kepala atau rasa ikan membantu memberikan badan pada sup.",Generated suitability model; legacy scores preserved where confidently mapped.,2026-09-14T00:00:00Z
d2b1329d-4d8b-5e5a-bc1c-c69d0e1d9df9,adeb0c21-f1f0-5e00-99c8-fa72bb31126b,Tenggiri,Scomberomorus commerson,a3737729-8378-51ef-846f-a7b51cb738b6,SOUP,Soup,Sup / Masak Air,3,"Its bones, head or flavour can add useful body to a broth.","Tulang, kepala atau rasa ikan membantu memberikan badan pada sup.",Generated suitability model; legacy scores preserved where confidently mapped.,2026-09-14T00:00:00Z
76dd53bd-e62d-5f67-874e-b7931ec53c9b,b3548e4a-87f5-5ba8-ba37-aa8e1b16a38b,Terubok,Tenualosa macrura,a3737729-8378-51ef-846f-a7b51cb738b6,SOUP,Soup,Sup / Masak Air,5,"Its bones, head or flavour can add useful body to a broth.","Tulang, kepala atau rasa ikan membantu memberikan badan pada sup.",Generated suitability model; legacy scores preserved where confidently mapped.,2026-09-14T00:00:00Z
658d1a2b-626c-5936-8097-970845dfacaa,df8617d0-acd5-526d-a23b-14562c190322,Tilapia,Oreochromis Niloticus,a3737729-8378-51ef-846f-a7b51cb738b6,SOUP,Soup,Sup / Masak Air,4,Common in clear fish soup; the flesh does not break up.,Biasa dalam sup ikan jernih; isinya tidak hancur.,Generated suitability model; legacy scores preserved where confidently mapped.,2026-09-14T00:00:00Z
be163dea-1639-582b-84d0-d2bf4c20d756,cc120590-6ccb-526d-86ff-f90d604c6dd4,Tongkol,Thunnus tonggol,a3737729-8378-51ef-846f-a7b51cb738b6,SOUP,Soup,Sup / Masak Air,3,"Its bones, head or flavour can add useful body to a broth.","Tulang, kepala atau rasa ikan membantu memberikan badan pada sup.",Generated suitability model; legacy scores preserved where confidently mapped.,2026-09-14T00:00:00Z
deffdd21-9e6b-5463-b101-e34f519d1247,69219448-e83d-504c-9bec-3194f65be055,Tongkol Kurik,Euthynnus affinis,a3737729-8378-51ef-846f-a7b51cb738b6,SOUP,Soup,Sup / Masak Air,3,"Its bones, head or flavour can add useful body to a broth.","Tulang, kepala atau rasa ikan membantu memberikan badan pada sup.",Generated suitability model; legacy scores preserved where confidently mapped.,2026-09-14T00:00:00Z
a0098dd0-dfe2-5f6d-8183-d69d9e628785,fb3f8f7f-74e3-5512-bf12-19970dc62d37,Tongkol Selasih,Auxis thazard,a3737729-8378-51ef-846f-a7b51cb738b6,SOUP,Soup,Sup / Masak Air,3,"Its bones, head or flavour can add useful body to a broth.","Tulang, kepala atau rasa ikan membantu memberikan badan pada sup.",Generated suitability model; legacy scores preserved where confidently mapped.,2026-09-14T00:00:00Z
e42ceb61-c781-5b5a-a7c0-069420815995,292c1ed0-2215-5c67-ac1c-7710b3697741,Alaskan Pollock,Gadus chalcogrammus,a3e6684a-7b87-5713-8824-4b041845b02c,STEAM,Steam,Kukus,4,Gentle heat preserves moisture and suits the fish's texture.,Haba lembut membantu mengekalkan kelembapan dan tekstur isi.,Generated suitability model; legacy scores preserved where confidently mapped.,2026-09-14T00:00:00Z
7cf6ba5b-6002-5518-9055-5121b428ab5b,d150c6ad-d7e4-5c08-a5d2-f97302982eb6,Albacore Tuna,Thunnus alalunga,a3e6684a-7b87-5713-8824-4b041845b02c,STEAM,Steam,Kukus,2,Gentle heat preserves moisture and suits the fish's texture.,Haba lembut membantu mengekalkan kelembapan dan tekstur isi.,Generated suitability model; legacy scores preserved where confidently mapped.,2026-09-14T00:00:00Z
f6d656e5-6d2a-575e-b682-a09dd038f785,8dfd2a08-9844-50b1-9b6f-2ff5b0c59323,Atlantic Bluefin Tuna,Thunnus thynnus,a3e6684a-7b87-5713-8824-4b041845b02c,STEAM,Steam,Kukus,2,Gentle heat preserves moisture and suits the fish's texture.,Haba lembut membantu mengekalkan kelembapan dan tekstur isi.,Generated suitability model; legacy scores preserved where confidently mapped.,2026-09-14T00:00:00Z
98a41d76-7de1-5787-95e8-b4f589849404,f1dab74d-a855-5f5d-a9a2-c01b6c8033c0,Atlantic Cod,Gadus Morhua,a3e6684a-7b87-5713-8824-4b041845b02c,STEAM,Steam,Kukus,4,Gentle heat preserves moisture and suits the fish's texture.,Haba lembut membantu mengekalkan kelembapan dan tekstur isi.,Generated suitability model; legacy scores preserved where confidently mapped.,2026-09-14T00:00:00Z
75bff9ea-6557-5636-8569-dbe3df825817,453db1e5-0afa-55ab-8777-6cab90b6e60d,Atlantic Salmon,Salmo salar,a3e6684a-7b87-5713-8824-4b041845b02c,STEAM,Steam,Kukus,4,Gentle heat preserves moisture and suits the fish's texture.,Haba lembut membantu mengekalkan kelembapan dan tekstur isi.,Generated suitability model; legacy scores preserved where confidently mapped.,2026-09-14T00:00:00Z
69b6fa12-10fa-5554-88a0-98f71c5a176b,e7f4f09f-f5c8-5362-9dd3-6f4b98b57b87,Bakulan,Katsuwonus pelamis,a3e6684a-7b87-5713-8824-4b041845b02c,STEAM,Steam,Kukus,2,Gentle heat preserves moisture and suits the fish's texture.,Haba lembut membantu mengekalkan kelembapan dan tekstur isi.,Generated suitability model; legacy scores preserved where confidently mapped.,2026-09-14T00:00:00Z
3bbdbb5c-1e14-5083-bfd5-a2095f106888,b378fd3b-a2bd-54f0-ae62-ec109d465d2d,Bawal Emas,Trachinotus blochii,a3e6684a-7b87-5713-8824-4b041845b02c,STEAM,Steam,Kukus,5,Gentle heat preserves moisture and suits the fish's texture.,Haba lembut membantu mengekalkan kelembapan dan tekstur isi.,Generated suitability model; legacy scores preserved where confidently mapped.,2026-09-14T00:00:00Z
817417af-7fda-569e-9e3d-b29361780394,3b4727fe-fcd7-568d-8edd-0d4862da14b9,Bawal Hitam,Parastromateus niger,a3e6684a-7b87-5713-8824-4b041845b02c,STEAM,Steam,Kukus,5,"The festive steamed fish: fine white flesh, very few bones.","Ikan kukus perayaan: isi putih halus, tulang sangat sedikit.",Generated suitability model; legacy scores preserved where confidently mapped.,2026-09-14T00:00:00Z
912eccee-c39a-5443-8f05-15839883b367,6169fc2a-3362-5575-a0fd-c92fb029d921,Bawal Putih,Pampus chinensis,a3e6684a-7b87-5713-8824-4b041845b02c,STEAM,Steam,Kukus,5,"The classic steamed pomfret: few bones, flesh that flakes cleanly.","Bawal kukus klasik: tulang sedikit, isi mudah dileraikan.",Generated suitability model; legacy scores preserved where confidently mapped.,2026-09-14T00:00:00Z
0ee090cb-6823-5de4-8384-c743a0adfe03,bce9c332-bf1d-5145-bdb9-cf785810061b,Belanak,Valamugil cunnesius,a3e6684a-7b87-5713-8824-4b041845b02c,STEAM,Steam,Kukus,3,Gentle heat preserves moisture and suits the fish's texture.,Haba lembut membantu mengekalkan kelembapan dan tekstur isi.,Generated suitability model; legacy scores preserved where confidently mapped.,2026-09-14T00:00:00Z
bffcebb0-2193-5e5c-a305-ca207b648b0b,b3569d3c-5839-5ae9-a817-62ff4816b7f9,Bulu Ayam (Ikan Masin),Coilia spp.,a3e6684a-7b87-5713-8824-4b041845b02c,STEAM,Steam,Kukus,1,Gentle heat preserves moisture and suits the fish's texture.,Haba lembut membantu mengekalkan kelembapan dan tekstur isi.,Generated suitability model; legacy scores preserved where confidently mapped.,2026-09-14T00:00:00Z
4144c96c-69d1-5e0a-a16e-8e4530b500b6,787f6b9c-2c57-5182-bf4f-daa1bc44f505,Bulus,Sillago sihama,a3e6684a-7b87-5713-8824-4b041845b02c,STEAM,Steam,Kukus,3,Gentle heat preserves moisture and suits the fish's texture.,Haba lembut membantu mengekalkan kelembapan dan tekstur isi.,Generated suitability model; legacy scores preserved where confidently mapped.,2026-09-14T00:00:00Z
4d2ae99e-6c8e-55d5-90cb-58f27ff9cad3,dcc81043-d6fa-53b1-8524-4f54e65f29c5,Cencaru,Megalaspis cordyla,a3e6684a-7b87-5713-8824-4b041845b02c,STEAM,Steam,Kukus,2,Too strongly flavoured for steaming.,Rasanya terlalu kuat untuk dikukus.,Generated suitability model; legacy scores preserved where confidently mapped.,2026-09-14T00:00:00Z
b6b18739-ee82-5178-973c-89ea2c4a7c60,dc1e3515-68d0-53e5-8e92-78b919a45819,Chinook Salmon,Oncorhynchus tshawytscha,a3e6684a-7b87-5713-8824-4b041845b02c,STEAM,Steam,Kukus,4,Gentle heat preserves moisture and suits the fish's texture.,Haba lembut membantu mengekalkan kelembapan dan tekstur isi.,Generated suitability model; legacy scores preserved where confidently mapped.,2026-09-14T00:00:00Z
3fbad255-7101-5b54-8418-e3ef031dc777,e6548466-ddee-5869-9c37-ebefe823902a,Hoki,Macruronus novaezelandiae,a3e6684a-7b87-5713-8824-4b041845b02c,STEAM,Steam,Kukus,4,Gentle heat preserves moisture and suits the fish's texture.,Haba lembut membantu mengekalkan kelembapan dan tekstur isi.,Generated suitability model; legacy scores preserved where confidently mapped.,2026-09-14T00:00:00Z
0f473b69-b610-53ba-9cfa-24d0fcb99fdd,f3f3c7bd-1eb7-564c-8637-5ab161a95cd9,Ikan Bilis,Stolephorus spp.,a3e6684a-7b87-5713-8824-4b041845b02c,STEAM,Steam,Kukus,1,Gentle heat preserves moisture and suits the fish's texture.,Haba lembut membantu mengekalkan kelembapan dan tekstur isi.,Generated suitability model; legacy scores preserved where confidently mapped.,2026-09-14T00:00:00Z
65e03dec-ddb3-5781-a21a-2e697c250e3b,f7f3bd66-5b34-5036-b7c7-c5db69f59d56,Ikan Delah / Tauhu,Caesio cuning,a3e6684a-7b87-5713-8824-4b041845b02c,STEAM,Steam,Kukus,3,Gentle heat preserves moisture and suits the fish's texture.,Haba lembut membantu mengekalkan kelembapan dan tekstur isi.,Generated suitability model; legacy scores preserved where confidently mapped.,2026-09-14T00:00:00Z
bc1198eb-2aaa-5bce-9c2d-49a5c518e3de,dbab3447-e562-5df2-903a-86809d88870f,Ikan Gelama,Sciaenidae spp.,a3e6684a-7b87-5713-8824-4b041845b02c,STEAM,Steam,Kukus,4,Gentle heat preserves moisture and suits the fish's texture.,Haba lembut membantu mengekalkan kelembapan dan tekstur isi.,Generated suitability model; legacy scores preserved where confidently mapped.,2026-09-14T00:00:00Z
3b2444d4-3bd4-5c4d-be97-e3383a920cf1,1440811b-b95a-5652-b0e0-434ecfd6323d,Ikan Merah,Lutjanus sebae,a3e6684a-7b87-5713-8824-4b041845b02c,STEAM,Steam,Kukus,5,Firm white flesh stays intact and stays moist — the default treatment.,Isi putih padat kekal utuh dan lembap — cara paling biasa.,Generated suitability model; legacy scores preserved where confidently mapped.,2026-09-14T00:00:00Z
b4a4ae8a-934c-5cef-a9ed-d6404d6528c6,b90ffdd1-e4da-5c5c-adb4-00af3f3cfec9,Ikan Sebelah,Pseudorhombus malayanus,a3e6684a-7b87-5713-8824-4b041845b02c,STEAM,Steam,Kukus,4,Gentle heat preserves moisture and suits the fish's texture.,Haba lembut membantu mengekalkan kelembapan dan tekstur isi.,Generated suitability model; legacy scores preserved where confidently mapped.,2026-09-14T00:00:00Z
c50d3f61-da08-526e-a1de-8332484283e9,00c81692-08d3-5646-9562-b0e193c6b01d,Ikan Selar,Decapterus akaadsi,a3e6684a-7b87-5713-8824-4b041845b02c,STEAM,Steam,Kukus,2,Gentle heat preserves moisture and suits the fish's texture.,Haba lembut membantu mengekalkan kelembapan dan tekstur isi.,Generated suitability model; legacy scores preserved where confidently mapped.,2026-09-14T00:00:00Z
215a16b4-364a-5ab6-9d58-37c61fb27335,3fa4c3d3-6a40-5afe-9a71-e918908005cd,Jenahak,Lutjanus johnii,a3e6684a-7b87-5713-8824-4b041845b02c,STEAM,Steam,Kukus,5,Firm white flesh stays intact and stays moist.,Isi putih padat kekal utuh dan lembap.,Generated suitability model; legacy scores preserved where confidently mapped.,2026-09-14T00:00:00Z
ae57277a-dfe1-5aa5-bd81-14a57338259f,53ea2f5b-a7fa-5a46-af87-ef2b5986493f,Jerung / Yu,Elasmobranchii,a3e6684a-7b87-5713-8824-4b041845b02c,STEAM,Steam,Kukus,2,Gentle heat preserves moisture and suits the fish's texture.,Haba lembut membantu mengekalkan kelembapan dan tekstur isi.,Generated suitability model; legacy scores preserved where confidently mapped.,2026-09-14T00:00:00Z
4a4c3b05-fe20-5060-884f-cae4ce640ada,f45cfa27-8dde-5573-8feb-7200f9c31b68,Kekacang,Sphyraena jello,a3e6684a-7b87-5713-8824-4b041845b02c,STEAM,Steam,Kukus,2,Gentle heat preserves moisture and suits the fish's texture.,Haba lembut membantu mengekalkan kelembapan dan tekstur isi.,Generated suitability model; legacy scores preserved where confidently mapped.,2026-09-14T00:00:00Z
8ca7ebc5-51b8-5bc9-8e1c-ab02eb8e5bd6,608a74b4-6aa2-547d-b2a6-999c50ff76c8,Kembung / Pelaling,Rastrelliger kanagurta,a3e6684a-7b87-5713-8824-4b041845b02c,STEAM,Steam,Kukus,2,The strong flavour overwhelms the delicate seasoning steaming relies on.,Rasanya terlalu kuat untuk perasa halus masakan kukus.,Generated suitability model; legacy scores preserved where confidently mapped.,2026-09-14T00:00:00Z
c3819efb-b01e-5a15-833b-395709df68d5,f2f586cf-acf7-5b50-ab95-515cd304e24c,Kerapu Bebeh,Epinephelus sexfasciatus,a3e6684a-7b87-5713-8824-4b041845b02c,STEAM,Steam,Kukus,5,Gentle heat preserves moisture and suits the fish's texture.,Haba lembut membantu mengekalkan kelembapan dan tekstur isi.,Generated suitability model; legacy scores preserved where confidently mapped.,2026-09-14T00:00:00Z
442b0d33-0fa0-543b-9663-95f14ea6cea3,3a0e01e6-f1fd-5aca-b0db-7774fe34c8fe,Kerapu Bintik,Epinephelus coioides,a3e6684a-7b87-5713-8824-4b041845b02c,STEAM,Steam,Kukus,5,Premium steamed kerapu — the preparation the price is for.,Kerapu kukus premium — cara masakan yang berbaloi dengan harganya.,Generated suitability model; legacy scores preserved where confidently mapped.,2026-09-14T00:00:00Z
cef76b71-0bf5-5bdb-9cca-03ed679d824f,63a81cd6-1863-5de3-8bbe-522cc8dfc174,Kerapu Ekor Gelap,Epinephelus bleekeri,a3e6684a-7b87-5713-8824-4b041845b02c,STEAM,Steam,Kukus,5,Gentle heat preserves moisture and suits the fish's texture.,Haba lembut membantu mengekalkan kelembapan dan tekstur isi.,Generated suitability model; legacy scores preserved where confidently mapped.,2026-09-14T00:00:00Z
e04116ee-5f5a-5048-bbf5-5ed984f49f24,bba68ffe-e598-52de-8a2f-55c2b3dc72bf,Kerapu Harimau,Epinephelus fuscoguttatus,a3e6684a-7b87-5713-8824-4b041845b02c,STEAM,Steam,Kukus,5,Gentle heat preserves moisture and suits the fish's texture.,Haba lembut membantu mengekalkan kelembapan dan tekstur isi.,Generated suitability model; legacy scores preserved where confidently mapped.,2026-09-14T00:00:00Z
34c09e02-7be1-505c-9879-952bed90c867,ca3791a3-90f1-58b6-9608-990030b0da6d,Kerapu Kertang,Epinephelus lanceolatus,a3e6684a-7b87-5713-8824-4b041845b02c,STEAM,Steam,Kukus,5,Gentle heat preserves moisture and suits the fish's texture.,Haba lembut membantu mengekalkan kelembapan dan tekstur isi.,Generated suitability model; legacy scores preserved where confidently mapped.,2026-09-14T00:00:00Z
707de257-d2f1-57c6-bd7a-9672001a16be,c63f314c-ac5c-59b9-aa35-3fd53cdb1e7e,Kerapu Lumpur,Epinephelus malabaricus,a3e6684a-7b87-5713-8824-4b041845b02c,STEAM,Steam,Kukus,5,Gentle heat preserves moisture and suits the fish's texture.,Haba lembut membantu mengekalkan kelembapan dan tekstur isi.,Generated suitability model; legacy scores preserved where confidently mapped.,2026-09-14T00:00:00Z
c64fdfc7-b679-5a22-acff-9677be1da1c8,c597ee21-dbb2-50fd-bc28-84af0c6d2679,Kerapu Sunoh / Kerapu Bara,Plectropomus spp.,a3e6684a-7b87-5713-8824-4b041845b02c,STEAM,Steam,Kukus,5,Gentle heat preserves moisture and suits the fish's texture.,Haba lembut membantu mengekalkan kelembapan dan tekstur isi.,Generated suitability model; legacy scores preserved where confidently mapped.,2026-09-14T00:00:00Z
a725b05b-da9e-5966-a148-3b189a49cbda,8d13780f-7823-5bc3-85a6-9208f82cc61a,Kerapu Tikus,Cromileptes altivelis,a3e6684a-7b87-5713-8824-4b041845b02c,STEAM,Steam,Kukus,5,Gentle heat preserves moisture and suits the fish's texture.,Haba lembut membantu mengekalkan kelembapan dan tekstur isi.,Generated suitability model; legacy scores preserved where confidently mapped.,2026-09-14T00:00:00Z
e173cf54-da6a-5794-a832-b08c58ce27b4,b749d650-2ed8-5256-b41a-403d8539f9d8,Kerepoh,Caranx sexfasciatus,a3e6684a-7b87-5713-8824-4b041845b02c,STEAM,Steam,Kukus,4,Gentle heat preserves moisture and suits the fish's texture.,Haba lembut membantu mengekalkan kelembapan dan tekstur isi.,Generated suitability model; legacy scores preserved where confidently mapped.,2026-09-14T00:00:00Z
be8cb245-936d-5f99-b9a8-6b0b734ee87f,491027d9-66f3-5dc7-a816-b9f560718b15,Kerisi,Nemipterus japiconus,a3e6684a-7b87-5713-8824-4b041845b02c,STEAM,Steam,Kukus,3,"Workable, though it is bony for steaming.","Boleh, tetapi banyak tulang untuk dikukus.",Generated suitability model; legacy scores preserved where confidently mapped.,2026-09-14T00:00:00Z
1393800d-f4ff-5694-a931-cea9b56283e5,5905d77c-5e2f-5df3-aca9-8c3c84ecb80e,Kikek,Leiognathus spp.,a3e6684a-7b87-5713-8824-4b041845b02c,STEAM,Steam,Kukus,2,Gentle heat preserves moisture and suits the fish's texture.,Haba lembut membantu mengekalkan kelembapan dan tekstur isi.,Generated suitability model; legacy scores preserved where confidently mapped.,2026-09-14T00:00:00Z
475ae40a-e70d-5ea0-8a10-e08d4639e63e,a7afdf3b-097a-50c1-854d-b6c35e17426c,Kunyit-kunyit,Lutjanus vitta,a3e6684a-7b87-5713-8824-4b041845b02c,STEAM,Steam,Kukus,3,Gentle heat preserves moisture and suits the fish's texture.,Haba lembut membantu mengekalkan kelembapan dan tekstur isi.,Generated suitability model; legacy scores preserved where confidently mapped.,2026-09-14T00:00:00Z
8e5883ab-c2e0-5a9f-bc36-8e330fa58942,b25c5956-4f70-52d4-9d3e-301769d3fccd,Kurau,Polydactylus plebeius,a3e6684a-7b87-5713-8824-4b041845b02c,STEAM,Steam,Kukus,4,Gentle heat preserves moisture and suits the fish's texture.,Haba lembut membantu mengekalkan kelembapan dan tekstur isi.,Generated suitability model; legacy scores preserved where confidently mapped.,2026-09-14T00:00:00Z
be4ebd77-0889-5e06-8759-df06d3a1ee8f,1e3a96db-c8de-5285-80e1-04fbe8a223a0,Mameng,Cheilinus undulatus,a3e6684a-7b87-5713-8824-4b041845b02c,STEAM,Steam,Kukus,5,Gentle heat preserves moisture and suits the fish's texture.,Haba lembut membantu mengekalkan kelembapan dan tekstur isi.,Generated suitability model; legacy scores preserved where confidently mapped.,2026-09-14T00:00:00Z
b379eeb1-c959-5121-a64a-02bdbf6d42b3,00d6e647-3535-529c-af4a-1124a011c515,Mata Besar / Lolong,Selar crumenophthalmus,a3e6684a-7b87-5713-8824-4b041845b02c,STEAM,Steam,Kukus,2,Gentle heat preserves moisture and suits the fish's texture.,Haba lembut membantu mengekalkan kelembapan dan tekstur isi.,Generated suitability model; legacy scores preserved where confidently mapped.,2026-09-14T00:00:00Z
bb880256-2945-57f9-aa97-7897d89d64ce,328c8499-23b4-5be7-87f3-7688e88bd6ff,Parang,Chirocentrus dorab,a3e6684a-7b87-5713-8824-4b041845b02c,STEAM,Steam,Kukus,3,Gentle heat preserves moisture and suits the fish's texture.,Haba lembut membantu mengekalkan kelembapan dan tekstur isi.,Generated suitability model; legacy scores preserved where confidently mapped.,2026-09-14T00:00:00Z
0a51f55c-f73f-599f-b43d-2a4cef22a3f6,49ae87d7-0fbc-50bf-b4c6-aa04d00ef64d,Pari,Chondrichthyes,a3e6684a-7b87-5713-8824-4b041845b02c,STEAM,Steam,Kukus,2,Gentle heat preserves moisture and suits the fish's texture.,Haba lembut membantu mengekalkan kelembapan dan tekstur isi.,Generated suitability model; legacy scores preserved where confidently mapped.,2026-09-14T00:00:00Z
8896e20a-f392-54c7-b117-aae546da9e77,04bcdb32-1d9e-5df1-a1e1-cb0a44c11f8d,Patin,Pangasius bocourti,a3e6684a-7b87-5713-8824-4b041845b02c,STEAM,Steam,Kukus,3,Gentle heat preserves moisture and suits the fish's texture.,Haba lembut membantu mengekalkan kelembapan dan tekstur isi.,Generated suitability model; legacy scores preserved where confidently mapped.,2026-09-14T00:00:00Z
9046087a-5370-5517-9318-48dee4b7a85f,7ad367a0-4776-5bf1-871b-f6d081d9ffb8,Pelata,Alepes melanoptera,a3e6684a-7b87-5713-8824-4b041845b02c,STEAM,Steam,Kukus,2,Gentle heat preserves moisture and suits the fish's texture.,Haba lembut membantu mengekalkan kelembapan dan tekstur isi.,Generated suitability model; legacy scores preserved where confidently mapped.,2026-09-14T00:00:00Z
9fe2e084-e01b-5f0e-9085-a55628ae668d,8e3ee730-084d-5713-ab32-8fa7fca349d5,Selar Kuning,Selaroides leptolepis,a3e6684a-7b87-5713-8824-4b041845b02c,STEAM,Steam,Kukus,2,Too small and too strongly flavoured to steam well.,Terlalu kecil dan rasanya terlalu kuat untuk dikukus.,Generated suitability model; legacy scores preserved where confidently mapped.,2026-09-14T00:00:00Z
2b3f2aad-7e76-5d31-bf1f-6055410accd2,c4295eb1-33e4-540f-818c-cd55b1efa472,Siakap Merah,Lutjanus argentimaculatus,a3e6684a-7b87-5713-8824-4b041845b02c,STEAM,Steam,Kukus,5,Gentle heat preserves moisture and suits the fish's texture.,Haba lembut membantu mengekalkan kelembapan dan tekstur isi.,Generated suitability model; legacy scores preserved where confidently mapped.,2026-09-14T00:00:00Z
495a13f2-4d58-51dc-aad2-6879e83f1f53,b2059a7e-a8d7-5071-8fb7-1d7ca5a8af89,Siakap Putih,Lates calcarifer,a3e6684a-7b87-5713-8824-4b041845b02c,STEAM,Steam,Kukus,5,Gentle heat preserves moisture and suits the fish's texture.,Haba lembut membantu mengekalkan kelembapan dan tekstur isi.,Generated suitability model; legacy scores preserved where confidently mapped.,2026-09-14T00:00:00Z
68abb721-f876-5c4d-8183-3b93724139b7,222857e2-5cb3-5dd1-81b8-511c2b2c66b9,Tamban / Sardin,Spratelloides gracilis,a3e6684a-7b87-5713-8824-4b041845b02c,STEAM,Steam,Kukus,2,Gentle heat preserves moisture and suits the fish's texture.,Haba lembut membantu mengekalkan kelembapan dan tekstur isi.,Generated suitability model; legacy scores preserved where confidently mapped.,2026-09-14T00:00:00Z
026e1489-1734-539f-ad4a-267932b6b7de,adeb0c21-f1f0-5e00-99c8-fa72bb31126b,Tenggiri,Scomberomorus commerson,a3e6684a-7b87-5713-8824-4b041845b02c,STEAM,Steam,Kukus,2,Dense steaks turn dry and fibrous when steamed.,Kepingan padat menjadi kering dan berserabut apabila dikukus.,Generated suitability model; legacy scores preserved where confidently mapped.,2026-09-14T00:00:00Z
fc65615d-68a6-517e-8634-cfbfaf745a3b,b3548e4a-87f5-5ba8-ba37-aa8e1b16a38b,Terubok,Tenualosa macrura,a3e6684a-7b87-5713-8824-4b041845b02c,STEAM,Steam,Kukus,3,Gentle heat preserves moisture and suits the fish's texture.,Haba lembut membantu mengekalkan kelembapan dan tekstur isi.,Generated suitability model; legacy scores preserved where confidently mapped.,2026-09-14T00:00:00Z
125b0b90-8d8e-530c-82d1-9250c1cf05a8,df8617d0-acd5-526d-a23b-14562c190322,Tilapia,Oreochromis Niloticus,a3e6684a-7b87-5713-8824-4b041845b02c,STEAM,Steam,Kukus,3,"Fine steamed, but freshwater earthiness needs strong ginger.","Boleh dikukus, tetapi bau tanah air tawar perlu banyak halia.",Generated suitability model; legacy scores preserved where confidently mapped.,2026-09-14T00:00:00Z
5e7dffa7-3398-57ae-b00a-e6b04bceb9ce,cc120590-6ccb-526d-86ff-f90d604c6dd4,Tongkol,Thunnus tonggol,a3e6684a-7b87-5713-8824-4b041845b02c,STEAM,Steam,Kukus,2,Gentle heat preserves moisture and suits the fish's texture.,Haba lembut membantu mengekalkan kelembapan dan tekstur isi.,Generated suitability model; legacy scores preserved where confidently mapped.,2026-09-14T00:00:00Z
7e0c082c-34c5-5bf5-aeee-3c14a494f1b3,69219448-e83d-504c-9bec-3194f65be055,Tongkol Kurik,Euthynnus affinis,a3e6684a-7b87-5713-8824-4b041845b02c,STEAM,Steam,Kukus,2,Gentle heat preserves moisture and suits the fish's texture.,Haba lembut membantu mengekalkan kelembapan dan tekstur isi.,Generated suitability model; legacy scores preserved where confidently mapped.,2026-09-14T00:00:00Z
29e69ba9-c21e-5753-819f-243ca4d97ecb,fb3f8f7f-74e3-5512-bf12-19970dc62d37,Tongkol Selasih,Auxis thazard,a3e6684a-7b87-5713-8824-4b041845b02c,STEAM,Steam,Kukus,2,Gentle heat preserves moisture and suits the fish's texture.,Haba lembut membantu mengekalkan kelembapan dan tekstur isi.,Generated suitability model; legacy scores preserved where confidently mapped.,2026-09-14T00:00:00Z
