image_id,class_code,class_label,scientific_name,domain,split,original_group_id,source,source_url,licence,licence_usable,attribution,local_path,sha256,notes
01696a0e-ab97-40b1-b84e-e54856367875,SF001,Kembung / Pelaling,Rastrelliger kanagurta,WILD,train,e4eef75e1776e2c7,INATURALIST,https://www.inaturalist.org/observations/333584834,CC0,YES,no rights reserved,KEMBUNG/inaturalist/01696a0e-ab97-40b1-b84e-e54856367875.jpg,e4eef75e1776e2c70bd9b912f74b000052e0661be1051654823fa2affa22caf8,source=INATURALIST
01ba2c83-03a0-4771-8c2d-6e39535aef44,SF001,Kembung / Pelaling,Rastrelliger kanagurta,WILD,train,3002a42a76d2780d,INATURALIST,https://www.inaturalist.org/observations/319535797,CC-BY-NC,REVIEW,"(c) Marleen Schouten, some rights reserved (CC BY-NC)",KEMBUNG/inaturalist/01ba2c83-03a0-4771-8c2d-6e39535aef44.jpg,3002a42a76d2780dc1c219e2d4bade22293a564238df22dd7258dd7c0e48448e,source=INATURALIST; non-commercial licence
02094956-4a23-4237-8203-2d8c698c35ee,SF001,Kembung / Pelaling,Rastrelliger kanagurta,WILD,val,03d5133c9e3e0597,INATURALIST,https://www.inaturalist.org/observations/321783387,CC-BY-NC,REVIEW,"(c) yoline1984, some rights reserved (CC BY-NC)",KEMBUNG/inaturalist/02094956-4a23-4237-8203-2d8c698c35ee.jpg,03d5133c9e3e05979f022b5cb26dfc671cd62d4af740223b60940a4c43b9f1a7,source=INATURALIST; non-commercial licence
02d49abf-1886-4ca1-9c6e-55f428bc8dda,SF001,Kembung / Pelaling,Rastrelliger kanagurta,WILD,train,a5b6afb23fec6648,INATURALIST,https://www.inaturalist.org/observations/348307272,CC-BY-NC,REVIEW,"(c) TGriffin, some rights reserved (CC BY-NC)",KEMBUNG/inaturalist/02d49abf-1886-4ca1-9c6e-55f428bc8dda.jpg,a5b6afb23fec6648126e6696f1240c1f5647b10db4118b7cba5860db7490e48d,source=INATURALIST; non-commercial licence
0376778f-3504-4bb9-8da2-f956b5195272,SF001,Kembung / Pelaling,Rastrelliger kanagurta,WILD,val,b414c1918c50e60f,INATURALIST,https://www.inaturalist.org/observations/319535739,CC-BY-NC,REVIEW,"(c) Marleen Schouten, some rights reserved (CC BY-NC)",KEMBUNG/inaturalist/0376778f-3504-4bb9-8da2-f956b5195272.jpg,b414c1918c50e60feb986454cc32579950e04a5e9a5450dcc39841c6c375006d,source=INATURALIST; non-commercial licence
03dc8693-b703-432a-b804-0dde3a1bbf7a,SF001,Kembung / Pelaling,Rastrelliger kanagurta,WILD,train,c5a556ddd9c6c098,GBIF,https://www.inaturalist.org/observations/271177090,CC-BY-NC,REVIEW,davidbeo,KEMBUNG/gbif/03dc8693-b703-432a-b804-0dde3a1bbf7a.jpg,c5a556ddd9c6c0983491daf18844dca6dbd00935e5d50060f94a13ec7bd77ba9,source=GBIF; non-commercial licence
03f4f23b-bc1f-47d7-ad07-f304d67ebeee,SF001,Kembung / Pelaling,Rastrelliger kanagurta,WILD,train,827cedc3bb7bc4a9,GBIF,https://www.inaturalist.org/observations/266825787,CC-BY-NC,REVIEW,babie_goblin,KEMBUNG/gbif/03f4f23b-bc1f-47d7-ad07-f304d67ebeee.jpg,827cedc3bb7bc4a908a485ed102ba2fa8716f13b17aa9d4c1558876df68c8557,source=GBIF; non-commercial licence
0660bcb1-4d54-4daf-bcc0-9dc108d96887,SF001,Kembung / Pelaling,Rastrelliger kanagurta,WILD,val,e1606eac64ef1a4b,INATURALIST,https://www.inaturalist.org/observations/325067794,CC-BY-NC,REVIEW,"(c) craigjhowe, some rights reserved (CC BY-NC)",KEMBUNG/inaturalist/0660bcb1-4d54-4daf-bcc0-9dc108d96887.jpg,e1606eac64ef1a4baa9a60b9e11b04393c6e30cf57c8206533fa9aec70f9b9ac,source=INATURALIST; non-commercial licence
067c4428-340e-452e-b574-c779b6220eec,SF001,Kembung / Pelaling,Rastrelliger kanagurta,WILD,train,57d74e394cf63d65,INATURALIST,https://www.inaturalist.org/observations/319535797,CC-BY-NC,REVIEW,"(c) Marleen Schouten, some rights reserved (CC BY-NC)",KEMBUNG/inaturalist/067c4428-340e-452e-b574-c779b6220eec.jpg,57d74e394cf63d650caf3f5e3fb55d931c6ba0091f538db94bd77f3d500c5f2a,source=INATURALIST; non-commercial licence
06a8f345-b5f0-4f39-b4f5-ef447fb8ca65,SF001,Kembung / Pelaling,Rastrelliger kanagurta,WILD,val,ef5e2a7ab4b97d5a,WIKIMEDIA_COMMONS,https://commons.wikimedia.org/wiki/File:Rastrelliger_kanagurta_Landaagiraavaru.JPG,CC-BY-SA,YES,The uploader on Wikimedia Commons received this from the author/copyright holder.,KEMBUNG/wikimedia_commons/06a8f345-b5f0-4f39-b4f5-ef447fb8ca65.jpg,ef5e2a7ab4b97d5aae43dbf35336633990327f75185c54afc383ced05c60d1fe,source=WIKIMEDIA_COMMONS; taxon_match=EXACT_CATEGORY
06dae0e5-69ad-44e7-9549-d99fd98480e6,SF001,Kembung / Pelaling,Rastrelliger kanagurta,WILD,train,0454425571ead3d0,INATURALIST,https://www.inaturalist.org/observations/393374384,CC-BY-NC,REVIEW,"(c) tanigakikeigou-ryukyu, some rights reserved (CC BY-NC)",KEMBUNG/inaturalist/06dae0e5-69ad-44e7-9549-d99fd98480e6.jpg,0454425571ead3d0e5d7100ee9cd56783394cd559a4a0350769a148c4ad3c971,source=INATURALIST; non-commercial licence
0774b97f-f512-4b44-88c7-8325d583ccfa,SF001,Kembung / Pelaling,Rastrelliger kanagurta,WILD,train,a9c3b1161cf2db67,GBIF,https://www.inaturalist.org/observations/348381510,CC-BY-NC,REVIEW,floris_heemskerk,KEMBUNG/gbif/0774b97f-f512-4b44-88c7-8325d583ccfa.jpg,a9c3b1161cf2db678cebcdcfa16684ac6673989c7c8732e303c3441405206569,source=GBIF; non-commercial licence
07b91244-f4eb-4708-913d-39bcd8dcd6bf,SF001,Kembung / Pelaling,Rastrelliger kanagurta,WILD,test_clean,90b2cca1dc29fc61,WIKIMEDIA_COMMONS,https://commons.wikimedia.org/wiki/File:Rastrelliger_kanagurta_JNC2855_with_colour_chart.JPG,CC-BY-SA,YES,Own work,KEMBUNG/wikimedia_commons/07b91244-f4eb-4708-913d-39bcd8dcd6bf.jpg,90b2cca1dc29fc6154c9fae0abe1a55508a5a7364b79d75988db5e78b73be268,source=WIKIMEDIA_COMMONS; taxon_match=EXACT_CATEGORY
0ac46553-12eb-454a-91a9-57d3f75a3fa0,SF001,Kembung / Pelaling,Rastrelliger kanagurta,WILD,train,773c97e2ee7c9eb6,GBIF,https://www.inaturalist.org/observations/365694886,CC-BY-NC,REVIEW,mimsa,KEMBUNG/gbif/0ac46553-12eb-454a-91a9-57d3f75a3fa0.jpg,773c97e2ee7c9eb6ec1f95ff017c850789066322e8827be6dc6e85ab2054630f,source=GBIF; non-commercial licence
0ceb402e-f7ff-479c-a005-b7cc25463ece,SF001,Kembung / Pelaling,Rastrelliger kanagurta,WILD,val,baec2342bfc6e888,GBIF,https://www.inaturalist.org/observations/261143498,CC-BY-NC,REVIEW,Luca Borghesio,KEMBUNG/gbif/0ceb402e-f7ff-479c-a005-b7cc25463ece.jpg,baec2342bfc6e888e9ad6da47a576e8b7ae5fdf3713cef45ac1968fee3857e5d,source=GBIF; non-commercial licence
0d0d7e41-1b6b-49da-8406-e411c61af9cf,SF001,Kembung / Pelaling,Rastrelliger kanagurta,WILD,val,95174eb89869a62b,WIKIMEDIA_COMMONS,https://commons.wikimedia.org/wiki/File:Ayala_fry_01a.jpg,CC-BY-SA,YES,Own work,KEMBUNG/wikimedia_commons/0d0d7e41-1b6b-49da-8406-e411c61af9cf.jpg,95174eb89869a62b73f71c4da27e373924bb876f8aeb8a69e363fe3727357d8a,source=WIKIMEDIA_COMMONS; taxon_match=EXACT_CATEGORY
0d3ff28f-7cf6-40eb-a9bd-5aa09299258d,SF001,Kembung / Pelaling,Rastrelliger kanagurta,WILD,train,10b6e1561d3a2a26,INATURALIST,https://www.inaturalist.org/observations/393325021,CC-BY-NC,REVIEW,"(c) Jon Aull, some rights reserved (CC BY-NC)",KEMBUNG/inaturalist/0d3ff28f-7cf6-40eb-a9bd-5aa09299258d.jpg,10b6e1561d3a2a26aded0d89f14fdf46836f663196feb9fbcfaa87b5f4e6bc08,source=INATURALIST; non-commercial licence
0d99b12e-b9ec-47e0-b32b-eb9e946bb117,SF001,Kembung / Pelaling,Rastrelliger kanagurta,WILD,train,e93d28d87981eadc,GBIF,https://www.inaturalist.org/observations/338222587,CC-BY-NC,REVIEW,emajorova,KEMBUNG/gbif/0d99b12e-b9ec-47e0-b32b-eb9e946bb117.jpg,e93d28d87981eadc4d4030b3e45925e19d8e5ac4bb6dfd44148f6bc8e914ac17,source=GBIF; non-commercial licence
0ee6bcd9-0598-42d2-ac14-4d5a78da1536,SF001,Kembung / Pelaling,Rastrelliger kanagurta,WILD,train,766898930928c670,WIKIMEDIA_COMMONS,"https://commons.wikimedia.org/wiki/File:%D0%AE%D0%B6%D0%BD%D0%BE%D0%B0%D0%B7%D0%B8%D0%B0%D1%82%D1%81%D0%BA%D0%B0%D1%8F_%D1%81%D0%BA%D1%83%D0%BC%D0%B1%D1%80%D0%B8%D1%8F._Makrele._Indian_mackerel,_mackerel_DSCF9642%D0%92%D0%95.jpg",CC-BY-SA,YES,Own work,KEMBUNG/wikimedia_commons/0ee6bcd9-0598-42d2-ac14-4d5a78da1536.jpg,766898930928c670767f895c821a13990f4d5a03432bf16e85f584e2945efc79,source=WIKIMEDIA_COMMONS; taxon_match=EXACT_CATEGORY
10fe5a1c-302c-401f-93fc-60dde7fe7c2b,SF001,Kembung / Pelaling,Rastrelliger kanagurta,WILD,train,603955ce0073cd88,INATURALIST,https://www.inaturalist.org/observations/319535739,CC-BY-NC,REVIEW,"(c) Marleen Schouten, some rights reserved (CC BY-NC)",KEMBUNG/inaturalist/10fe5a1c-302c-401f-93fc-60dde7fe7c2b.jpg,603955ce0073cd889da7215c31a4f8f37802cdf67240d5e901a413266c751ec7,source=INATURALIST; non-commercial licence
1118c534-929c-46e9-af46-4ec37259426c,SF001,Kembung / Pelaling,Rastrelliger kanagurta,WILD,train,91c101fa98a08b75,INATURALIST,https://www.inaturalist.org/observations/333251281,CC-BY-NC-SA,REVIEW,"(c) Vivek.N.Rathod, some rights reserved (CC BY-NC-SA)",KEMBUNG/inaturalist/1118c534-929c-46e9-af46-4ec37259426c.jpg,91c101fa98a08b75750d398496b94181912ebef87b6d9fbc2f7fa79babb6f004,source=INATURALIST; non-commercial licence
13150bac-e49b-4ba7-8c44-38e77a49d95b,SF001,Kembung / Pelaling,Rastrelliger kanagurta,WILD,train,e274f3bb4bfdaf69,INATURALIST,https://www.inaturalist.org/observations/391702078,CC-BY-NC,REVIEW,"(c) Clive, some rights reserved (CC BY-NC)",KEMBUNG/inaturalist/13150bac-e49b-4ba7-8c44-38e77a49d95b.jpg,e274f3bb4bfdaf696f661dc0cc775df5a51a375850ef685093ecce8dcbc53a37,source=INATURALIST; non-commercial licence
13486a2d-5bc3-4daf-914b-c913759db647,SF001,Kembung / Pelaling,Rastrelliger kanagurta,WILD,train,5529bbd5ce029ce2,INATURALIST,https://www.inaturalist.org/observations/357810910,CC-BY-NC,REVIEW,"(c) afguemas, some rights reserved (CC BY-NC)",KEMBUNG/inaturalist/13486a2d-5bc3-4daf-914b-c913759db647.jpg,5529bbd5ce029ce243e0c1946d29f094101008eb2079b562b55dcc14db08ed37,source=INATURALIST; non-commercial licence
13de947d-b6ef-4f2a-8133-b25dee383c64,SF001,Kembung / Pelaling,Rastrelliger kanagurta,WILD,train,593f3b53c3e00814,INATURALIST,https://www.inaturalist.org/observations/345091929,CC-BY-NC,REVIEW,"(c) Dr Cleeve Robertson, some rights reserved (CC BY-NC)",KEMBUNG/inaturalist/13de947d-b6ef-4f2a-8133-b25dee383c64.jpg,593f3b53c3e00814b3ac24ea4e787a841241a63f99039a521d90301b8375fd2b,source=INATURALIST; non-commercial licence
13f39cbb-b4f7-449d-878b-acc72094dacd,SF001,Kembung / Pelaling,Rastrelliger kanagurta,WILD,test_clean,1facfcbd043f670f,INATURALIST,https://www.inaturalist.org/observations/325067794,CC-BY-NC,REVIEW,"(c) craigjhowe, some rights reserved (CC BY-NC)",KEMBUNG/inaturalist/13f39cbb-b4f7-449d-878b-acc72094dacd.jpg,1facfcbd043f670fa097b96acb2d14e7454f8302a57a1b64923c534519e27743,source=INATURALIST; non-commercial licence
15667c27-6269-4a3d-a72b-b304e1c34949,SF001,Kembung / Pelaling,Rastrelliger kanagurta,WILD,train,475c1bad5a62c473,GBIF,https://www.inaturalist.org/observations/261373923,CC-BY-NC,REVIEW,Luis P. B.,KEMBUNG/gbif/15667c27-6269-4a3d-a72b-b304e1c34949.jpg,475c1bad5a62c473aff8276a5bbae4abb579ed820b043841aee496bf75969594,source=GBIF; non-commercial licence
1576988c-2022-4c89-bdb9-d2e176b6bf2a,SF001,Kembung / Pelaling,Rastrelliger kanagurta,WILD,val,9626968217464f5b,GBIF,https://www.inaturalist.org/observations/279314766,CC-BY-NC,REVIEW,Tom Heijnen,KEMBUNG/gbif/1576988c-2022-4c89-bdb9-d2e176b6bf2a.jpg,9626968217464f5bad42f4187d360ccf615ab6afc17d6bd00b598870aebbd8f2,source=GBIF; non-commercial licence
170312c3-ab12-420a-8349-086e34a9d4ac,SF001,Kembung / Pelaling,Rastrelliger kanagurta,WILD,train,08e567a82587dfe4,GBIF,https://www.inaturalist.org/observations/268978578,CC-BY,YES,Jan Ebr & Ivana Ebrová,KEMBUNG/gbif/170312c3-ab12-420a-8349-086e34a9d4ac.jpg,08e567a82587dfe4f4426a56af224a9ceff16dab6ddac56e3ed6ffe823383b57,source=GBIF
1808ecec-1f5f-4a9e-a972-e0ee80db03ea,SF001,Kembung / Pelaling,Rastrelliger kanagurta,WILD,val,ac434982d8042f7e,INATURALIST,https://www.inaturalist.org/observations/361085599,CC0,YES,no rights reserved,KEMBUNG/inaturalist/1808ecec-1f5f-4a9e-a972-e0ee80db03ea.jpg,ac434982d8042f7e2fa8eca6fa1538b2283c38e063f5290c2021e06840cbd6a7,source=INATURALIST
186ac0d1-d41a-424a-89b1-85ba4a065bb1,SF001,Kembung / Pelaling,Rastrelliger kanagurta,WILD,train,24cd024897d6f918,INATURALIST,https://www.inaturalist.org/observations/337400795,CC-BY-NC,REVIEW,"(c) Ocyrhoe, some rights reserved (CC BY-NC)",KEMBUNG/inaturalist/186ac0d1-d41a-424a-89b1-85ba4a065bb1.jpg,24cd024897d6f918e6f6bc289f7bbaf2a801c45b54100c644095615ab891bdc2,source=INATURALIST; non-commercial licence
19e304d7-0f87-4507-8adb-659b09a44f85,SF001,Kembung / Pelaling,Rastrelliger kanagurta,WILD,train,f41409d43c15e922,GBIF,https://www.inaturalist.org/observations/268255111,CC-BY-NC,REVIEW,Kobus Lubbe,KEMBUNG/gbif/19e304d7-0f87-4507-8adb-659b09a44f85.jpg,f41409d43c15e922493901acfd3ad1cf93136a1b6b3762ea0a4d0d977e1823ba,source=GBIF; non-commercial licence
1a1bb0b4-4a77-4d0a-897b-352a7a5dbb82,SF001,Kembung / Pelaling,Rastrelliger kanagurta,WILD,train,6245a33ddc1439c5,INATURALIST,https://www.inaturalist.org/observations/328625319,CC-BY-NC,REVIEW,"(c) Michael Verdirame, some rights reserved (CC BY-NC)",KEMBUNG/inaturalist/1a1bb0b4-4a77-4d0a-897b-352a7a5dbb82.jpg,6245a33ddc1439c5b679b7f1975e962da567002f286243db5d14861509361796,source=INATURALIST; non-commercial licence
1c1320d5-b5db-41cd-8d1f-f009f444b5df,SF001,Kembung / Pelaling,Rastrelliger kanagurta,WILD,train,1424c9a744f64e9d,GBIF,https://www.inaturalist.org/observations/260642333,CC-BY-NC,REVIEW,trenneka,KEMBUNG/gbif/1c1320d5-b5db-41cd-8d1f-f009f444b5df.jpg,1424c9a744f64e9dc86971e340a0f972142ef489ce57aa8be94195e180751fc8,source=GBIF; non-commercial licence
1c420a14-ba72-48b2-bdc0-90e0d2b71810,SF001,Kembung / Pelaling,Rastrelliger kanagurta,WILD,test_clean,d2a9211e09fa6742,WIKIMEDIA_COMMONS,https://commons.wikimedia.org/wiki/File:%D0%AE%D0%B6%D0%BD%D0%BE%D0%B0%D0%B7%D0%B8%D0%B0%D1%82%D1%81%D0%BA%D0%B0%D1%8F_%D1%81%D0%BA%D1%83%D0%BC%D0%B1%D1%80%D0%B8%D1%8F_(Rastrelliger_kanagurta)._Makrele._Indian_mackerel_DSCF0880WI.jpg,CC-BY-SA,YES,Own work,KEMBUNG/wikimedia_commons/1c420a14-ba72-48b2-bdc0-90e0d2b71810.jpg,d2a9211e09fa67424419a9fb95b98c83dba6e799731b02d2a326f389ea9797ee,source=WIKIMEDIA_COMMONS; taxon_match=EXACT_CATEGORY
1d626cdd-926e-4f1d-8624-b0aa3bee1296,SF001,Kembung / Pelaling,Rastrelliger kanagurta,WILD,train,dee8e53d87434303,GBIF,https://www.inaturalist.org/observations/258934793,CC-BY-NC,REVIEW,zeustour,KEMBUNG/gbif/1d626cdd-926e-4f1d-8624-b0aa3bee1296.jpg,dee8e53d8743430323f09540a073c2bea46fc35f55c234dfa9b6e7c7d57109ec,source=GBIF; non-commercial licence
1d7c2a66-900c-4df9-9583-f2167d56ad31,SF001,Kembung / Pelaling,Rastrelliger kanagurta,WILD,train,fa728cd32c0d4d29,INATURALIST,https://www.inaturalist.org/observations/331383538,CC-BY-NC,REVIEW,"(c) momaz, some rights reserved (CC BY-NC)",KEMBUNG/inaturalist/1d7c2a66-900c-4df9-9583-f2167d56ad31.jpg,fa728cd32c0d4d29213e8f1c9c5f739ba6091e742c72a183c4083d174afc22b2,source=INATURALIST; non-commercial licence
1f036c49-ad8f-41b3-9308-b663afc5869e,SF001,Kembung / Pelaling,Rastrelliger kanagurta,WILD,train,be696a13e41282af,GBIF,https://www.inaturalist.org/observations/264122889,CC-BY,YES,Darren Obbard,KEMBUNG/gbif/1f036c49-ad8f-41b3-9308-b663afc5869e.jpg,be696a13e41282af3303e8ebaf8d2aff6a03ad57221d42e7f03a6dfe95ae5400,source=GBIF
1f422d0f-9f3b-4519-a8a6-61b854d8dfb2,SF001,Kembung / Pelaling,Rastrelliger kanagurta,WILD,train,fb2cb57b6bdd4c04,GBIF,https://www.inaturalist.org/observations/263072769,CC-BY-NC,REVIEW,David Bygott,KEMBUNG/gbif/1f422d0f-9f3b-4519-a8a6-61b854d8dfb2.jpg,fb2cb57b6bdd4c0463386d017355f0e8c0eb9c63d2d032b57d4796d44d8e5175,source=GBIF; non-commercial licence
200603be-3c03-496d-952c-024472f0aae5,SF001,Kembung / Pelaling,Rastrelliger kanagurta,WILD,train,a12d47c6d0765a5e,INATURALIST,https://www.inaturalist.org/observations/336037669,CC-BY,YES,"(c) Ashwin A, some rights reserved (CC BY)",KEMBUNG/inaturalist/200603be-3c03-496d-952c-024472f0aae5.jpg,a12d47c6d0765a5e2b8d54941adf01150d4a500135feed6950affe5a804413fc,source=INATURALIST
201651f8-2fc4-4c58-9b58-441f1fa579a5,SF001,Kembung / Pelaling,Rastrelliger kanagurta,WILD,test_clean,9e5567ed429a7f19,GBIF,https://www.inaturalist.org/observations/258790340,CC-BY-NC,REVIEW,Jiayuan Lin,KEMBUNG/gbif/201651f8-2fc4-4c58-9b58-441f1fa579a5.jpg,9e5567ed429a7f19176c3ce2a29101fd75f052b88a262597b7898ead2fdd1357,source=GBIF; non-commercial licence
21db7513-ea72-4bdb-8f67-eb47f3be236b,SF001,Kembung / Pelaling,Rastrelliger kanagurta,WILD,train,3bfaf705a248a705,INATURALIST,https://www.inaturalist.org/observations/373592962,CC-BY,YES,"(c) 呂一起(Lyu yi-chi), some rights reserved (CC BY)",KEMBUNG/inaturalist/21db7513-ea72-4bdb-8f67-eb47f3be236b.jpg,3bfaf705a248a7053a0e407a8f238f2b3b6326bea15799a87d54f481f729a85a,source=INATURALIST
21fb15b6-5a04-430f-85f5-4c176de9358b,SF001,Kembung / Pelaling,Rastrelliger kanagurta,WILD,train,d57bc8f4a514f903,INATURALIST,https://www.inaturalist.org/observations/340901485,CC-BY-NC,REVIEW,"(c) momaz, some rights reserved (CC BY-NC)",KEMBUNG/inaturalist/21fb15b6-5a04-430f-85f5-4c176de9358b.jpg,d57bc8f4a514f90356f21a2692936e9573f19a32ddc548f5d9689c78aaac4ba6,source=INATURALIST; non-commercial licence
21ff3455-bd05-41fd-8565-c9ab3400657f,SF001,Kembung / Pelaling,Rastrelliger kanagurta,WILD,train,e5ba9f06ef7c6c14,INATURALIST,https://www.inaturalist.org/observations/319600448,CC-BY-NC,REVIEW,"(c) Marleen Schouten, some rights reserved (CC BY-NC)",KEMBUNG/inaturalist/21ff3455-bd05-41fd-8565-c9ab3400657f.jpg,e5ba9f06ef7c6c14111c3fca9a0200d33dd4460164f31ec2ba0e19c934783e65,source=INATURALIST; non-commercial licence
2200b6f8-90c4-435e-b431-3c64dc182177,SF001,Kembung / Pelaling,Rastrelliger kanagurta,WILD,test_clean,c496e631eef0068f,INATURALIST,https://www.inaturalist.org/observations/381572659,CC-BY-NC,REVIEW,"(c) Nurhafizh Sri Albarra, some rights reserved (CC BY-NC)",KEMBUNG/inaturalist/2200b6f8-90c4-435e-b431-3c64dc182177.jpg,c496e631eef0068f368a724c3335d81432098e39af6be4ffdb434d7449947ee6,source=INATURALIST; non-commercial licence
2442b617-55ed-41d5-ba6b-13a9f03dcc0f,SF001,Kembung / Pelaling,Rastrelliger kanagurta,WILD,train,9a99685defa989a2,WIKIMEDIA_COMMONS,https://commons.wikimedia.org/wiki/File:Ayala_fry_01cut_raw_fish.jpg,CC-BY-SA,YES,Own work,KEMBUNG/wikimedia_commons/2442b617-55ed-41d5-ba6b-13a9f03dcc0f.jpg,9a99685defa989a279602e3f182384fbf2b48db3c02636b71e34e322c4be7a18,source=WIKIMEDIA_COMMONS; taxon_match=EXACT_CATEGORY
2609d9d7-6373-43e7-86fa-0a2e5d0ea4aa,SF001,Kembung / Pelaling,Rastrelliger kanagurta,WILD,train,383c5df798c173ab,INATURALIST,https://www.inaturalist.org/observations/319535797,CC-BY-NC,REVIEW,"(c) Marleen Schouten, some rights reserved (CC BY-NC)",KEMBUNG/inaturalist/2609d9d7-6373-43e7-86fa-0a2e5d0ea4aa.jpg,383c5df798c173ab7e5a605de9f673323684c9adacd9ccb26a150b36ab583443,source=INATURALIST; non-commercial licence
26be051c-6891-41d8-883a-a2d4d8f2d864,SF001,Kembung / Pelaling,Rastrelliger kanagurta,WILD,train,193eb8fadb412470,INATURALIST,https://www.inaturalist.org/observations/333919241,CC-BY-NC,REVIEW,"(c) Tony Strazzari, some rights reserved (CC BY-NC)",KEMBUNG/inaturalist/26be051c-6891-41d8-883a-a2d4d8f2d864.jpg,193eb8fadb41247018864918b7d70d5f660dddd0bbeccab75d26369e6574a695,source=INATURALIST; non-commercial licence
270abf8b-a709-4fb7-aa19-69bc3b3dc646,SF001,Kembung / Pelaling,Rastrelliger kanagurta,WILD,test_clean,e2f3065393835ccf,INATURALIST,https://www.inaturalist.org/observations/341483563,CC-BY-NC,REVIEW,"(c) momaz, some rights reserved (CC BY-NC)",KEMBUNG/inaturalist/270abf8b-a709-4fb7-aa19-69bc3b3dc646.jpg,e2f3065393835ccf20b37a891aa9e60bb11c312f90135e07caf016a0cf0ba80b,source=INATURALIST; non-commercial licence
27886d2f-0907-4d8d-964b-bdd0e22620f3,SF001,Kembung / Pelaling,Rastrelliger kanagurta,WILD,val,abdf8e383cd5adce,GBIF,https://www.inaturalist.org/observations/265413453,CC-BY-NC,REVIEW,Radim J. Vašut,KEMBUNG/gbif/27886d2f-0907-4d8d-964b-bdd0e22620f3.jpg,abdf8e383cd5adce5f7ddf98da7ac22f6bbbd543cb2711adaa78453b4f3fe3a6,source=GBIF; non-commercial licence
280d7319-f685-46c6-a0fb-225fb4d86ed3,SF001,Kembung / Pelaling,Rastrelliger kanagurta,WILD,train,4d616eb8af8f4e4a,INATURALIST,https://www.inaturalist.org/observations/331372655,CC-BY-NC,REVIEW,"(c) Terry Farr, some rights reserved (CC BY-NC)",KEMBUNG/inaturalist/280d7319-f685-46c6-a0fb-225fb4d86ed3.jpg,4d616eb8af8f4e4a6302f296d7a799005b7cbb8e43386792870c4e76ee66bd25,source=INATURALIST; non-commercial licence
29d603f1-1339-4ac8-8393-c1be344b77ce,SF001,Kembung / Pelaling,Rastrelliger kanagurta,WILD,train,7f2edf237e1c2f2d,GBIF,https://www.inaturalist.org/observations/263589729,CC-BY-NC,REVIEW,afguemas,KEMBUNG/gbif/29d603f1-1339-4ac8-8393-c1be344b77ce.jpg,7f2edf237e1c2f2d68cf08b377871125475871f0b7866ca07edadd7ceddff565,source=GBIF; non-commercial licence
2a98c58c-bd84-46d6-b892-dd261d5739e7,SF001,Kembung / Pelaling,Rastrelliger kanagurta,WILD,train,b176749d7b1d1140,GBIF,https://www.inaturalist.org/observations/384038417,CC-BY-NC,REVIEW,schafhoernle,KEMBUNG/gbif/2a98c58c-bd84-46d6-b892-dd261d5739e7.jpg,b176749d7b1d1140cb7872f4e00559207f93c03959790202c6e831f5a3e0b0a1,source=GBIF; non-commercial licence
2d53156c-d115-40cd-ba04-f33d7a7e9b42,SF001,Kembung / Pelaling,Rastrelliger kanagurta,WILD,test_clean,1daa0e21eb22531d,INATURALIST,https://www.inaturalist.org/observations/332153047,CC-BY,YES,"(c) Nick Tobler (Cowturtle), some rights reserved (CC BY)",KEMBUNG/inaturalist/2d53156c-d115-40cd-ba04-f33d7a7e9b42.jpg,1daa0e21eb22531db5a5cc63ffdba28e496167ed130309cb4debb40e71bfdd5b,source=INATURALIST
2ddb0556-8090-4c51-bc55-3b23283f9326,SF001,Kembung / Pelaling,Rastrelliger kanagurta,WILD,train,962fb91650ff9caa,INATURALIST,https://www.inaturalist.org/observations/319535797,CC-BY-NC,REVIEW,"(c) Marleen Schouten, some rights reserved (CC BY-NC)",KEMBUNG/inaturalist/2ddb0556-8090-4c51-bc55-3b23283f9326.jpg,962fb91650ff9caad84e57bc4879f6d7c74de1b1bfa083e97a7ce445c3d6b11a,source=INATURALIST; non-commercial licence
2f6fbf00-ce53-4f94-87d9-b1e0a49d5be1,SF001,Kembung / Pelaling,Rastrelliger kanagurta,WILD,val,baf1fe3ba72c5c1d,INATURALIST,https://www.inaturalist.org/observations/375393040,CC-BY-NC,REVIEW,"(c) Wayne and Pam Osborn, some rights reserved (CC BY-NC)",KEMBUNG/inaturalist/2f6fbf00-ce53-4f94-87d9-b1e0a49d5be1.jpg,baf1fe3ba72c5c1df5da307a3e044e5ccb01bd2946bf61602049d061b2d43d14,source=INATURALIST; non-commercial licence
302bc971-8782-463d-871b-d68df78faf2f,SF001,Kembung / Pelaling,Rastrelliger kanagurta,WILD,train,7cfdf6356f849b73,INATURALIST,https://www.inaturalist.org/observations/329815846,CC-BY-NC,REVIEW,"(c) Sylvain Le Bris, some rights reserved (CC BY-NC)",KEMBUNG/inaturalist/302bc971-8782-463d-871b-d68df78faf2f.jpg,7cfdf6356f849b7390d3c39144feb931684af7e1a9833d1916f7ea153a407250,source=INATURALIST; non-commercial licence
31e1fcd7-9617-41b6-a002-4136884aa1f5,SF001,Kembung / Pelaling,Rastrelliger kanagurta,WILD,train,333f45f1c87c0c02,GBIF,https://www.inaturalist.org/observations/258097580,CC-BY-NC,REVIEW,brock,KEMBUNG/gbif/31e1fcd7-9617-41b6-a002-4136884aa1f5.jpg,333f45f1c87c0c02d967a797dbe6b89f71176901fcb1c601db48f401290c424a,source=GBIF; non-commercial licence
31ea6ec7-ad76-46ce-89d4-c682077bf540,SF001,Kembung / Pelaling,Rastrelliger kanagurta,WILD,val,aec6012886ae2566,INATURALIST,https://www.inaturalist.org/observations/319535797,CC-BY-NC,REVIEW,"(c) Marleen Schouten, some rights reserved (CC BY-NC)",KEMBUNG/inaturalist/31ea6ec7-ad76-46ce-89d4-c682077bf540.jpg,aec6012886ae25669db7170f8780eb0385bd78bbcad3efce8a2b6cfcc7a39b51,source=INATURALIST; non-commercial licence
31ffaee0-dc3b-453a-b148-38eb59b125a3,SF001,Kembung / Pelaling,Rastrelliger kanagurta,WILD,train,1f98e3722319ea42,GBIF,https://www.inaturalist.org/observations/263072769,CC-BY-NC,REVIEW,David Bygott,KEMBUNG/gbif/31ffaee0-dc3b-453a-b148-38eb59b125a3.jpg,1f98e3722319ea429866c9165d7852611d370711ad74baab45307487f48150aa,source=GBIF; non-commercial licence
32a3f16b-acbd-4b82-ab9d-7f6b47780056,SF001,Kembung / Pelaling,Rastrelliger kanagurta,WILD,val,790af66afdad62da,INATURALIST,https://www.inaturalist.org/observations/334448066,CC-BY-NC,REVIEW,"(c) Nicolò Palumbo, some rights reserved (CC BY-NC)",KEMBUNG/inaturalist/32a3f16b-acbd-4b82-ab9d-7f6b47780056.jpg,790af66afdad62dad9137abc0d024ea730d53b40597ce38be2939ea146578946,source=INATURALIST; non-commercial licence
3431da84-4120-4a97-9e67-c07dd21f5ef9,SF001,Kembung / Pelaling,Rastrelliger kanagurta,WILD,train,954bab2b2f88619f,INATURALIST,https://www.inaturalist.org/observations/347242896,CC-BY-NC,REVIEW,"(c) Josy Lai, some rights reserved (CC BY-NC)",KEMBUNG/inaturalist/3431da84-4120-4a97-9e67-c07dd21f5ef9.jpg,954bab2b2f88619f3923d06d7e250682b07ac1f5c3cb3897be99fac5212f04dd,source=INATURALIST; non-commercial licence
35122eaf-a7bf-45ee-9fb8-4f13779ff237,SF001,Kembung / Pelaling,Rastrelliger kanagurta,WILD,val,2c6498e0eea68428,GBIF,https://www.inaturalist.org/observations/271177090,CC-BY-NC,REVIEW,davidbeo,KEMBUNG/gbif/35122eaf-a7bf-45ee-9fb8-4f13779ff237.jpg,2c6498e0eea68428b5918da18d8e7cc298ef7cd839ecb1d2b7e0ed8ddf61583a,source=GBIF; non-commercial licence
3990e062-5c5e-45f7-88b6-6edc54c3cfd7,SF001,Kembung / Pelaling,Rastrelliger kanagurta,WILD,train,92fe8745fa8b729a,INATURALIST,https://www.inaturalist.org/observations/392578714,CC-BY-NC,REVIEW,"(c) dream_play_connect, some rights reserved (CC BY-NC)",KEMBUNG/inaturalist/3990e062-5c5e-45f7-88b6-6edc54c3cfd7.jpg,92fe8745fa8b729ae59bf99a5eab6bffbb3bbbdc4943683c617375a7fa5b3b99,source=INATURALIST; non-commercial licence
3a780537-c89e-4b7c-b26a-9ddc5255970e,SF001,Kembung / Pelaling,Rastrelliger kanagurta,WILD,train,5daf999a97dcd37a,GBIF,https://www.inaturalist.org/observations/340296406,CC-BY-NC,REVIEW,Quentin Brunelle,KEMBUNG/gbif/3a780537-c89e-4b7c-b26a-9ddc5255970e.jpg,5daf999a97dcd37a87b90882be05d9f9f3a1839a0c8f8984ac17202312449105,source=GBIF; non-commercial licence
3b2302d0-ce94-4458-ad15-24ba4bbbf7e0,SF001,Kembung / Pelaling,Rastrelliger kanagurta,WILD,train,df0bfe18282ba0b2,GBIF,https://www.inaturalist.org/observations/262069037,CC-BY-NC,REVIEW,dhinakaran,KEMBUNG/gbif/3b2302d0-ce94-4458-ad15-24ba4bbbf7e0.jpg,df0bfe18282ba0b261827f3f5285f599002e5f9eceb1da6ef0700009feffc8e7,source=GBIF; non-commercial licence
3d278147-7bcd-4b86-b8d8-a06b766958f5,SF001,Kembung / Pelaling,Rastrelliger kanagurta,WILD,train,455fdfe1fc31f946,INATURALIST,https://www.inaturalist.org/observations/378268474,CC-BY-NC,REVIEW,"(c) jmelart, some rights reserved (CC BY-NC)",KEMBUNG/inaturalist/3d278147-7bcd-4b86-b8d8-a06b766958f5.jpg,455fdfe1fc31f9466901eb4f1992ef7f21c9b1c4e576db3e650b5ca86d90628d,source=INATURALIST; non-commercial licence
3e631a7c-667e-44e0-a653-5da7986c5ba6,SF001,Kembung / Pelaling,Rastrelliger kanagurta,WILD,val,f728fcf40f790adf,INATURALIST,https://www.inaturalist.org/observations/332153047,CC-BY,YES,"(c) Nick Tobler (Cowturtle), some rights reserved (CC BY)",KEMBUNG/inaturalist/3e631a7c-667e-44e0-a653-5da7986c5ba6.jpg,f728fcf40f790adf041b19dc6e69888c4c22f33ed35147b098b43cda5d5fd26a,source=INATURALIST
3f885189-e866-4e21-b0ab-4d7d97f54f86,SF001,Kembung / Pelaling,Rastrelliger kanagurta,WILD,train,314f8e2422388320,GBIF,https://www.inaturalist.org/observations/380958082,CC-BY-NC,REVIEW,Daniel Joaquin Aguirre Howes,KEMBUNG/gbif/3f885189-e866-4e21-b0ab-4d7d97f54f86.jpg,314f8e2422388320a3685897942679b5d1536032cb4e152fcf39718b6afc8dbf,source=GBIF; non-commercial licence
40341b0d-1c4d-4270-9fed-d56573a57b04,SF001,Kembung / Pelaling,Rastrelliger kanagurta,WILD,train,2e0d1c9b14eba957,GBIF,https://www.inaturalist.org/observations/268978578,CC-BY,YES,Jan Ebr & Ivana Ebrová,KEMBUNG/gbif/40341b0d-1c4d-4270-9fed-d56573a57b04.jpg,2e0d1c9b14eba957c385e4ff6f51d61cc43024d4e8974f2bc95fcbee86c228b0,source=GBIF
438cfd8e-413b-47e3-8200-8db6b350e868,SF001,Kembung / Pelaling,Rastrelliger kanagurta,WILD,test_clean,a6cb3dda162ed3c3,GBIF,https://www.inaturalist.org/observations/370730205,CC-BY-NC,REVIEW,Silke Hertel,KEMBUNG/gbif/438cfd8e-413b-47e3-8200-8db6b350e868.jpg,a6cb3dda162ed3c34ddda3c60e5fed33e87750c1e7ee6a26b9e064734f453c15,source=GBIF; non-commercial licence
44ba9b1c-aaf4-4df3-bddc-da90a4c30d8f,SF001,Kembung / Pelaling,Rastrelliger kanagurta,WILD,val,96d75c6d651971a9,GBIF,https://www.inaturalist.org/observations/260871914,CC-BY-NC,REVIEW,momaz,KEMBUNG/gbif/44ba9b1c-aaf4-4df3-bddc-da90a4c30d8f.jpg,96d75c6d651971a9a11b05e359526a379817c26f2006bafc6ab5f0356b214622,source=GBIF; non-commercial licence
454d1a7d-01bd-424f-8dde-21bcbb891c0b,SF001,Kembung / Pelaling,Rastrelliger kanagurta,WILD,train,83cf6a5d476c87d0,INATURALIST,https://www.inaturalist.org/observations/328162941,CC-BY-NC,REVIEW,"(c) cathylebouteiller, some rights reserved (CC BY-NC)",KEMBUNG/inaturalist/454d1a7d-01bd-424f-8dde-21bcbb891c0b.jpg,83cf6a5d476c87d0c5607ae14a10dff21220ee6408e89d12900ea31eea0d40f0,source=INATURALIST; non-commercial licence
45e58143-6c8a-43be-8380-ac92f2cf07dd,SF001,Kembung / Pelaling,Rastrelliger kanagurta,WILD,train,1c8c1da609166586,INATURALIST,https://www.inaturalist.org/observations/333584834,CC0,YES,no rights reserved,KEMBUNG/inaturalist/45e58143-6c8a-43be-8380-ac92f2cf07dd.jpg,1c8c1da6091665863e84eac71d73de657ac5efe3a3e12ccf60ea84370a8c007f,source=INATURALIST
4608f28c-688b-48c3-9f14-f890a5e9aae4,SF001,Kembung / Pelaling,Rastrelliger kanagurta,WILD,val,29b8d12782cb64bd,INATURALIST,https://www.inaturalist.org/observations/319535797,CC-BY-NC,REVIEW,"(c) Marleen Schouten, some rights reserved (CC BY-NC)",KEMBUNG/inaturalist/4608f28c-688b-48c3-9f14-f890a5e9aae4.jpg,29b8d12782cb64bd9492591af0ced5c1091f6259f6e3264a44fdc8073420db71,source=INATURALIST; non-commercial licence
47277a4f-d8e2-422d-883a-bfa078836c8e,SF001,Kembung / Pelaling,Rastrelliger kanagurta,WILD,train,a78237e01ee865e9,INATURALIST,https://www.inaturalist.org/observations/321888599,CC-BY-NC,REVIEW,"(c) mimsa, some rights reserved (CC BY-NC)",KEMBUNG/inaturalist/47277a4f-d8e2-422d-883a-bfa078836c8e.jpg,a78237e01ee865e9fbc40cfa077579758b68c1aed6e175e1e4a1952c1368122a,source=INATURALIST; non-commercial licence
47b91b9c-ea8a-4673-92e3-8fcdf8bba9d5,SF001,Kembung / Pelaling,Rastrelliger kanagurta,WILD,train,8d7aa032b94d3894,GBIF,https://www.inaturalist.org/observations/380958082,CC-BY-NC,REVIEW,Daniel Joaquin Aguirre Howes,KEMBUNG/gbif/47b91b9c-ea8a-4673-92e3-8fcdf8bba9d5.jpg,8d7aa032b94d3894c94cd19e04b47ec404766aa8e47939ac5698586c8355dc24,source=GBIF; non-commercial licence
484845cf-2a44-402c-873e-b555539eade5,SF001,Kembung / Pelaling,Rastrelliger kanagurta,WILD,train,b3576c56fc75e204,INATURALIST,https://www.inaturalist.org/observations/342634439,CC-BY,YES,"(c) Abdul Hanif Arromy, some rights reserved (CC BY)",KEMBUNG/inaturalist/484845cf-2a44-402c-873e-b555539eade5.jpg,b3576c56fc75e2048cf8c18cb26be1170ddf5b12d06374649cf2f8719aaf6ee6,source=INATURALIST
49da81b9-f0d9-42c7-9750-55dde0e3f4cf,SF001,Kembung / Pelaling,Rastrelliger kanagurta,WILD,test_clean,90c16d6e9017fa75,INATURALIST,https://www.inaturalist.org/observations/373592962,CC-BY,YES,"(c) 呂一起(Lyu yi-chi), some rights reserved (CC BY)",KEMBUNG/inaturalist/49da81b9-f0d9-42c7-9750-55dde0e3f4cf.jpg,90c16d6e9017fa750c1ac4c6517d0a63c69b3fc091f25a832a82e4067ca2e4d5,source=INATURALIST
4a1be05f-8234-4d74-bb60-3911da0e5bbd,SF001,Kembung / Pelaling,Rastrelliger kanagurta,WILD,train,76819f7cb85cbcab,INATURALIST,https://www.inaturalist.org/observations/325067794,CC-BY-NC,REVIEW,"(c) craigjhowe, some rights reserved (CC BY-NC)",KEMBUNG/inaturalist/4a1be05f-8234-4d74-bb60-3911da0e5bbd.jpg,76819f7cb85cbcab94a80d1c8b4089f0d6fe6b646ad009e7c8a94162af473b4c,source=INATURALIST; non-commercial licence
4b82e556-b133-4c33-afaa-6f02b286c4cc,SF001,Kembung / Pelaling,Rastrelliger kanagurta,WILD,train,8f97668af0ebf1c2,INATURALIST,https://www.inaturalist.org/observations/336037588,CC-BY,YES,"(c) Ashwin A, some rights reserved (CC BY)",KEMBUNG/inaturalist/4b82e556-b133-4c33-afaa-6f02b286c4cc.jpg,8f97668af0ebf1c29a42810b5f432f540159c1423309cd80f1ff815fa973d5b4,source=INATURALIST
4dd1ccd8-2067-4aba-92f7-4a9553bddc13,SF001,Kembung / Pelaling,Rastrelliger kanagurta,WILD,train,7b0f7e63ca095999,GBIF,https://www.inaturalist.org/observations/263358231,CC-BY-NC,REVIEW,momaz,KEMBUNG/gbif/4dd1ccd8-2067-4aba-92f7-4a9553bddc13.jpg,7b0f7e63ca095999dc628c2d218803234741e82ed7df7ec2d610520fefdef114,source=GBIF; non-commercial licence
5320a280-0d3c-41af-8f1e-a251d2dc95c6,SF001,Kembung / Pelaling,Rastrelliger kanagurta,WILD,val,65d5a7827d3b0e59,INATURALIST,https://www.inaturalist.org/observations/333249939,CC-BY-NC-SA,REVIEW,"(c) Vivek.N.Rathod, some rights reserved (CC BY-NC-SA)",KEMBUNG/inaturalist/5320a280-0d3c-41af-8f1e-a251d2dc95c6.jpg,65d5a7827d3b0e59a94bb54a5d4e4f2bd9851dc0b0f6343ab5c5b0dc5521804c,source=INATURALIST; non-commercial licence
53335bf3-1f0c-4dd6-8cb6-4ff6c6d32254,SF001,Kembung / Pelaling,Rastrelliger kanagurta,WILD,train,69903da4dd8f9aa6,FISH_VISTA,https://fishair.org/hdr-share/ftp/ark/89609/morphbank/gv08290x.jpeg,CC-BY-NC-SA,REVIEW,Morphbank,KEMBUNG/fish_vista/53335bf3-1f0c-4dd6-8cb6-4ff6c6d32254.jpg,69903da4dd8f9aa66c0628d2a7508ab648fb514328501f84e1348126e4341283,source=FISH_VISTA; non-commercial licence
53a8375b-a812-44ff-9cc0-9721e73b0316,SF001,Kembung / Pelaling,Rastrelliger kanagurta,WILD,test_clean,07506a5ebcdf918b,INATURALIST,https://www.inaturalist.org/observations/319535797,CC-BY-NC,REVIEW,"(c) Marleen Schouten, some rights reserved (CC BY-NC)",KEMBUNG/inaturalist/53a8375b-a812-44ff-9cc0-9721e73b0316.jpg,07506a5ebcdf918ba35e09758561e49fc5e30dbb1a8da155c4a08f500b97ada3,source=INATURALIST; non-commercial licence
59c39dba-8729-4da2-9956-5538cf911e66,SF001,Kembung / Pelaling,Rastrelliger kanagurta,WILD,train,1b3b4380a61c7ccb,INATURALIST,https://www.inaturalist.org/observations/334448066,CC-BY-NC,REVIEW,"(c) Nicolò Palumbo, some rights reserved (CC BY-NC)",KEMBUNG/inaturalist/59c39dba-8729-4da2-9956-5538cf911e66.jpg,1b3b4380a61c7ccb72add4876315a57fca1073318b55aba9458fe16c834e4c5c,source=INATURALIST; non-commercial licence
5ab0472d-db93-4bbe-a85e-216d310bdc58,SF001,Kembung / Pelaling,Rastrelliger kanagurta,WILD,train,7eb855e126b66a4a,GBIF,https://www.inaturalist.org/observations/271177090,CC-BY-NC,REVIEW,davidbeo,KEMBUNG/gbif/5ab0472d-db93-4bbe-a85e-216d310bdc58.jpg,7eb855e126b66a4aba2870531aa116c984193962a5c8f289f689a86a960c4518,source=GBIF; non-commercial licence
5cd48855-77c6-48b0-a6f3-ecb4bac9918d,SF001,Kembung / Pelaling,Rastrelliger kanagurta,WILD,train,7bf0670753f78240,GBIF,https://www.inaturalist.org/observations/271177090,CC-BY-NC,REVIEW,davidbeo,KEMBUNG/gbif/5cd48855-77c6-48b0-a6f3-ecb4bac9918d.jpg,7bf0670753f782400fc0c0249023cd4b4662c74bce0f358be7c253904b391bcf,source=GBIF; non-commercial licence
5d550f60-5962-4fbf-9177-e83f77e6459f,SF001,Kembung / Pelaling,Rastrelliger kanagurta,WILD,train,79fe1c87e6f76f57,GBIF,https://www.inaturalist.org/observations/264490827,CC-BY,YES,Darren Obbard,KEMBUNG/gbif/5d550f60-5962-4fbf-9177-e83f77e6459f.jpg,79fe1c87e6f76f57dec3a951e9f6f54f08fe4ccd397e17e5fbc4e4d8634cf911,source=GBIF
5f26f262-0201-45db-8405-b609e86b27ae,SF001,Kembung / Pelaling,Rastrelliger kanagurta,WILD,train,8bd88eeec7657ec8,INATURALIST,https://www.inaturalist.org/observations/390184123,CC-BY-NC,REVIEW,"(c) Niran Anurakpongsathorn, some rights reserved (CC BY-NC)",KEMBUNG/inaturalist/5f26f262-0201-45db-8405-b609e86b27ae.jpg,8bd88eeec7657ec84f714cc92f4fbd06801bf3a84661cce68569b24dd4adb063,source=INATURALIST; non-commercial licence
5f9a20a6-504b-4109-a22e-5cb34b823db2,SF001,Kembung / Pelaling,Rastrelliger kanagurta,WILD,val,94954c385620f1b7,INATURALIST,https://www.inaturalist.org/observations/372981753,CC-BY,YES,"(c) 呂一起(Lyu yi-chi), some rights reserved (CC BY)",KEMBUNG/inaturalist/5f9a20a6-504b-4109-a22e-5cb34b823db2.jpg,94954c385620f1b78544416f481a8353d4e1ca1924b988640822148bb5423a28,source=INATURALIST
612c6ffc-b8b2-44a3-938e-2f25907caa65,SF001,Kembung / Pelaling,Rastrelliger kanagurta,WILD,train,3964692e77890a66,INATURALIST,https://www.inaturalist.org/observations/340562125,CC-BY-NC-SA,REVIEW,"(c) Vivek.N.Rathod, some rights reserved (CC BY-NC-SA)",KEMBUNG/inaturalist/612c6ffc-b8b2-44a3-938e-2f25907caa65.jpg,3964692e77890a665d2928ef1aa779e71436af691faf39273669a7cdddd7d44c,source=INATURALIST; non-commercial licence
6133906d-a12e-4b12-9931-ba0dc3ae2fd5,SF001,Kembung / Pelaling,Rastrelliger kanagurta,WILD,test_clean,be5d7e947ad0f858,GBIF,https://www.inaturalist.org/observations/384038417,CC-BY-NC,REVIEW,schafhoernle,KEMBUNG/gbif/6133906d-a12e-4b12-9931-ba0dc3ae2fd5.jpg,be5d7e947ad0f85808333e1edac8e9438df8b0de8922ab8256342e29524cce54,source=GBIF; non-commercial licence
61a0058d-e4e8-4601-873c-09c950f32906,SF001,Kembung / Pelaling,Rastrelliger kanagurta,WILD,train,6487032d94d00cf1,INATURALIST,https://www.inaturalist.org/observations/358174964,CC-BY-NC,REVIEW,"(c) Carmelina, some rights reserved (CC BY-NC)",KEMBUNG/inaturalist/61a0058d-e4e8-4601-873c-09c950f32906.jpg,6487032d94d00cf1324d607d6c0e3cd41b68344f32e602045d0dfc2b75b8eab9,source=INATURALIST; non-commercial licence
6468da4f-1417-49e6-b1fa-8548761cd276,SF001,Kembung / Pelaling,Rastrelliger kanagurta,WILD,val,d0038f23ca5b1af2,INATURALIST,https://www.inaturalist.org/observations/319535797,CC-BY-NC,REVIEW,"(c) Marleen Schouten, some rights reserved (CC BY-NC)",KEMBUNG/inaturalist/6468da4f-1417-49e6-b1fa-8548761cd276.jpg,d0038f23ca5b1af2c6e32bf2cd5eadd358c28053e3d175f8f44c801ee8ba53aa,source=INATURALIST; non-commercial licence
649f7953-7ddf-48bc-817a-59fd5d41f529,SF001,Kembung / Pelaling,Rastrelliger kanagurta,WILD,train,be91c70f7100843b,INATURALIST,https://www.inaturalist.org/observations/363018435,CC-BY-NC,REVIEW,"(c) Michal, some rights reserved (CC BY-NC)",KEMBUNG/inaturalist/649f7953-7ddf-48bc-817a-59fd5d41f529.jpg,be91c70f7100843b9e0dcf135f1aadfd1e75b305d500762d248f0008abd5ff5e,source=INATURALIST; non-commercial licence
67fa5bab-c83b-49d6-a215-e4022a36f823,SF001,Kembung / Pelaling,Rastrelliger kanagurta,WILD,train,1e27da90c2bad4b6,INATURALIST,https://www.inaturalist.org/observations/319535797,CC-BY-NC,REVIEW,"(c) Marleen Schouten, some rights reserved (CC BY-NC)",KEMBUNG/inaturalist/67fa5bab-c83b-49d6-a215-e4022a36f823.jpg,1e27da90c2bad4b65c7d264246cddb886508e90da65d0849afeb0a7327b504c1,source=INATURALIST; non-commercial licence
681508ae-2e5d-43a8-8267-b0ff5520cce6,SF001,Kembung / Pelaling,Rastrelliger kanagurta,WILD,val,9e698e78a0a7f9e8,INATURALIST,https://www.inaturalist.org/observations/319535739,CC-BY-NC,REVIEW,"(c) Marleen Schouten, some rights reserved (CC BY-NC)",KEMBUNG/inaturalist/681508ae-2e5d-43a8-8267-b0ff5520cce6.jpg,9e698e78a0a7f9e8ce52fe2137e2eb684738d7e2ef1fef2c71d38f9873b5bfdd,source=INATURALIST; non-commercial licence
68bd9492-5ca9-4557-ab74-3894fc333f3a,SF001,Kembung / Pelaling,Rastrelliger kanagurta,WILD,val,b1f24b747912968d,INATURALIST,https://www.inaturalist.org/observations/377996433,CC-BY-NC-SA,REVIEW,"(c) Vivek.N.Rathod, some rights reserved (CC BY-NC-SA)",KEMBUNG/inaturalist/68bd9492-5ca9-4557-ab74-3894fc333f3a.jpg,b1f24b747912968dca1220f16735a4a7d4791671f00b736a8aacb3b1f352ac29,source=INATURALIST; non-commercial licence
696b9153-52f8-4c5d-828b-9619791dac91,SF001,Kembung / Pelaling,Rastrelliger kanagurta,WILD,train,9992ddb25e70fe7b,INATURALIST,https://www.inaturalist.org/observations/357810910,CC-BY-NC,REVIEW,"(c) afguemas, some rights reserved (CC BY-NC)",KEMBUNG/inaturalist/696b9153-52f8-4c5d-828b-9619791dac91.jpg,9992ddb25e70fe7b340867f0d093da2d5c098c7550042e3d4abbf1499f3f44cd,source=INATURALIST; non-commercial licence
6a81a2d9-23cd-4e19-8bf5-2ed3cd751e20,SF001,Kembung / Pelaling,Rastrelliger kanagurta,WILD,train,98735e40f1db0a47,INATURALIST,https://www.inaturalist.org/observations/372981753,CC-BY,YES,"(c) 呂一起(Lyu yi-chi), some rights reserved (CC BY)",KEMBUNG/inaturalist/6a81a2d9-23cd-4e19-8bf5-2ed3cd751e20.jpg,98735e40f1db0a4768d19af07075692b1dcae8187d89b19649b2fa19f34eade6,source=INATURALIST
6aeee091-728a-4340-81ab-ad8e8a2f4665,SF001,Kembung / Pelaling,Rastrelliger kanagurta,WILD,train,86b2b5ec0c0e4c86,INATURALIST,https://www.inaturalist.org/observations/358174964,CC-BY-NC,REVIEW,"(c) Carmelina, some rights reserved (CC BY-NC)",KEMBUNG/inaturalist/6aeee091-728a-4340-81ab-ad8e8a2f4665.jpg,86b2b5ec0c0e4c86fe8ca0d0f2e58605cfbc3c34cd40ce2464536d1de4039362,source=INATURALIST; non-commercial licence
6b7ab291-cd11-4a3d-9f60-5819874d81b5,SF001,Kembung / Pelaling,Rastrelliger kanagurta,WILD,train,988fc170c7fedbcf,INATURALIST,https://www.inaturalist.org/observations/358174964,CC-BY-NC,REVIEW,"(c) Carmelina, some rights reserved (CC BY-NC)",KEMBUNG/inaturalist/6b7ab291-cd11-4a3d-9f60-5819874d81b5.jpg,988fc170c7fedbcfc76b4df9a2c7128ccd71a27d1bf0c095d4bba92fac07b787,source=INATURALIST; non-commercial licence
6bdb3bc1-4952-4a51-b24f-3470991042b2,SF001,Kembung / Pelaling,Rastrelliger kanagurta,WILD,test_clean,fb4dcb3b200fa3e1,GBIF,https://www.inaturalist.org/observations/262069037,CC-BY-NC,REVIEW,dhinakaran,KEMBUNG/gbif/6bdb3bc1-4952-4a51-b24f-3470991042b2.jpg,fb4dcb3b200fa3e11cc7e7d97cafc47e17083a2476019f44601f944c36ebc6e4,source=GBIF; non-commercial licence
6c85ac0c-6052-4dd5-b740-44775129225c,SF001,Kembung / Pelaling,Rastrelliger kanagurta,WILD,train,3da2024ce0af882d,INATURALIST,https://www.inaturalist.org/observations/337946242,CC-BY-NC,REVIEW,"(c) Ingmar Rondeel, some rights reserved (CC BY-NC)",KEMBUNG/inaturalist/6c85ac0c-6052-4dd5-b740-44775129225c.jpg,3da2024ce0af882d393274dde5945a110045de6dc82d334a614cccb2bafa87ae,source=INATURALIST; non-commercial licence
6cf1578d-a854-43ed-b9a5-861a50274c6f,SF001,Kembung / Pelaling,Rastrelliger kanagurta,WILD,train,beb082b460eaa790,INATURALIST,https://www.inaturalist.org/observations/319535797,CC-BY-NC,REVIEW,"(c) Marleen Schouten, some rights reserved (CC BY-NC)",KEMBUNG/inaturalist/6cf1578d-a854-43ed-b9a5-861a50274c6f.jpg,beb082b460eaa790e6e3c2443ed1cf85414061ddd189e19d32f77edc339cde8f,source=INATURALIST; non-commercial licence
6e3b5347-795b-4faf-9d40-ede13566751f,SF001,Kembung / Pelaling,Rastrelliger kanagurta,WILD,train,6fa788b27b2dcec8,INATURALIST,https://www.inaturalist.org/observations/319535739,CC-BY-NC,REVIEW,"(c) Marleen Schouten, some rights reserved (CC BY-NC)",KEMBUNG/inaturalist/6e3b5347-795b-4faf-9d40-ede13566751f.jpg,6fa788b27b2dcec8d18619a97a9f1fbbb983498b6fb90f870f580ae5ff32e2ae,source=INATURALIST; non-commercial licence
6e444ebd-8c11-44af-bbc0-b452b7eabaa2,SF001,Kembung / Pelaling,Rastrelliger kanagurta,WILD,train,c4597514cb0c3b14,INATURALIST,https://www.inaturalist.org/observations/337946242,CC-BY-NC,REVIEW,"(c) Ingmar Rondeel, some rights reserved (CC BY-NC)",KEMBUNG/inaturalist/6e444ebd-8c11-44af-bbc0-b452b7eabaa2.jpg,c4597514cb0c3b14d0b669af519f733e0696f70d0ab5f497bd280e48663d4907,source=INATURALIST; non-commercial licence
703a6a4c-443b-4dd3-af05-2c04000b5715,SF001,Kembung / Pelaling,Rastrelliger kanagurta,WILD,train,bdc32dc16a5369f3,INATURALIST,https://www.inaturalist.org/observations/337946242,CC-BY-NC,REVIEW,"(c) Ingmar Rondeel, some rights reserved (CC BY-NC)",KEMBUNG/inaturalist/703a6a4c-443b-4dd3-af05-2c04000b5715.jpg,bdc32dc16a5369f387666530a6e8624c9ba1129290abcd2346a23010923b325b,source=INATURALIST; non-commercial licence
7303bb47-01e2-40af-88a4-e5df4de7038d,SF001,Kembung / Pelaling,Rastrelliger kanagurta,WILD,train,b91e966478bdd79c,INATURALIST,https://www.inaturalist.org/observations/333584834,CC0,YES,no rights reserved,KEMBUNG/inaturalist/7303bb47-01e2-40af-88a4-e5df4de7038d.jpg,b91e966478bdd79c12948bdb089749e55364094fdc13dd6c670a78ee4bd72ec2,source=INATURALIST
751461c3-405a-42df-bb8f-4121b36d4940,SF001,Kembung / Pelaling,Rastrelliger kanagurta,WILD,test_clean,35f6211006ce84f4,INATURALIST,https://www.inaturalist.org/observations/368544361,CC-BY-NC,REVIEW,"(c) BDBishop, some rights reserved (CC BY-NC)",KEMBUNG/inaturalist/751461c3-405a-42df-bb8f-4121b36d4940.jpg,35f6211006ce84f4d7967aac8e4f47e2eed15dc5c5302198584084c89ff50d05,source=INATURALIST; non-commercial licence
752e1705-146c-4cf9-9f01-b35f273227c6,SF001,Kembung / Pelaling,Rastrelliger kanagurta,WILD,train,3a11a901b45a832d,INATURALIST,https://www.inaturalist.org/observations/326178713,CC-BY-NC,REVIEW,"(c) TGriffin, some rights reserved (CC BY-NC)",KEMBUNG/inaturalist/752e1705-146c-4cf9-9f01-b35f273227c6.jpg,3a11a901b45a832dc0c1d3e339ff045b601dc20e06616422c3b3acfcb2c248de,source=INATURALIST; non-commercial licence
762ee6f2-d4d1-4bed-b0f8-f53dc8c81300,SF001,Kembung / Pelaling,Rastrelliger kanagurta,WILD,train,f36f8625f485f27a,INATURALIST,https://www.inaturalist.org/observations/349502125,CC-BY-NC,REVIEW,"(c) sharrisi, some rights reserved (CC BY-NC)",KEMBUNG/inaturalist/762ee6f2-d4d1-4bed-b0f8-f53dc8c81300.jpg,f36f8625f485f27a1e76a61f5b20b6e4a4bd43e099d74e3436bb48ff317576a3,source=INATURALIST; non-commercial licence
771e4753-e127-44d4-bb02-ef489c065c23,SF001,Kembung / Pelaling,Rastrelliger kanagurta,WILD,train,84e54b98c6458b8f,GBIF,https://www.inaturalist.org/observations/269472392,CC0,YES,Justin Philbois,KEMBUNG/gbif/771e4753-e127-44d4-bb02-ef489c065c23.jpg,84e54b98c6458b8f7d1af3e399a3c7757ca96c5621c02b6892b2c660fb9d0874,source=GBIF
79ef3290-de8c-43bf-92b7-e738b548d0d6,SF001,Kembung / Pelaling,Rastrelliger kanagurta,WILD,train,9cbe8436825cd724,INATURALIST,https://www.inaturalist.org/observations/337946242,CC-BY-NC,REVIEW,"(c) Ingmar Rondeel, some rights reserved (CC BY-NC)",KEMBUNG/inaturalist/79ef3290-de8c-43bf-92b7-e738b548d0d6.jpg,9cbe8436825cd72403e6a44d9a8037f671c17722e0059ab7d28e9e1e819dee8e,source=INATURALIST; non-commercial licence
7a8018bb-a9d7-4344-b1b5-9102fa51b34a,SF001,Kembung / Pelaling,Rastrelliger kanagurta,WILD,train,5e0b7251a1fbef58,INATURALIST,https://www.inaturalist.org/observations/319535797,CC-BY-NC,REVIEW,"(c) Marleen Schouten, some rights reserved (CC BY-NC)",KEMBUNG/inaturalist/7a8018bb-a9d7-4344-b1b5-9102fa51b34a.jpg,5e0b7251a1fbef583bacdc4ef153056fc310831b9b9cb6f40695c7db9ddc202b,source=INATURALIST; non-commercial licence
7b3a1321-e3e2-4e21-96dc-39da62a1484f,SF001,Kembung / Pelaling,Rastrelliger kanagurta,WILD,val,0fc2d5543faceca4,INATURALIST,https://www.inaturalist.org/observations/338421212,CC-BY-NC,REVIEW,"(c) donnymidas, some rights reserved (CC BY-NC)",KEMBUNG/inaturalist/7b3a1321-e3e2-4e21-96dc-39da62a1484f.jpg,0fc2d5543faceca45eea05c5e21736d8339522d9f5ee892f5de6ac83b92b0acf,source=INATURALIST; non-commercial licence
7bb9383c-3d32-47f8-abe8-5571f1229c18,SF001,Kembung / Pelaling,Rastrelliger kanagurta,WILD,val,ef3c1f73a1355728,GBIF,https://www.inaturalist.org/observations/380958082,CC-BY-NC,REVIEW,Daniel Joaquin Aguirre Howes,KEMBUNG/gbif/7bb9383c-3d32-47f8-abe8-5571f1229c18.jpg,ef3c1f73a13557284102dfbc73580da6a256fc8f173050f3408bbf66cba1bada,source=GBIF; non-commercial licence
7c4d20e2-a784-47fc-ab6a-ac045dc54b4e,SF001,Kembung / Pelaling,Rastrelliger kanagurta,WILD,val,8687aa7166f34d6a,INATURALIST,https://www.inaturalist.org/observations/325067794,CC-BY-NC,REVIEW,"(c) craigjhowe, some rights reserved (CC BY-NC)",KEMBUNG/inaturalist/7c4d20e2-a784-47fc-ab6a-ac045dc54b4e.jpg,8687aa7166f34d6a4fedb6083629866cf365ad5df494f26ce62e107ff0efeee6,source=INATURALIST; non-commercial licence
7c896ded-256d-49fc-aecb-450ba7579557,SF001,Kembung / Pelaling,Rastrelliger kanagurta,WILD,test_clean,701aae05e0170c79,GBIF,https://www.inaturalist.org/observations/338705008,CC-BY,YES,Jan Ebr & Ivana Ebrová,KEMBUNG/gbif/7c896ded-256d-49fc-aecb-450ba7579557.jpg,701aae05e0170c79c587f6d43f447ab2be7e053c33d7fce1e8d2fd9b56010ad6,source=GBIF
7e1d69d1-3845-4593-82d2-baf4fe6d9188,SF001,Kembung / Pelaling,Rastrelliger kanagurta,WILD,train,663ac366d0d8caf7,INATURALIST,https://www.inaturalist.org/observations/333919241,CC-BY-NC,REVIEW,"(c) Tony Strazzari, some rights reserved (CC BY-NC)",KEMBUNG/inaturalist/7e1d69d1-3845-4593-82d2-baf4fe6d9188.jpg,663ac366d0d8caf706c36df93d08366377f1c85df9d15094dd05bf8e5048800c,source=INATURALIST; non-commercial licence
7e64937c-4c69-4ae5-ab07-de1aad14e4a2,SF001,Kembung / Pelaling,Rastrelliger kanagurta,WILD,test_clean,ee8fa816815fb48a,GBIF,https://www.inaturalist.org/observations/262822533,CC-BY-NC,REVIEW,joleenz,KEMBUNG/gbif/7e64937c-4c69-4ae5-ab07-de1aad14e4a2.jpg,ee8fa816815fb48a9e05990fdc1cdc90b2171aed71043abe95b403009a1fc9fc,source=GBIF; non-commercial licence
800373ee-572f-499f-a8b4-e042b72839bf,SF001,Kembung / Pelaling,Rastrelliger kanagurta,WILD,train,71650c018be8f48a,INATURALIST,https://www.inaturalist.org/observations/333693952,CC-BY,YES,"(c) Debra Baker, some rights reserved (CC BY)",KEMBUNG/inaturalist/800373ee-572f-499f-a8b4-e042b72839bf.jpg,71650c018be8f48a651f486264858676a9d884e57c43e72ef5ddf3aa3da9866b,source=INATURALIST
80b4d641-bf3e-43e9-bda0-6358d9517ca8,SF001,Kembung / Pelaling,Rastrelliger kanagurta,WILD,test_clean,45fd5d099f19ef63,INATURALIST,https://www.inaturalist.org/observations/319535797,CC-BY-NC,REVIEW,"(c) Marleen Schouten, some rights reserved (CC BY-NC)",KEMBUNG/inaturalist/80b4d641-bf3e-43e9-bda0-6358d9517ca8.jpg,45fd5d099f19ef635655a956cd886b36d05c79dc53dbc6e0f5d876d83d120cd7,source=INATURALIST; non-commercial licence
81289f4c-170b-4de8-b8c0-58394c06602f,SF001,Kembung / Pelaling,Rastrelliger kanagurta,WILD,train,83a623822de460d7,WIKIMEDIA_COMMONS,https://commons.wikimedia.org/wiki/File:Rastrelliger_kanagurta_JNC2855.JPG,CC-BY-SA,YES,Own work,KEMBUNG/wikimedia_commons/81289f4c-170b-4de8-b8c0-58394c06602f.jpg,83a623822de460d74bd843dcd8016f59f782b9e50eb57b0a5844aaecf6b07112,source=WIKIMEDIA_COMMONS; taxon_match=EXACT_CATEGORY
815a9150-ad58-4bd3-ad0f-270e1d6f1fad,SF001,Kembung / Pelaling,Rastrelliger kanagurta,WILD,train,c5e71fb04548e359,GBIF,https://www.inaturalist.org/observations/337990220,CC-BY-NC,REVIEW,emajorova,KEMBUNG/gbif/815a9150-ad58-4bd3-ad0f-270e1d6f1fad.jpg,c5e71fb04548e35975fd0a085492f62bc0c266701734daa625a554fcc5c7526f,source=GBIF; non-commercial licence
81a4ed6b-b6bc-4dbb-b774-41e1ca44e991,SF001,Kembung / Pelaling,Rastrelliger kanagurta,WILD,train,05d26d7789365605,INATURALIST,https://www.inaturalist.org/observations/337424600,CC-BY-NC,REVIEW,"(c) Sayed Ibrahim, some rights reserved (CC BY-NC)",KEMBUNG/inaturalist/81a4ed6b-b6bc-4dbb-b774-41e1ca44e991.jpg,05d26d778936560553ef0e2ea08838af80c77d715f928be64e4e25f452fe231a,source=INATURALIST; non-commercial licence
81c617b4-fc56-4b6e-9c66-cdc15732781c,SF001,Kembung / Pelaling,Rastrelliger kanagurta,WILD,train,eed7bdc62429ffce,INATURALIST,https://www.inaturalist.org/observations/386156109,CC-BY-NC,REVIEW,"(c) Hugo Lee, some rights reserved (CC BY-NC)",KEMBUNG/inaturalist/81c617b4-fc56-4b6e-9c66-cdc15732781c.jpg,eed7bdc62429ffceef31b91a6a969ce9fb308035d91553179bd2dab627687e17,source=INATURALIST; non-commercial licence
82671bce-ee8c-4d4e-9466-e878f969f34b,SF001,Kembung / Pelaling,Rastrelliger kanagurta,WILD,train,cb5ffb53ade3e4cf,GBIF,https://www.inaturalist.org/observations/258790340,CC-BY-NC,REVIEW,Jiayuan Lin,KEMBUNG/gbif/82671bce-ee8c-4d4e-9466-e878f969f34b.jpg,cb5ffb53ade3e4cf477c4355fc12bf2bea8155a7e1cd02c3a3cb1027fafa70bc,source=GBIF; non-commercial licence
839ad0ae-601d-461f-8308-6200d3dfe76c,SF001,Kembung / Pelaling,Rastrelliger kanagurta,WILD,train,7638e5752e059e3e,INATURALIST,https://www.inaturalist.org/observations/393106166,CC-BY-NC,REVIEW,"(c) ShanDale Youmans, some rights reserved (CC BY-NC)",KEMBUNG/inaturalist/839ad0ae-601d-461f-8308-6200d3dfe76c.jpg,7638e5752e059e3ec2c5ca41670897697583e44b7f0acecc1d70e9ba25290026,source=INATURALIST; non-commercial licence
83cbe520-08e5-4757-909d-27bd9d9da011,SF001,Kembung / Pelaling,Rastrelliger kanagurta,WILD,train,226338f4132664c7,GBIF,https://www.inaturalist.org/observations/265143192,CC-BY-NC,REVIEW,Tadeáš J. Vašut,KEMBUNG/gbif/83cbe520-08e5-4757-909d-27bd9d9da011.jpg,226338f4132664c78b2e726e917cc8486abde5272df42a5b7f4475df227f6c94,source=GBIF; non-commercial licence
84af31aa-46e9-41d9-9d67-08b384a5d279,SF001,Kembung / Pelaling,Rastrelliger kanagurta,WILD,val,57aa8e47cd517fb8,GBIF,https://www.inaturalist.org/observations/338349846,CC-BY,YES,Jan Ebr & Ivana Ebrová,KEMBUNG/gbif/84af31aa-46e9-41d9-9d67-08b384a5d279.jpg,57aa8e47cd517fb8b53d492768a9998ce8c775c33ec5dac61d4e486227e18843,source=GBIF
85d63cf5-cb98-4345-9572-8e620247d884,SF001,Kembung / Pelaling,Rastrelliger kanagurta,WILD,train,c9b9c149748ccec0,INATURALIST,https://www.inaturalist.org/observations/319535797,CC-BY-NC,REVIEW,"(c) Marleen Schouten, some rights reserved (CC BY-NC)",KEMBUNG/inaturalist/85d63cf5-cb98-4345-9572-8e620247d884.jpg,c9b9c149748ccec0442e9f9ba8bffc8f65c61e42ece53403c82015d8ee07de28,source=INATURALIST; non-commercial licence
86ce5594-c543-4bc6-96c5-08bd897d3505,SF001,Kembung / Pelaling,Rastrelliger kanagurta,WILD,train,72f6aa99cc0390f8,INATURALIST,https://www.inaturalist.org/observations/337946283,CC-BY-NC,REVIEW,"(c) Ingmar Rondeel, some rights reserved (CC BY-NC)",KEMBUNG/inaturalist/86ce5594-c543-4bc6-96c5-08bd897d3505.jpg,72f6aa99cc0390f836d270a693c893fffedcea9fdc746299b52fe60e72707b31,source=INATURALIST; non-commercial licence
870f9a97-a8f4-4705-9068-b35df8007c08,SF001,Kembung / Pelaling,Rastrelliger kanagurta,WILD,train,f870a020eaa93fe5,INATURALIST,https://www.inaturalist.org/observations/341195679,CC-BY-NC,REVIEW,"(c) momaz, some rights reserved (CC BY-NC)",KEMBUNG/inaturalist/870f9a97-a8f4-4705-9068-b35df8007c08.jpg,f870a020eaa93fe5fb11281747957cef302e0845a458b17e316067d8b40fd9d5,source=INATURALIST; non-commercial licence
87870401-02ff-4b3d-bf49-4b48992d3d6e,SF001,Kembung / Pelaling,Rastrelliger kanagurta,WILD,train,8feb3b715bfcbd4b,INATURALIST,https://www.inaturalist.org/observations/334194354,CC-BY-NC,REVIEW,"(c) Jens Sommer-Knudsen, some rights reserved (CC BY-NC)",KEMBUNG/inaturalist/87870401-02ff-4b3d-bf49-4b48992d3d6e.jpg,8feb3b715bfcbd4b914e050f2c23db5839057bc7968f7f4214e7e60cb27bd137,source=INATURALIST; non-commercial licence
87f5d1c3-deac-4153-87e1-0c04826bc559,SF001,Kembung / Pelaling,Rastrelliger kanagurta,WILD,train,6633a9fccc3eeea9,INATURALIST,https://www.inaturalist.org/observations/372981753,CC-BY,YES,"(c) 呂一起(Lyu yi-chi), some rights reserved (CC BY)",KEMBUNG/inaturalist/87f5d1c3-deac-4153-87e1-0c04826bc559.jpg,6633a9fccc3eeea9720535b8a396c23753033ad22f43a7abdd62db40c1791372,source=INATURALIST
8895160b-f86a-4b3b-a33c-2607f804f58f,SF001,Kembung / Pelaling,Rastrelliger kanagurta,WILD,train,3937f0a9b2914ca9,INATURALIST,https://www.inaturalist.org/observations/325067794,CC-BY-NC,REVIEW,"(c) craigjhowe, some rights reserved (CC BY-NC)",KEMBUNG/inaturalist/8895160b-f86a-4b3b-a33c-2607f804f58f.jpg,3937f0a9b2914ca90df3ccb5e762e27d65f1a29c1bbc9d0c36727f9a75e73581,source=INATURALIST; non-commercial licence
895e517a-7041-40ba-8ccc-f553a3c02cc8,SF001,Kembung / Pelaling,Rastrelliger kanagurta,WILD,train,0ae6c12a14459add,INATURALIST,https://www.inaturalist.org/observations/390184123,CC-BY-NC,REVIEW,"(c) Niran Anurakpongsathorn, some rights reserved (CC BY-NC)",KEMBUNG/inaturalist/895e517a-7041-40ba-8ccc-f553a3c02cc8.jpg,0ae6c12a14459addf41ba55423de90b34a25d2c51b0c9c007d326767bd305b0a,source=INATURALIST; non-commercial licence
89d66c44-63fe-4861-b7e4-617c091f5808,SF001,Kembung / Pelaling,Rastrelliger kanagurta,WILD,train,5e6906bb84152f57,INATURALIST,https://www.inaturalist.org/observations/319600448,CC-BY-NC,REVIEW,"(c) Marleen Schouten, some rights reserved (CC BY-NC)",KEMBUNG/inaturalist/89d66c44-63fe-4861-b7e4-617c091f5808.jpg,5e6906bb84152f57d032662492b89fda07633a25f81686c087cc4b2ada2891eb,source=INATURALIST; non-commercial licence
8a73316b-0315-41b4-8f4a-f4e71cf21c32,SF001,Kembung / Pelaling,Rastrelliger kanagurta,WILD,train,dcdfc1ae3ef8f0d8,GBIF,https://www.inaturalist.org/observations/339190155,CC-BY-NC,REVIEW,emajorova,KEMBUNG/gbif/8a73316b-0315-41b4-8f4a-f4e71cf21c32.jpg,dcdfc1ae3ef8f0d86ca20795f93070c1f8aa4ec3b971900463575ae66952e117,source=GBIF; non-commercial licence
8ae6449a-a510-4fe7-adc7-7a44280e3a50,SF001,Kembung / Pelaling,Rastrelliger kanagurta,WILD,test_clean,ba0a46aadaf4231d,INATURALIST,https://www.inaturalist.org/observations/384556427,CC-BY-NC,REVIEW,"(c) naturalist34074, some rights reserved (CC BY-NC)",KEMBUNG/inaturalist/8ae6449a-a510-4fe7-adc7-7a44280e3a50.jpg,ba0a46aadaf4231d0bb6e3234f8e664535d8af14a4f138bb13c675c3181e23bb,source=INATURALIST; non-commercial licence
8ce52912-dfbd-4b75-bf0f-f96e730746f1,SF001,Kembung / Pelaling,Rastrelliger kanagurta,WILD,train,69313d5e697664b3,INATURALIST,https://www.inaturalist.org/observations/375393040,CC-BY-NC,REVIEW,"(c) Wayne and Pam Osborn, some rights reserved (CC BY-NC)",KEMBUNG/inaturalist/8ce52912-dfbd-4b75-bf0f-f96e730746f1.jpg,69313d5e697664b34a54db3b6d80b4d57a861e87dd9abc94b709b6b61b5c5928,source=INATURALIST; non-commercial licence
8ce79ce5-1aca-467f-933d-4b849517cd79,SF001,Kembung / Pelaling,Rastrelliger kanagurta,WILD,train,1582df0ee22a2a6a,INATURALIST,https://www.inaturalist.org/observations/352466691,CC-BY-NC,REVIEW,"(c) mallo0686, some rights reserved (CC BY-NC)",KEMBUNG/inaturalist/8ce79ce5-1aca-467f-933d-4b849517cd79.jpg,1582df0ee22a2a6a7a3c8fcd646d4ab65d5b053fbfe8961e47f90951b330b4cd,source=INATURALIST; non-commercial licence
8cfe80c6-0704-4582-8e88-a636a8033823,SF001,Kembung / Pelaling,Rastrelliger kanagurta,WILD,train,3bdc5ff0a9962a46,INATURALIST,https://www.inaturalist.org/observations/339546983,CC-BY-NC,REVIEW,"(c) sharkdevotee, some rights reserved (CC BY-NC)",KEMBUNG/inaturalist/8cfe80c6-0704-4582-8e88-a636a8033823.jpg,3bdc5ff0a9962a46e2d63a71c371247b0cdf6d96a8ef3404c5123272bbbeb44a,source=INATURALIST; non-commercial licence
8dcf4231-aaae-4aa4-b96b-cab32b72a85c,SF001,Kembung / Pelaling,Rastrelliger kanagurta,WILD,train,118b246604b461b8,INATURALIST,https://www.inaturalist.org/observations/334448066,CC-BY-NC,REVIEW,"(c) Nicolò Palumbo, some rights reserved (CC BY-NC)",KEMBUNG/inaturalist/8dcf4231-aaae-4aa4-b96b-cab32b72a85c.jpg,118b246604b461b8a9eeed12c14f2d9674cb957ff8dee292a96729e4a3d57192,source=INATURALIST; non-commercial licence
8ea7a741-bf02-4cb1-8611-09a567719834,SF001,Kembung / Pelaling,Rastrelliger kanagurta,WILD,test_clean,43c3b10b4911f360,GBIF,https://www.inaturalist.org/observations/279516544,CC-BY-NC,REVIEW,Wilco Vertegaal,KEMBUNG/gbif/8ea7a741-bf02-4cb1-8611-09a567719834.jpg,43c3b10b4911f360a646a1e89c291d99186189396bf8ddfd0b571c789f97aa26,source=GBIF; non-commercial licence
8ed63fe0-5b12-4348-ade6-ecd6a78afb67,SF001,Kembung / Pelaling,Rastrelliger kanagurta,WILD,val,cdc47f47c169d51d,INATURALIST,https://www.inaturalist.org/observations/336037206,CC-BY,YES,"(c) Ashwin A, some rights reserved (CC BY)",KEMBUNG/inaturalist/8ed63fe0-5b12-4348-ade6-ecd6a78afb67.jpg,cdc47f47c169d51d2e43071755232fc5e7706b15bf92423d676abcb5f8b5688d,source=INATURALIST
8f4bfc6e-f1a7-48a1-9e03-bd476390cb2b,SF001,Kembung / Pelaling,Rastrelliger kanagurta,WILD,train,5585e208d473ea00,GBIF,https://www.inaturalist.org/observations/336960964,CC-BY-NC,REVIEW,Matteo Pia,KEMBUNG/gbif/8f4bfc6e-f1a7-48a1-9e03-bd476390cb2b.jpg,5585e208d473ea002248009e7d4943eff6ef3f72ab205cbc5342556b8e41f54f,source=GBIF; non-commercial licence
91799156-125a-4cca-be3b-a87f5982e1bd,SF001,Kembung / Pelaling,Rastrelliger kanagurta,WILD,train,f3c0c4bac9ed020c,INATURALIST,https://www.inaturalist.org/observations/334448066,CC-BY-NC,REVIEW,"(c) Nicolò Palumbo, some rights reserved (CC BY-NC)",KEMBUNG/inaturalist/91799156-125a-4cca-be3b-a87f5982e1bd.jpg,f3c0c4bac9ed020ce2431ee3ce501926849215909f79770a14b1e478a5ca3a85,source=INATURALIST; non-commercial licence
91e0f550-1619-4d76-83d5-d60547093375,SF001,Kembung / Pelaling,Rastrelliger kanagurta,WILD,train,d45c32e8db417e5f,INATURALIST,https://www.inaturalist.org/observations/339546983,CC-BY-NC,REVIEW,"(c) sharkdevotee, some rights reserved (CC BY-NC)",KEMBUNG/inaturalist/91e0f550-1619-4d76-83d5-d60547093375.jpg,d45c32e8db417e5f50f772aaa9a879472831f9273872e1e0de011ad50b65a7c7,source=INATURALIST; non-commercial licence
923ccc5c-43eb-4626-a8a3-207afa3a47e7,SF001,Kembung / Pelaling,Rastrelliger kanagurta,WILD,test_clean,b5bb9539ef71ba48,GBIF,https://www.inaturalist.org/observations/339190155,CC-BY-NC,REVIEW,emajorova,KEMBUNG/gbif/923ccc5c-43eb-4626-a8a3-207afa3a47e7.jpg,b5bb9539ef71ba48851193e25ad5c76d52743025de4e46797c876e7d9271c886,source=GBIF; non-commercial licence
935053b2-1708-4c1c-ac4b-94f90ae701ce,SF001,Kembung / Pelaling,Rastrelliger kanagurta,WILD,train,b813583b92b5b927,INATURALIST,https://www.inaturalist.org/observations/345607878,CC-BY-NC,REVIEW,"(c) momaz, some rights reserved (CC BY-NC)",KEMBUNG/inaturalist/935053b2-1708-4c1c-ac4b-94f90ae701ce.jpg,b813583b92b5b9270725e0de85dfa261383330e55ef289161c185e39a22f5f2f,source=INATURALIST; non-commercial licence
936b2e78-d913-4ee8-8449-9f27bff4fcdd,SF001,Kembung / Pelaling,Rastrelliger kanagurta,WILD,val,a8ab070b51c784c3,WIKIMEDIA_COMMONS,https://commons.wikimedia.org/wiki/File:Rastrel_kanag_121019-29193_tdp.JPG,CC-BY-SA,YES,Own work,KEMBUNG/wikimedia_commons/936b2e78-d913-4ee8-8449-9f27bff4fcdd.jpg,a8ab070b51c784c30e7c93f9cc68b6fe4945ab94e19e6a42e5dd03926ef7c28d,source=WIKIMEDIA_COMMONS; taxon_match=EXACT_CATEGORY
941535a8-a210-42f5-b1ad-c446a5f1530f,SF001,Kembung / Pelaling,Rastrelliger kanagurta,WILD,train,5bd9bd2282347d9f,INATURALIST,https://www.inaturalist.org/observations/319535797,CC-BY-NC,REVIEW,"(c) Marleen Schouten, some rights reserved (CC BY-NC)",KEMBUNG/inaturalist/941535a8-a210-42f5-b1ad-c446a5f1530f.jpg,5bd9bd2282347d9fcdf5917eedb4cf05b4b7f45ce6c9eeaf613898f7d85f1dda,source=INATURALIST; non-commercial licence
9467caaf-13a4-40f7-aa52-c0d3b4883152,SF001,Kembung / Pelaling,Rastrelliger kanagurta,WILD,test_clean,8ef809846aff6da8,GBIF,https://www.inaturalist.org/observations/263363791,CC-BY-NC,REVIEW,Sammie Clare,KEMBUNG/gbif/9467caaf-13a4-40f7-aa52-c0d3b4883152.jpg,8ef809846aff6da86efeec56a453b4781c0126d58378d8fc9b699c57672e729e,source=GBIF; non-commercial licence
94848fbd-77ae-4dd8-a2e4-97351930c967,SF001,Kembung / Pelaling,Rastrelliger kanagurta,WILD,train,b9c047ab58f93470,GBIF,https://www.inaturalist.org/observations/267179045,CC-BY-NC,REVIEW,Sakshi,KEMBUNG/gbif/94848fbd-77ae-4dd8-a2e4-97351930c967.jpg,b9c047ab58f93470a818c8c30ccd703a3eaf28fb2f571a4273a0fcdeb1c9ecc5,source=GBIF; non-commercial licence
953d1a5b-0fb9-4fed-921a-6c8de4e99e9d,SF001,Kembung / Pelaling,Rastrelliger kanagurta,WILD,train,4b0a8c2f1945e472,FISH_VISTA,https://fishair.org/hdr-share/ftp/ark/89609/morphbank/xc11h209.jpeg,CC-BY-NC-SA,REVIEW,Morphbank,KEMBUNG/fish_vista/953d1a5b-0fb9-4fed-921a-6c8de4e99e9d.jpg,4b0a8c2f1945e4723da583ab65f2471e429b1eedb75a157b2e2cfe4bd81e69ba,source=FISH_VISTA; non-commercial licence
953e82b8-2da2-4e9a-a368-a1f958c1d8d4,SF001,Kembung / Pelaling,Rastrelliger kanagurta,WILD,test_clean,36804ae099fd0ba0,INATURALIST,https://www.inaturalist.org/observations/333919241,CC-BY-NC,REVIEW,"(c) Tony Strazzari, some rights reserved (CC BY-NC)",KEMBUNG/inaturalist/953e82b8-2da2-4e9a-a368-a1f958c1d8d4.jpg,36804ae099fd0ba05185223091bc4ea6fbfc35e1c62acf8fdbf16599ea1a28a3,source=INATURALIST; non-commercial licence
95e74209-259b-4f41-bc7a-be05ea418105,SF001,Kembung / Pelaling,Rastrelliger kanagurta,WILD,val,01792744c34ca1ce,INATURALIST,https://www.inaturalist.org/observations/319535797,CC-BY-NC,REVIEW,"(c) Marleen Schouten, some rights reserved (CC BY-NC)",KEMBUNG/inaturalist/95e74209-259b-4f41-bc7a-be05ea418105.jpg,01792744c34ca1cea12ba0f86873f310968f5880fe8dddeb2486b6740b855cea,source=INATURALIST; non-commercial licence
9909a1f9-a49d-47a2-8559-64e17d0c6e59,SF001,Kembung / Pelaling,Rastrelliger kanagurta,WILD,train,49a7fbfad3d473da,INATURALIST,https://www.inaturalist.org/observations/330432769,CC-BY-NC,REVIEW,"(c) momaz, some rights reserved (CC BY-NC)",KEMBUNG/inaturalist/9909a1f9-a49d-47a2-8559-64e17d0c6e59.jpg,49a7fbfad3d473daf19faa13562c47b242fcb2969b62be0b87794241c602cdaf,source=INATURALIST; non-commercial licence
9917469d-9002-4013-92c0-086a1bc2df60,SF001,Kembung / Pelaling,Rastrelliger kanagurta,WILD,train,39f4c912b6024f61,INATURALIST,https://www.inaturalist.org/observations/386156109,CC-BY-NC,REVIEW,"(c) Hugo Lee, some rights reserved (CC BY-NC)",KEMBUNG/inaturalist/9917469d-9002-4013-92c0-086a1bc2df60.jpg,39f4c912b6024f610ed15cee9cf13f7f94932bb3990d188e3bba6f248a402505,source=INATURALIST; non-commercial licence
999b282b-5b7f-4e85-ad76-01599d3a9dce,SF001,Kembung / Pelaling,Rastrelliger kanagurta,WILD,train,6deb92c49705ee2e,GBIF,https://www.inaturalist.org/observations/346110727,CC-BY-NC,REVIEW,rudi f,KEMBUNG/gbif/999b282b-5b7f-4e85-ad76-01599d3a9dce.jpg,6deb92c49705ee2e30ab384d65a15822b6e45e01e27b39ed2b2d7e9165b69f1c,source=GBIF; non-commercial licence
9b34c1f2-db1c-4de4-bef8-81744ea12c53,SF001,Kembung / Pelaling,Rastrelliger kanagurta,WILD,train,754cc7742b1309dc,INATURALIST,https://www.inaturalist.org/observations/337424600,CC-BY-NC,REVIEW,"(c) Sayed Ibrahim, some rights reserved (CC BY-NC)",KEMBUNG/inaturalist/9b34c1f2-db1c-4de4-bef8-81744ea12c53.jpg,754cc7742b1309dc7c1f4a3407aaac0d242f1796ba59768839ac5cb60459dc7e,source=INATURALIST; non-commercial licence
9c5fc4df-e567-4a40-94e3-0594b313518b,SF001,Kembung / Pelaling,Rastrelliger kanagurta,WILD,train,5914ae5b0dd760a0,INATURALIST,https://www.inaturalist.org/observations/330477186,CC-BY,YES,"(c) Jiro Iguchi, some rights reserved (CC BY)",KEMBUNG/inaturalist/9c5fc4df-e567-4a40-94e3-0594b313518b.jpg,5914ae5b0dd760a0472bc846d08425829b25a8f4f0a1140a20b558d45a6b787c,source=INATURALIST
9d9b3328-2228-4c77-b3a2-7548e6cb6c86,SF001,Kembung / Pelaling,Rastrelliger kanagurta,WILD,train,549c5a0e63a46088,GBIF,https://www.inaturalist.org/observations/365694886,CC-BY-NC,REVIEW,mimsa,KEMBUNG/gbif/9d9b3328-2228-4c77-b3a2-7548e6cb6c86.jpg,549c5a0e63a46088a55393264a96f0cba7d283f790ee1f2b0cdab3f9ebffd5ce,source=GBIF; non-commercial licence
9f205ef6-3f44-4b4b-8b98-676aaa275775,SF001,Kembung / Pelaling,Rastrelliger kanagurta,WILD,train,9d196f6dc24711ca,INATURALIST,https://www.inaturalist.org/observations/329560679,CC-BY-NC,REVIEW,"(c) 陳暉平, some rights reserved (CC BY-NC)",KEMBUNG/inaturalist/9f205ef6-3f44-4b4b-8b98-676aaa275775.jpg,9d196f6dc24711ca1a4d8c78d27b976dfdba088d2aeace3acc520e58cb73ede6,source=INATURALIST; non-commercial licence
9f4d47ce-3a6c-4e7b-affd-610aeccdbf86,SF001,Kembung / Pelaling,Rastrelliger kanagurta,WILD,test_clean,90bc0d411077126b,INATURALIST,https://www.inaturalist.org/observations/334303606,CC-BY-NC,REVIEW,"(c) momaz, some rights reserved (CC BY-NC)",KEMBUNG/inaturalist/9f4d47ce-3a6c-4e7b-affd-610aeccdbf86.jpg,90bc0d411077126b1dda26f363f272589d572ecaeaf17cc416bf8c8d9ce2c6de,source=INATURALIST; non-commercial licence
9f953d64-8cf6-4f0b-a301-1bf7fcc1ea46,SF001,Kembung / Pelaling,Rastrelliger kanagurta,WILD,train,0e8d160cb0c93526,GBIF,https://www.inaturalist.org/observations/380958082,CC-BY-NC,REVIEW,Daniel Joaquin Aguirre Howes,KEMBUNG/gbif/9f953d64-8cf6-4f0b-a301-1bf7fcc1ea46.jpg,0e8d160cb0c9352657ce63f40463d9fd2e6ce46dfecfb9b4d3e186b13ae88bc7,source=GBIF; non-commercial licence
9ffe790f-5361-45f7-acb4-c9610cc6944a,SF001,Kembung / Pelaling,Rastrelliger kanagurta,WILD,train,b5dd3b8a82ce6e53,INATURALIST,https://www.inaturalist.org/observations/319535739,CC-BY-NC,REVIEW,"(c) Marleen Schouten, some rights reserved (CC BY-NC)",KEMBUNG/inaturalist/9ffe790f-5361-45f7-acb4-c9610cc6944a.jpg,b5dd3b8a82ce6e539c533535906e6e241ef4e353cd1591a4fda82feb52db6eda,source=INATURALIST; non-commercial licence
a07ee875-19f7-4415-afde-4a741e659032,SF001,Kembung / Pelaling,Rastrelliger kanagurta,WILD,test_clean,203401b3eab40b9d,INATURALIST,https://www.inaturalist.org/observations/387071750,CC-BY-NC,REVIEW,"(c) Jon Aull, some rights reserved (CC BY-NC)",KEMBUNG/inaturalist/a07ee875-19f7-4415-afde-4a741e659032.jpg,203401b3eab40b9d9801e4c79732a0a1fc0c15398d8a163f6d28e447a247bdb2,source=INATURALIST; non-commercial licence
a1d25ad1-5efb-46c0-9032-ee933a397efc,SF001,Kembung / Pelaling,Rastrelliger kanagurta,WILD,train,6f81cf4bec21ebc3,GBIF,https://www.inaturalist.org/observations/264786786,CC-BY-NC,REVIEW,momaz,KEMBUNG/gbif/a1d25ad1-5efb-46c0-9032-ee933a397efc.jpg,6f81cf4bec21ebc31e2fedac6e3bf2f2bfe9e735faad4544c842c949b7574efa,source=GBIF; non-commercial licence
a2434e28-8a41-4670-a36f-2ab744e4459e,SF001,Kembung / Pelaling,Rastrelliger kanagurta,WILD,train,01a9ae65c7c53097,INATURALIST,https://www.inaturalist.org/observations/381537492,CC-BY-NC,REVIEW,"(c) Jean-Marc Jeckelmann, some rights reserved (CC BY-NC)",KEMBUNG/inaturalist/a2434e28-8a41-4670-a36f-2ab744e4459e.jpg,01a9ae65c7c53097daaa63e765a45e837d69020115c0bf11f74611f266e01817,source=INATURALIST; non-commercial licence
a36a54c4-b442-44a7-bce8-3c2412881370,SF001,Kembung / Pelaling,Rastrelliger kanagurta,WILD,train,1788a22365df53dc,INATURALIST,https://www.inaturalist.org/observations/319535739,CC-BY-NC,REVIEW,"(c) Marleen Schouten, some rights reserved (CC BY-NC)",KEMBUNG/inaturalist/a36a54c4-b442-44a7-bce8-3c2412881370.jpg,1788a22365df53dca326b416ee44736b4463fffcace9923aa90afdd384478b6d,source=INATURALIST; non-commercial licence
a4c9addf-8866-4d97-99e8-df962dfed673,SF001,Kembung / Pelaling,Rastrelliger kanagurta,WILD,train,7e44239bf64fdd40,GBIF,https://www.inaturalist.org/observations/271177090,CC-BY-NC,REVIEW,davidbeo,KEMBUNG/gbif/a4c9addf-8866-4d97-99e8-df962dfed673.jpg,7e44239bf64fdd40018c5119356d04025c03751e1f80bcdbc082a2155941f8c2,source=GBIF; non-commercial licence
a548a661-6939-4575-916e-60957e180a11,SF001,Kembung / Pelaling,Rastrelliger kanagurta,WILD,train,64b5ac66b036299c,INATURALIST,https://www.inaturalist.org/observations/331485408,CC-BY-NC,REVIEW,"(c) AJ, some rights reserved (CC BY-NC)",KEMBUNG/inaturalist/a548a661-6939-4575-916e-60957e180a11.jpg,64b5ac66b036299c6f7b8f8d987f442b2b74025f7023b2ced96de427b264afa0,source=INATURALIST; non-commercial licence
a73c1322-343c-4954-8016-22b27991821d,SF001,Kembung / Pelaling,Rastrelliger kanagurta,WILD,train,0eee1823f678f713,INATURALIST,https://www.inaturalist.org/observations/387071750,CC-BY-NC,REVIEW,"(c) Jon Aull, some rights reserved (CC BY-NC)",KEMBUNG/inaturalist/a73c1322-343c-4954-8016-22b27991821d.jpg,0eee1823f678f713ed84fc236db2a8d6efbdf8d912a90510ad63629930677f9b,source=INATURALIST; non-commercial licence
a803d0a0-85b2-4146-99f2-60d1bfa8b6e2,SF001,Kembung / Pelaling,Rastrelliger kanagurta,WILD,train,d573ddbf821ae077,INATURALIST,https://www.inaturalist.org/observations/346399784,CC-BY-NC,REVIEW,"(c) andrey_smetanin, some rights reserved (CC BY-NC)",KEMBUNG/inaturalist/a803d0a0-85b2-4146-99f2-60d1bfa8b6e2.jpg,d573ddbf821ae07790dbd41a4e673553beff4c4e73f6cbe8e2e5f220267bc57d,source=INATURALIST; non-commercial licence
a83e7c5e-b526-4c71-be99-3a5e0ed63098,SF001,Kembung / Pelaling,Rastrelliger kanagurta,WILD,test_clean,8d04b1a4a51fd299,GBIF,https://www.inaturalist.org/observations/338478700,CC-BY,YES,Jan Ebr & Ivana Ebrová,KEMBUNG/gbif/a83e7c5e-b526-4c71-be99-3a5e0ed63098.jpg,8d04b1a4a51fd299e89445d8e62523498f52113bf48505a061c38b882405cc4b,source=GBIF
a87e6b15-688d-4dfc-9b81-07000b83e684,SF001,Kembung / Pelaling,Rastrelliger kanagurta,WILD,train,7904ef1775b3ea3a,INATURALIST,https://www.inaturalist.org/observations/342244399,CC-BY-NC,REVIEW,"(c) roberttheintrepid, some rights reserved (CC BY-NC)",KEMBUNG/inaturalist/a87e6b15-688d-4dfc-9b81-07000b83e684.jpg,7904ef1775b3ea3adf032b67c9cd425cd8909ce3343ddf97342b590aeac6f3bc,source=INATURALIST; non-commercial licence
adfd5ac8-c1db-4e44-b109-b65230810eef,SF001,Kembung / Pelaling,Rastrelliger kanagurta,WILD,test_clean,a132555c1b5d9b8f,INATURALIST,https://www.inaturalist.org/observations/319535739,CC-BY-NC,REVIEW,"(c) Marleen Schouten, some rights reserved (CC BY-NC)",KEMBUNG/inaturalist/adfd5ac8-c1db-4e44-b109-b65230810eef.jpg,a132555c1b5d9b8f55eb4109ea329fba4f29d03fb5affab4cedcc669e4299251,source=INATURALIST; non-commercial licence
b0b25554-071c-4c8f-9a96-753e77b8701d,SF001,Kembung / Pelaling,Rastrelliger kanagurta,WILD,test_clean,753942cf3d3cda32,INATURALIST,https://www.inaturalist.org/observations/347242896,CC-BY-NC,REVIEW,"(c) Josy Lai, some rights reserved (CC BY-NC)",KEMBUNG/inaturalist/b0b25554-071c-4c8f-9a96-753e77b8701d.jpg,753942cf3d3cda32d252a7c9ebd44e1128a92419fa435bd7853bce1f7eaa9ddc,source=INATURALIST; non-commercial licence
b0f109a3-099b-432a-ab49-1dd5cf3e9797,SF001,Kembung / Pelaling,Rastrelliger kanagurta,WILD,train,172d89e8d8fad268,GBIF,https://www.inaturalist.org/observations/271177090,CC-BY-NC,REVIEW,davidbeo,KEMBUNG/gbif/b0f109a3-099b-432a-ab49-1dd5cf3e9797.jpg,172d89e8d8fad26874dfe0bc46b9b20fc166ef15c8dd08f1c932bb8713119776,source=GBIF; non-commercial licence
b1d783a5-4d8f-4a48-87ab-313daf49890d,SF001,Kembung / Pelaling,Rastrelliger kanagurta,WILD,val,2fc0bedea61a2239,FISH_VISTA,https://fishair.org/hdr-share/ftp/ark/89609/morphbank/cs00zf4q.jpeg,CC-BY-NC-SA,REVIEW,Morphbank,KEMBUNG/fish_vista/b1d783a5-4d8f-4a48-87ab-313daf49890d.jpg,2fc0bedea61a2239bcdcd34e2f495e92433ce8167cfdb615a1bffbd4e6d9967a,source=FISH_VISTA; non-commercial licence
b2e2e156-6193-44ca-a0e9-726d4c55678f,SF001,Kembung / Pelaling,Rastrelliger kanagurta,WILD,train,1d26d43aaf913a26,GBIF,https://www.inaturalist.org/observations/263072769,CC-BY-NC,REVIEW,David Bygott,KEMBUNG/gbif/b2e2e156-6193-44ca-a0e9-726d4c55678f.jpg,1d26d43aaf913a261882029d4eff2d7b90a832527185b29313f28f871187d3db,source=GBIF; non-commercial licence
b4e4b03d-d4de-49a4-ade4-0275d4354696,SF001,Kembung / Pelaling,Rastrelliger kanagurta,WILD,train,51804b5c5a847aca,INATURALIST,https://www.inaturalist.org/observations/319535797,CC-BY-NC,REVIEW,"(c) Marleen Schouten, some rights reserved (CC BY-NC)",KEMBUNG/inaturalist/b4e4b03d-d4de-49a4-ade4-0275d4354696.jpg,51804b5c5a847acad0451ac52681e16208d582c15ff92e373c26ac61818830cd,source=INATURALIST; non-commercial licence
b5ec053a-e7f6-49be-8f9a-27ca6d93debd,SF001,Kembung / Pelaling,Rastrelliger kanagurta,WILD,train,109ecd75e1446a6b,GBIF,https://www.inaturalist.org/observations/267017725,CC-BY-NC,REVIEW,asanoth,KEMBUNG/gbif/b5ec053a-e7f6-49be-8f9a-27ca6d93debd.jpg,109ecd75e1446a6b0a95e42e095fc3e794fb342d67f9178317465da5cd8a71dc,source=GBIF; non-commercial licence
b681a33a-7fd5-4c63-a583-836f8b2f8759,SF001,Kembung / Pelaling,Rastrelliger kanagurta,WILD,train,e61553e6fc863d5a,GBIF,https://www.inaturalist.org/observations/338433625,CC-BY-NC,REVIEW,emajorova,KEMBUNG/gbif/b681a33a-7fd5-4c63-a583-836f8b2f8759.jpg,e61553e6fc863d5a9f9cda563b45eb9bee017b6a42aef9367b437ae21b51a11c,source=GBIF; non-commercial licence
b723b257-d200-42b9-9a1a-180d587c0d3f,SF001,Kembung / Pelaling,Rastrelliger kanagurta,WILD,val,0af54c767b11aeeb,GBIF,https://www.inaturalist.org/observations/265413453,CC-BY-NC,REVIEW,Radim J. Vašut,KEMBUNG/gbif/b723b257-d200-42b9-9a1a-180d587c0d3f.jpg,0af54c767b11aeebc28ef8344440a580ff4251fd6a78fca478ddc6f432d1e3bc,source=GBIF; non-commercial licence
b8b9610a-a0f5-45a0-a240-4475d9a28cef,SF001,Kembung / Pelaling,Rastrelliger kanagurta,WILD,test_clean,8f62184d4e3bc9b5,INATURALIST,https://www.inaturalist.org/observations/369590039,CC-BY-NC,REVIEW,"(c) momaz, some rights reserved (CC BY-NC)",KEMBUNG/inaturalist/b8b9610a-a0f5-45a0-a240-4475d9a28cef.jpg,8f62184d4e3bc9b5f1e562beb451c7a8dee03e8865e50dc87cbacdfcc111cd68,source=INATURALIST; non-commercial licence
ba5915fd-1c84-40ff-9c70-5d0839524ad0,SF001,Kembung / Pelaling,Rastrelliger kanagurta,WILD,train,080d2db0752bac8b,GBIF,https://www.inaturalist.org/observations/337990220,CC-BY-NC,REVIEW,emajorova,KEMBUNG/gbif/ba5915fd-1c84-40ff-9c70-5d0839524ad0.jpg,080d2db0752bac8b24d0c5185d60ac812682bab8086fd6907ec466ff2a14612e,source=GBIF; non-commercial licence
bb49cec1-2315-43bb-b062-6ac14e7f4129,SF001,Kembung / Pelaling,Rastrelliger kanagurta,WILD,train,8ae79efa82b58bfc,GBIF,https://www.inaturalist.org/observations/338227438,CC-BY-NC,REVIEW,emajorova,KEMBUNG/gbif/bb49cec1-2315-43bb-b062-6ac14e7f4129.jpg,8ae79efa82b58bfcddfdd229a2297b3c886350246577667d62b4623734cea87e,source=GBIF; non-commercial licence
bc34b8fc-79c6-4835-9066-233f8e2c4b56,SF001,Kembung / Pelaling,Rastrelliger kanagurta,WILD,train,949c559a446739ba,INATURALIST,https://www.inaturalist.org/observations/333072436,CC-BY-NC,REVIEW,"(c) Jens Sommer-Knudsen, some rights reserved (CC BY-NC)",KEMBUNG/inaturalist/bc34b8fc-79c6-4835-9066-233f8e2c4b56.jpg,949c559a446739ba87d656a66d475e8120568a621d59f3c4f0c7615caf23c775,source=INATURALIST; non-commercial licence
bc88651e-e192-4a61-a571-82c2e2dde6eb,SF001,Kembung / Pelaling,Rastrelliger kanagurta,WILD,train,0b25900d63f790a9,INATURALIST,https://www.inaturalist.org/observations/334194354,CC-BY-NC,REVIEW,"(c) Jens Sommer-Knudsen, some rights reserved (CC BY-NC)",KEMBUNG/inaturalist/bc88651e-e192-4a61-a571-82c2e2dde6eb.jpg,0b25900d63f790a917dc4fc5eb2ad7023b4f17a8291a9a98e20805fe67133b4c,source=INATURALIST; non-commercial licence
bda850cb-1014-4751-98a8-2c1cf65e13c6,SF001,Kembung / Pelaling,Rastrelliger kanagurta,WILD,test_clean,c534fc2e29d08ff9,INATURALIST,https://www.inaturalist.org/observations/390184123,CC-BY-NC,REVIEW,"(c) Niran Anurakpongsathorn, some rights reserved (CC BY-NC)",KEMBUNG/inaturalist/bda850cb-1014-4751-98a8-2c1cf65e13c6.jpg,c534fc2e29d08ff9d30a1f9c9b5983b4a062ec6516041a7556daddd0395be7c6,source=INATURALIST; non-commercial licence
c041248a-9499-419f-ad10-3067d913ad91,SF001,Kembung / Pelaling,Rastrelliger kanagurta,WILD,val,c8ce1e69e20477b6,INATURALIST,https://www.inaturalist.org/observations/337946242,CC-BY-NC,REVIEW,"(c) Ingmar Rondeel, some rights reserved (CC BY-NC)",KEMBUNG/inaturalist/c041248a-9499-419f-ad10-3067d913ad91.jpg,c8ce1e69e20477b6352f7c5c782f42b7be21b582b9fb2e52b7a9bd73120c29bc,source=INATURALIST; non-commercial licence
c0d9baf0-f0b7-4472-8e0b-9356e71ef9d8,SF001,Kembung / Pelaling,Rastrelliger kanagurta,WILD,train,c93bcf192baef47e,INATURALIST,https://www.inaturalist.org/observations/381572659,CC-BY-NC,REVIEW,"(c) Nurhafizh Sri Albarra, some rights reserved (CC BY-NC)",KEMBUNG/inaturalist/c0d9baf0-f0b7-4472-8e0b-9356e71ef9d8.jpg,c93bcf192baef47e110a040d56da40a4e70cca7e4bc3026097d867852f330912,source=INATURALIST; non-commercial licence
c0f81303-c9c4-45b5-a78e-45ffaf187762,SF001,Kembung / Pelaling,Rastrelliger kanagurta,WILD,train,aeb839d9efce27c4,INATURALIST,https://www.inaturalist.org/observations/336037206,CC-BY,YES,"(c) Ashwin A, some rights reserved (CC BY)",KEMBUNG/inaturalist/c0f81303-c9c4-45b5-a78e-45ffaf187762.jpg,aeb839d9efce27c4404d77c7ad0d08edfb7cbe99c81fa7ddfc0e10c697f1d100,source=INATURALIST
c15b7913-d20d-44eb-be26-6bfc7a931bfe,SF001,Kembung / Pelaling,Rastrelliger kanagurta,WILD,train,b5191c969f1b01f9,INATURALIST,https://www.inaturalist.org/observations/327624718,CC-BY-NC,REVIEW,"(c) sisi_ze, some rights reserved (CC BY-NC)",KEMBUNG/inaturalist/c15b7913-d20d-44eb-be26-6bfc7a931bfe.jpg,b5191c969f1b01f9fbc3b1421cc10f963df457ba34814c1a87f78f1fc7bdbe8f,source=INATURALIST; non-commercial licence
c15d328e-d036-456e-b3e4-eee04f574016,SF001,Kembung / Pelaling,Rastrelliger kanagurta,WILD,train,e69b664540ccb202,GBIF,https://www.inaturalist.org/observations/338222587,CC-BY-NC,REVIEW,emajorova,KEMBUNG/gbif/c15d328e-d036-456e-b3e4-eee04f574016.jpg,e69b664540ccb202fdf50422938533180325f6b0107e60910d1d5f8bd73b9f9c,source=GBIF; non-commercial licence
c335355b-4dbb-42d4-a5f5-2a26daa626b6,SF001,Kembung / Pelaling,Rastrelliger kanagurta,WILD,val,d5bbf70f471c26c4,GBIF,https://www.inaturalist.org/observations/264893399,CC-BY-NC,REVIEW,willthelad,KEMBUNG/gbif/c335355b-4dbb-42d4-a5f5-2a26daa626b6.jpg,d5bbf70f471c26c401bec2db44000143ef02ed8f4d0b4593bbce401626227e8b,source=GBIF; non-commercial licence
c61bafe0-44ee-4c39-ba4e-566f1cca0235,SF001,Kembung / Pelaling,Rastrelliger kanagurta,WILD,train,645d7767a95d36b0,GBIF,https://www.inaturalist.org/observations/271177090,CC-BY-NC,REVIEW,davidbeo,KEMBUNG/gbif/c61bafe0-44ee-4c39-ba4e-566f1cca0235.jpg,645d7767a95d36b0c43829a9f24dedc625425b3e0075fcc5f9fa803feeddd6f6,source=GBIF; non-commercial licence
c7994959-8daf-4e40-a56a-892b35add3f9,SF001,Kembung / Pelaling,Rastrelliger kanagurta,WILD,test_clean,e7f3c6894d56ebbe,INATURALIST,https://www.inaturalist.org/observations/328319735,CC-BY-NC,REVIEW,"(c) momaz, some rights reserved (CC BY-NC)",KEMBUNG/inaturalist/c7994959-8daf-4e40-a56a-892b35add3f9.jpg,e7f3c6894d56ebbe32337333f193f6e760a200a9f5eaf40bc11cfb5cbd794927,source=INATURALIST; non-commercial licence
c87fac61-5ba9-47d9-ab49-e2ed358347a6,SF001,Kembung / Pelaling,Rastrelliger kanagurta,WILD,train,6f4cd6bada785f77,INATURALIST,https://www.inaturalist.org/observations/336031451,CC-BY,YES,"(c) Ashwin A, some rights reserved (CC BY)",KEMBUNG/inaturalist/c87fac61-5ba9-47d9-ab49-e2ed358347a6.jpg,6f4cd6bada785f7793dce2944fed27f6f88b182a1a8b2d91694e6848ebf867c7,source=INATURALIST
c8c3f7a6-ff13-4f56-b990-e1ba93904e55,SF001,Kembung / Pelaling,Rastrelliger kanagurta,WILD,val,8d50898fbeeb9ce9,INATURALIST,https://www.inaturalist.org/observations/369554978,CC-BY-NC,REVIEW,"(c) Kingfish, some rights reserved (CC BY-NC)",KEMBUNG/inaturalist/c8c3f7a6-ff13-4f56-b990-e1ba93904e55.jpg,8d50898fbeeb9ce971bc1ff54463a10d7ebe5aa8ff09d0a9684d97e58a4e1485,source=INATURALIST; non-commercial licence
ca639f84-991a-475d-9b02-81aef4886532,SF001,Kembung / Pelaling,Rastrelliger kanagurta,WILD,test_clean,d2b2559ccfdf47a6,INATURALIST,https://www.inaturalist.org/observations/319600448,CC-BY-NC,REVIEW,"(c) Marleen Schouten, some rights reserved (CC BY-NC)",KEMBUNG/inaturalist/ca639f84-991a-475d-9b02-81aef4886532.jpg,d2b2559ccfdf47a626e674668ea6f50450da9860783e353252ebda9aae22d98f,source=INATURALIST; non-commercial licence
cc6359e2-d49d-418b-abf5-71e3778b5142,SF001,Kembung / Pelaling,Rastrelliger kanagurta,WILD,train,7f06ab0861908e00,GBIF,https://www.inaturalist.org/observations/279516544,CC-BY-NC,REVIEW,Wilco Vertegaal,KEMBUNG/gbif/cc6359e2-d49d-418b-abf5-71e3778b5142.jpg,7f06ab0861908e006f11127412571cf165bd7dde31ce431fc94341189442763d,source=GBIF; non-commercial licence
cfecb9ac-8243-4047-a7fc-a4344536bbc2,SF001,Kembung / Pelaling,Rastrelliger kanagurta,WILD,train,0dcb8acfa5efa918,INATURALIST,https://www.inaturalist.org/observations/325067794,CC-BY-NC,REVIEW,"(c) craigjhowe, some rights reserved (CC BY-NC)",KEMBUNG/inaturalist/cfecb9ac-8243-4047-a7fc-a4344536bbc2.jpg,0dcb8acfa5efa918e0f393b9886f6f755d7d22b7496896ef7f562ebeec8f674f,source=INATURALIST; non-commercial licence
d036e82d-f0c6-49b1-bbfe-7e1a8c57ba8d,SF001,Kembung / Pelaling,Rastrelliger kanagurta,WILD,train,276bf4c6a54d018e,INATURALIST,https://www.inaturalist.org/observations/338421212,CC-BY-NC,REVIEW,"(c) donnymidas, some rights reserved (CC BY-NC)",KEMBUNG/inaturalist/d036e82d-f0c6-49b1-bbfe-7e1a8c57ba8d.jpg,276bf4c6a54d018ebf7ec03e24a2289d6312e151b7d12486805b080cbc057650,source=INATURALIST; non-commercial licence
d1d9bb6a-c71e-4797-bc22-05e15aa8c51b,SF001,Kembung / Pelaling,Rastrelliger kanagurta,WILD,train,6cd0be2a2b2ecf42,INATURALIST,https://www.inaturalist.org/observations/337914418,CC-BY-NC,REVIEW,"(c) momaz, some rights reserved (CC BY-NC)",KEMBUNG/inaturalist/d1d9bb6a-c71e-4797-bc22-05e15aa8c51b.jpg,6cd0be2a2b2ecf42707e161ca89ac8593207fc160a0574d7ee34a8e0bc18a7d9,source=INATURALIST; non-commercial licence
d33408fb-c992-4f25-aaa6-f8e02d6e6548,SF001,Kembung / Pelaling,Rastrelliger kanagurta,WILD,train,1b7b1f9d6cecbc8c,INATURALIST,https://www.inaturalist.org/observations/340631791,CC-BY-NC,REVIEW,"(c) National Coral Reef Monitoring Program - Pacific Region, some rights reserved (CC BY-NC)",KEMBUNG/inaturalist/d33408fb-c992-4f25-aaa6-f8e02d6e6548.jpg,1b7b1f9d6cecbc8c51fbe34beb375589f76cd5559a0dc9b16600b6610eda4847,source=INATURALIST; non-commercial licence
d46c931d-a645-45fd-bc3e-1f3b511f187c,SF001,Kembung / Pelaling,Rastrelliger kanagurta,WILD,train,e2a19b88650fcb34,INATURALIST,https://www.inaturalist.org/observations/330966492,CC-BY,YES,"(c) Ben Costamagna, some rights reserved (CC BY)",KEMBUNG/inaturalist/d46c931d-a645-45fd-bc3e-1f3b511f187c.jpg,e2a19b88650fcb34b3c0d02f449aa2a910078edd6936699e85941549e2281665,source=INATURALIST
d5a5dc73-5fd6-4e9b-b1ef-db43a68a2b76,SF001,Kembung / Pelaling,Rastrelliger kanagurta,WILD,train,fc40590bcc5b9325,GBIF,https://www.inaturalist.org/observations/264459248,CC-BY-NC,REVIEW,naturalistnkc,KEMBUNG/gbif/d5a5dc73-5fd6-4e9b-b1ef-db43a68a2b76.jpg,fc40590bcc5b9325b330c66839b4562fbb38459d4aa0efdf350c6353140e10d4,source=GBIF; non-commercial licence
d72d7c92-529f-49d3-a116-b5ecca410d33,SF001,Kembung / Pelaling,Rastrelliger kanagurta,WILD,train,1f157888c3b56da0,GBIF,https://www.inaturalist.org/observations/332997559,CC-BY-NC,REVIEW,joyywu,KEMBUNG/gbif/d72d7c92-529f-49d3-a116-b5ecca410d33.jpg,1f157888c3b56da043dd6c42308a3297e32c3df06fc4c942dac066fae5f93484,source=GBIF; non-commercial licence
dc51abf6-bcf3-4aa7-a561-939a192bcb14,SF001,Kembung / Pelaling,Rastrelliger kanagurta,WILD,test_clean,2b7adb1eeaf7919a,INATURALIST,https://www.inaturalist.org/observations/319535797,CC-BY-NC,REVIEW,"(c) Marleen Schouten, some rights reserved (CC BY-NC)",KEMBUNG/inaturalist/dc51abf6-bcf3-4aa7-a561-939a192bcb14.jpg,2b7adb1eeaf7919a159f335df03205bdc43a1f6cc8b66be7daae4908ad71c5d7,source=INATURALIST; non-commercial licence
de178d43-2a35-4abf-9ee8-80aa0f599183,SF001,Kembung / Pelaling,Rastrelliger kanagurta,WILD,test_clean,a583eb557b853bac,INATURALIST,https://www.inaturalist.org/observations/333919241,CC-BY-NC,REVIEW,"(c) Tony Strazzari, some rights reserved (CC BY-NC)",KEMBUNG/inaturalist/de178d43-2a35-4abf-9ee8-80aa0f599183.jpg,a583eb557b853bac62d447fab13ad6204d330b56d5c5d444fa365a1894ac33f3,source=INATURALIST; non-commercial licence
de2f181a-d8d8-4440-96b8-5d84f68940d9,SF001,Kembung / Pelaling,Rastrelliger kanagurta,WILD,test_clean,c3469e25014a28da,INATURALIST,https://www.inaturalist.org/observations/373592962,CC-BY,YES,"(c) 呂一起(Lyu yi-chi), some rights reserved (CC BY)",KEMBUNG/inaturalist/de2f181a-d8d8-4440-96b8-5d84f68940d9.jpg,c3469e25014a28da27762994c0383b81c9a9150781dce3878f716e3fb1bcba23,source=INATURALIST
ded390cc-25ba-4e8c-ae93-f4c108951051,SF001,Kembung / Pelaling,Rastrelliger kanagurta,WILD,test_clean,158afe0001c67500,GBIF,https://www.inaturalist.org/observations/262808598,CC-BY-NC,REVIEW,Akshay Chaitanya Talachintala,KEMBUNG/gbif/ded390cc-25ba-4e8c-ae93-f4c108951051.jpg,158afe0001c675003442c2e60fb352dc5f729c21dc8d248cd8f5175f9b5647d2,source=GBIF; non-commercial licence
dee9ef90-72ce-4ab7-8176-e8d166e1dd40,SF001,Kembung / Pelaling,Rastrelliger kanagurta,WILD,test_clean,7c2b9785d0864707,GBIF,https://www.inaturalist.org/observations/260042019,CC-BY-NC,REVIEW,momaz,KEMBUNG/gbif/dee9ef90-72ce-4ab7-8176-e8d166e1dd40.jpg,7c2b9785d0864707ee5dad2f64c978acf97671913051d7cb9ca589de6758cb6b,source=GBIF; non-commercial licence
e093c7be-d6f6-4d5c-a536-d21b8897420e,SF001,Kembung / Pelaling,Rastrelliger kanagurta,WILD,train,523ee78df229f37a,GBIF,https://www.inaturalist.org/observations/263635495,CC-BY,YES,Darren Obbard,KEMBUNG/gbif/e093c7be-d6f6-4d5c-a536-d21b8897420e.jpg,523ee78df229f37a89497effc68dc865644274facd6c189cb3ac8bc442bfd4bc,source=GBIF
e114c9b1-63a4-4f18-acf4-e04bc040f7c0,SF001,Kembung / Pelaling,Rastrelliger kanagurta,WILD,train,a6abcfd15c48b049,GBIF,https://www.inaturalist.org/observations/340296406,CC-BY-NC,REVIEW,Quentin Brunelle,KEMBUNG/gbif/e114c9b1-63a4-4f18-acf4-e04bc040f7c0.jpg,a6abcfd15c48b049c436522275bb2b62e0f80054675ef99ef48a75a159e34b40,source=GBIF; non-commercial licence
e14f78cc-3a6b-49fd-9340-24dde3277cac,SF001,Kembung / Pelaling,Rastrelliger kanagurta,WILD,train,7fe6bd123e92269f,FISH_VISTA,https://fishair.org/hdr-share/ftp/ark/89609/morphbank/jm817s4p.jpeg,CC-BY-NC-SA,REVIEW,Morphbank,KEMBUNG/fish_vista/e14f78cc-3a6b-49fd-9340-24dde3277cac.jpg,7fe6bd123e92269f78377f36af2edb88b3f603ae9fe677c01ee8387ca858a96f,source=FISH_VISTA; non-commercial licence
e3172e53-1b61-457a-bd73-1c1ae4a2389f,SF001,Kembung / Pelaling,Rastrelliger kanagurta,WILD,test_clean,8d2976a86bde5222,INATURALIST,https://www.inaturalist.org/observations/335837895,CC-BY-NC,REVIEW,"(c) mulannn77, some rights reserved (CC BY-NC)",KEMBUNG/inaturalist/e3172e53-1b61-457a-bd73-1c1ae4a2389f.jpg,8d2976a86bde5222414107739b278e048e4224212c85064a1432dfb19abcc142,source=INATURALIST; non-commercial licence
e3bcd487-3f9a-4258-b0b2-d0a30de2f3b9,SF001,Kembung / Pelaling,Rastrelliger kanagurta,WILD,train,50fa6cabe5e51dfe,INATURALIST,https://www.inaturalist.org/observations/345862489,CC-BY-NC,REVIEW,"(c) Jiayuan Lin, some rights reserved (CC BY-NC)",KEMBUNG/inaturalist/e3bcd487-3f9a-4258-b0b2-d0a30de2f3b9.jpg,50fa6cabe5e51dfef4434cc70188de14e7cbee5311df555d52730878ecacadd2,source=INATURALIST; non-commercial licence
e42ffa1c-8d8e-4835-baa9-f7f97089529a,SF001,Kembung / Pelaling,Rastrelliger kanagurta,WILD,train,a8b0f9f4f7e5c552,INATURALIST,https://www.inaturalist.org/observations/319535797,CC-BY-NC,REVIEW,"(c) Marleen Schouten, some rights reserved (CC BY-NC)",KEMBUNG/inaturalist/e42ffa1c-8d8e-4835-baa9-f7f97089529a.jpg,a8b0f9f4f7e5c5520917e4ff7d79d189e0013dbfac34600f6e1beee3c0f63db4,source=INATURALIST; non-commercial licence
e43cbb7c-eebb-44e6-a2fb-3b1347bdf6fe,SF001,Kembung / Pelaling,Rastrelliger kanagurta,WILD,train,dd39a5f2a2e9ed87,GBIF,https://www.inaturalist.org/observations/259124243,CC-BY-NC,REVIEW,Roxanne Lazarus,KEMBUNG/gbif/e43cbb7c-eebb-44e6-a2fb-3b1347bdf6fe.jpg,dd39a5f2a2e9ed87201b9c49413e1c5562463a07cc57f670375170acc5c51cfb,source=GBIF; non-commercial licence
e5d08203-ccae-44e9-a114-de86d08037d6,SF001,Kembung / Pelaling,Rastrelliger kanagurta,WILD,train,71609905e12ef7d1,GBIF,https://www.inaturalist.org/observations/338222587,CC-BY-NC,REVIEW,emajorova,KEMBUNG/gbif/e5d08203-ccae-44e9-a114-de86d08037d6.jpg,71609905e12ef7d1d0922d980077b4c6f837a10cb1405c5440a72a55164fd728,source=GBIF; non-commercial licence
e66b15b2-552b-434a-9538-71109c165163,SF001,Kembung / Pelaling,Rastrelliger kanagurta,WILD,val,68abd07664f021af,INATURALIST,https://www.inaturalist.org/observations/345029314,CC-BY-NC,REVIEW,"(c) Niran Anurakpongsathorn, some rights reserved (CC BY-NC)",KEMBUNG/inaturalist/e66b15b2-552b-434a-9538-71109c165163.jpg,68abd07664f021af47ef549250a31576e5e2339e1b742a523e519d993438d424,source=INATURALIST; non-commercial licence
e6f68370-cbe1-4cdd-85fe-bc30fc709808,SF001,Kembung / Pelaling,Rastrelliger kanagurta,WILD,train,2a12d89bb2aa1ec1,GBIF,https://www.inaturalist.org/observations/333720964,CC-BY-NC,REVIEW,Boris,KEMBUNG/gbif/e6f68370-cbe1-4cdd-85fe-bc30fc709808.jpg,2a12d89bb2aa1ec11a94697327f6d2b37472464662b07bf948f0514eded89bf8,source=GBIF; non-commercial licence
e7349e21-7088-4455-b003-f49a2975a979,SF001,Kembung / Pelaling,Rastrelliger kanagurta,WILD,train,6b72e579e2bc4296,INATURALIST,https://www.inaturalist.org/observations/339547102,CC-BY-NC,REVIEW,"(c) sharkdevotee, some rights reserved (CC BY-NC)",KEMBUNG/inaturalist/e7349e21-7088-4455-b003-f49a2975a979.jpg,6b72e579e2bc42969678391b40b96811f6a280adc9c54fd96f8b121f7142c082,source=INATURALIST; non-commercial licence
e75c8e20-65d6-4595-a703-db00a96ea0d9,SF001,Kembung / Pelaling,Rastrelliger kanagurta,WILD,test_clean,766c76600599796b,INATURALIST,https://www.inaturalist.org/observations/381537492,CC-BY-NC,REVIEW,"(c) Jean-Marc Jeckelmann, some rights reserved (CC BY-NC)",KEMBUNG/inaturalist/e75c8e20-65d6-4595-a703-db00a96ea0d9.jpg,766c76600599796b1add25dfd89be4cbc72eb708d06bc59c318c34fe217f8b80,source=INATURALIST; non-commercial licence
e93c313e-4259-465f-a9bb-467cb97ffaec,SF001,Kembung / Pelaling,Rastrelliger kanagurta,WILD,train,f1a06c104c8664d8,INATURALIST,https://www.inaturalist.org/observations/319535739,CC-BY-NC,REVIEW,"(c) Marleen Schouten, some rights reserved (CC BY-NC)",KEMBUNG/inaturalist/e93c313e-4259-465f-a9bb-467cb97ffaec.jpg,f1a06c104c8664d896ec8c610eb1b49f6e402b524d38fb5a9957dd3e388d3f4e,source=INATURALIST; non-commercial licence
eace3de1-7fb5-4939-a041-2232d1d532fd,SF001,Kembung / Pelaling,Rastrelliger kanagurta,WILD,train,450973b460b751e3,INATURALIST,https://www.inaturalist.org/observations/339547102,CC-BY-NC,REVIEW,"(c) sharkdevotee, some rights reserved (CC BY-NC)",KEMBUNG/inaturalist/eace3de1-7fb5-4939-a041-2232d1d532fd.jpg,450973b460b751e39cfa349b45cdc48b518282bbfead916085ebe785188d49b1,source=INATURALIST; non-commercial licence
ebf34444-e57e-4683-bb0b-49711652d355,SF001,Kembung / Pelaling,Rastrelliger kanagurta,WILD,train,f6aebde9dd859df5,INATURALIST,https://www.inaturalist.org/observations/337184212,CC-BY-NC,REVIEW,"(c) momaz, some rights reserved (CC BY-NC)",KEMBUNG/inaturalist/ebf34444-e57e-4683-bb0b-49711652d355.jpg,f6aebde9dd859df536ef87e67421db06a5144c354e82e1b4ed05ef33e3cf6a2e,source=INATURALIST; non-commercial licence
ec9ba31a-d433-4908-b0e0-86b4fe46f35f,SF001,Kembung / Pelaling,Rastrelliger kanagurta,WILD,train,b7e1e72c1c7b342c,GBIF,https://www.inaturalist.org/observations/261143498,CC-BY-NC,REVIEW,Luca Borghesio,KEMBUNG/gbif/ec9ba31a-d433-4908-b0e0-86b4fe46f35f.jpg,b7e1e72c1c7b342cb1634f207bd42bedfdd33f6a4f19daa5bf8f8038a3c6876c,source=GBIF; non-commercial licence
ec9e5ee6-f23a-4292-aa9d-6398f46c5966,SF001,Kembung / Pelaling,Rastrelliger kanagurta,WILD,val,ddbe8d4bee64f732,INATURALIST,https://www.inaturalist.org/observations/358528954,CC-BY-NC,REVIEW,"(c) momaz, some rights reserved (CC BY-NC)",KEMBUNG/inaturalist/ec9e5ee6-f23a-4292-aa9d-6398f46c5966.jpg,ddbe8d4bee64f732cf381863730c41d7db092abc5f1e12cee3ba6a63fa3c32ed,source=INATURALIST; non-commercial licence
eca9b489-3689-4f85-a1a3-47f0b524307c,SF001,Kembung / Pelaling,Rastrelliger kanagurta,WILD,train,1927354aa26fecd2,INATURALIST,https://www.inaturalist.org/observations/326178713,CC-BY-NC,REVIEW,"(c) TGriffin, some rights reserved (CC BY-NC)",KEMBUNG/inaturalist/eca9b489-3689-4f85-a1a3-47f0b524307c.jpg,1927354aa26fecd272c3886eed66313746595f43725bdd1b3cf62743d888a57f,source=INATURALIST; non-commercial licence
f03a7543-5543-460b-af21-ea234659dabd,SF001,Kembung / Pelaling,Rastrelliger kanagurta,WILD,val,7ca5b85197bfacd0,GBIF,https://www.inaturalist.org/observations/260099376,CC-BY-NC,REVIEW,fachrynurmallojr,KEMBUNG/gbif/f03a7543-5543-460b-af21-ea234659dabd.jpg,7ca5b85197bfacd05aafb34b03d7682deac61bade3a4a6d95311ac8b19b09985,source=GBIF; non-commercial licence
f1546f6b-3a18-41c4-b8c3-892e0e93ab52,SF001,Kembung / Pelaling,Rastrelliger kanagurta,WILD,train,92d000e032bc7090,INATURALIST,https://www.inaturalist.org/observations/319535797,CC-BY-NC,REVIEW,"(c) Marleen Schouten, some rights reserved (CC BY-NC)",KEMBUNG/inaturalist/f1546f6b-3a18-41c4-b8c3-892e0e93ab52.jpg,92d000e032bc709004f904ba405aaf85d662406ac38f3b0ca13535ef135bac34,source=INATURALIST; non-commercial licence
f213a7df-568d-4cd3-8c01-fbd558a59f5d,SF001,Kembung / Pelaling,Rastrelliger kanagurta,WILD,val,36e15211a16fc86d,INATURALIST,https://www.inaturalist.org/observations/319600448,CC-BY-NC,REVIEW,"(c) Marleen Schouten, some rights reserved (CC BY-NC)",KEMBUNG/inaturalist/f213a7df-568d-4cd3-8c01-fbd558a59f5d.jpg,36e15211a16fc86d02d104c1730f20c53ce5d9529b2818d8c167cbb2d108ce04,source=INATURALIST; non-commercial licence
f2964f3d-4335-4827-b652-e023b82ee293,SF001,Kembung / Pelaling,Rastrelliger kanagurta,WILD,train,56d49c5f9faddd1d,INATURALIST,https://www.inaturalist.org/observations/322795592,CC-BY-NC,REVIEW,"(c) Sylvain Le Bris, some rights reserved (CC BY-NC)",KEMBUNG/inaturalist/f2964f3d-4335-4827-b652-e023b82ee293.jpg,56d49c5f9faddd1db2e277f2c7118a6dcdf0d3ca16861e64626dffc0d1947c0a,source=INATURALIST; non-commercial licence
f43f4652-30ff-4bbe-9d1f-1addcc0a9860,SF001,Kembung / Pelaling,Rastrelliger kanagurta,WILD,test_clean,e36903c91390125e,GBIF,https://www.inaturalist.org/observations/365745844,CC-BY-NC,REVIEW,mimsa,KEMBUNG/gbif/f43f4652-30ff-4bbe-9d1f-1addcc0a9860.jpg,e36903c91390125e8c82e67e296b27a4589a3a8cd1fc757d6c6a06c2af3fbb38,source=GBIF; non-commercial licence
f5f94708-880d-4169-bac4-8ea1091c56a9,SF001,Kembung / Pelaling,Rastrelliger kanagurta,WILD,train,f32da0ad15a0276f,GBIF,https://www.inaturalist.org/observations/262808598,CC-BY-NC,REVIEW,Akshay Chaitanya Talachintala,KEMBUNG/gbif/f5f94708-880d-4169-bac4-8ea1091c56a9.jpg,f32da0ad15a0276f9a2c9dc8fbdce62fd1bbff392badeeb2ea984020f503c067,source=GBIF; non-commercial licence
f757516f-0882-4664-bf0e-dbc62a5ecb44,SF001,Kembung / Pelaling,Rastrelliger kanagurta,WILD,train,9ab3da6ed4813619,GBIF,https://www.inaturalist.org/observations/338433625,CC-BY-NC,REVIEW,emajorova,KEMBUNG/gbif/f757516f-0882-4664-bf0e-dbc62a5ecb44.jpg,9ab3da6ed481361986d49796834bdf96f3fd012dbb1fc7726a10f16774419d79,source=GBIF; non-commercial licence
f7ad0cec-e8c9-473d-8554-e3594b945087,SF001,Kembung / Pelaling,Rastrelliger kanagurta,WILD,train,4c9d1c6816c3e82c,GBIF,https://www.inaturalist.org/observations/337990220,CC-BY-NC,REVIEW,emajorova,KEMBUNG/gbif/f7ad0cec-e8c9-473d-8554-e3594b945087.jpg,4c9d1c6816c3e82c1c3ac2bab3abcf9691c3e7cbc83910371a95a7b0d864ae08,source=GBIF; non-commercial licence
f8653262-a841-4304-8ed4-c4774dc715c0,SF001,Kembung / Pelaling,Rastrelliger kanagurta,WILD,train,baa7e5d968f0d981,INATURALIST,https://www.inaturalist.org/observations/333919241,CC-BY-NC,REVIEW,"(c) Tony Strazzari, some rights reserved (CC BY-NC)",KEMBUNG/inaturalist/f8653262-a841-4304-8ed4-c4774dc715c0.jpg,baa7e5d968f0d98146106eaa251ec241cc04bd8fbbc2db642480e1c36deb7e31,source=INATURALIST; non-commercial licence
f8ff94d5-78a3-412c-8c07-ccef42739b3c,SF001,Kembung / Pelaling,Rastrelliger kanagurta,WILD,train,df9ba31623910121,GBIF,https://www.inaturalist.org/observations/384038417,CC-BY-NC,REVIEW,schafhoernle,KEMBUNG/gbif/f8ff94d5-78a3-412c-8c07-ccef42739b3c.jpg,df9ba31623910121b08e31a4fd65478934abd2343785865c4d171482e858be6b,source=GBIF; non-commercial licence
f90eb6cc-ed2f-4958-b90a-ec31c92b1aa6,SF001,Kembung / Pelaling,Rastrelliger kanagurta,WILD,train,217ca7d7d2324e43,INATURALIST,https://www.inaturalist.org/observations/319535797,CC-BY-NC,REVIEW,"(c) Marleen Schouten, some rights reserved (CC BY-NC)",KEMBUNG/inaturalist/f90eb6cc-ed2f-4958-b90a-ec31c92b1aa6.jpg,217ca7d7d2324e43ab5eeb6ceeb21c2d4196e0adc688caa2ec0e5db1c1d0f43b,source=INATURALIST; non-commercial licence
fa49e094-2947-4efe-aeba-788f8b7a157a,SF001,Kembung / Pelaling,Rastrelliger kanagurta,WILD,train,002bd465ce550e82,INATURALIST,https://www.inaturalist.org/observations/346399784,CC-BY-NC,REVIEW,"(c) andrey_smetanin, some rights reserved (CC BY-NC)",KEMBUNG/inaturalist/fa49e094-2947-4efe-aeba-788f8b7a157a.jpg,002bd465ce550e82f2b4d43794b81f63ecbe3e574a17448f6dc11907268332a9,source=INATURALIST; non-commercial licence
faaa4d8b-8647-468f-919c-3536fe4b539a,SF001,Kembung / Pelaling,Rastrelliger kanagurta,WILD,train,1fff9e0b246b5095,INATURALIST,https://www.inaturalist.org/observations/328162941,CC-BY-NC,REVIEW,"(c) cathylebouteiller, some rights reserved (CC BY-NC)",KEMBUNG/inaturalist/faaa4d8b-8647-468f-919c-3536fe4b539a.jpg,1fff9e0b246b5095f7874d37512f59460a99011900617e9fe432bb90b31fc41d,source=INATURALIST; non-commercial licence
fc7fbc5e-15ec-47ee-a37e-87a77e11aa4d,SF001,Kembung / Pelaling,Rastrelliger kanagurta,WILD,val,8ab6ee4af75468fd,INATURALIST,https://www.inaturalist.org/observations/358174964,CC-BY-NC,REVIEW,"(c) Carmelina, some rights reserved (CC BY-NC)",KEMBUNG/inaturalist/fc7fbc5e-15ec-47ee-a37e-87a77e11aa4d.jpg,8ab6ee4af75468fdab271e85874d4ae5224785f0a6f5ff795490f84f4cf902b8,source=INATURALIST; non-commercial licence
fd0115bf-a6c0-4d51-be1f-e99c557136be,SF001,Kembung / Pelaling,Rastrelliger kanagurta,WILD,train,43f25aafd8cdffa1,GBIF,https://www.inaturalist.org/observations/337105792,CC-BY-NC,REVIEW,Matteo Pia,KEMBUNG/gbif/fd0115bf-a6c0-4d51-be1f-e99c557136be.jpg,43f25aafd8cdffa15fddc2df44f6b0cdee76f07f0ba9e5973f2511195a41048c,source=GBIF; non-commercial licence
fdb285f9-e86e-48c1-9046-8f9ffcd2635d,SF001,Kembung / Pelaling,Rastrelliger kanagurta,WILD,train,201ce8c05624f98a,INATURALIST,https://www.inaturalist.org/observations/340562125,CC-BY-NC-SA,REVIEW,"(c) Vivek.N.Rathod, some rights reserved (CC BY-NC-SA)",KEMBUNG/inaturalist/fdb285f9-e86e-48c1-9046-8f9ffcd2635d.jpg,201ce8c05624f98aa8308b0025094d4fe781100fd4d51a72e4366d151b258fad,source=INATURALIST; non-commercial licence
fec975f5-d09d-408c-b9f7-449f847dd5b0,SF001,Kembung / Pelaling,Rastrelliger kanagurta,WILD,train,9124d3c6009f9e42,INATURALIST,https://www.inaturalist.org/observations/359753204,CC-BY-NC,REVIEW,"(c) Shinoy Joseph Sabu, some rights reserved (CC BY-NC)",KEMBUNG/inaturalist/fec975f5-d09d-408c-b9f7-449f847dd5b0.jpg,9124d3c6009f9e4242d55b064fbb51502b8f0cd5a776206e4758fd6d962466fd,source=INATURALIST; non-commercial licence
fedccb1d-3696-4c16-a8d6-fe3d5db1c952,SF001,Kembung / Pelaling,Rastrelliger kanagurta,WILD,train,50fe7b08bbf89cdb,GBIF,https://www.inaturalist.org/observations/267179045,CC-BY-NC,REVIEW,Sakshi,KEMBUNG/gbif/fedccb1d-3696-4c16-a8d6-fe3d5db1c952.jpg,50fe7b08bbf89cdb1d3537defd0f325eb2e17311222fb97aab8c9ecaea269b80,source=GBIF; non-commercial licence
ff7ea17d-b144-4806-9666-202e39a88d0a,SF001,Kembung / Pelaling,Rastrelliger kanagurta,WILD,train,606a508b1f98df8f,INATURALIST,https://www.inaturalist.org/observations/330966492,CC-BY,YES,"(c) Ben Costamagna, some rights reserved (CC BY)",KEMBUNG/inaturalist/ff7ea17d-b144-4806-9666-202e39a88d0a.jpg,606a508b1f98df8fe8d9229f82aa2c32796cfb84522cfdf5073815b8571e62a6,source=INATURALIST
0034ad14-88ac-4596-991f-377655981261,SF007,Cencaru,Megalaspis cordyla,WILD,train,31fc6edf4e4e664b,WIKIMEDIA_COMMONS,https://commons.wikimedia.org/wiki/File:Megalaspis_cordyla_distribution.png,PUBLIC-DOMAIN,YES,Own work,CENCARU/wikimedia_commons/0034ad14-88ac-4596-991f-377655981261.jpg,31fc6edf4e4e664b5ce550045f5459f4f0f0e81e061b4872dfd45ca8bc00207d,source=WIKIMEDIA_COMMONS; taxon_match=EXACT_CATEGORY
003ae618-5570-4995-a671-93a08cd0ff40,SF007,Cencaru,Megalaspis cordyla,WILD,train,59bfe488c5c823f8,ATLAS_OF_LIVING_AUSTRALIA,https://www.inaturalist.org/observations/154947006,CC-BY-NC,REVIEW,slenderp51,CENCARU/atlas_of_living_australia/003ae618-5570-4995-a671-93a08cd0ff40.jpg,59bfe488c5c823f84c4e99421287360006c10e23504fd6841d9a3e362f2e8588,source=ATLAS_OF_LIVING_AUSTRALIA; non-commercial licence
039224d8-6205-4cfe-8313-1fc37f066d3d,SF007,Cencaru,Megalaspis cordyla,WILD,train,e4a6a6a14c3b42b0,INATURALIST,https://www.inaturalist.org/observations/302524330,CC-BY-NC-SA,REVIEW,"(c) Vivek.N.Rathod, some rights reserved (CC BY-NC-SA)",CENCARU/inaturalist/039224d8-6205-4cfe-8313-1fc37f066d3d.jpg,e4a6a6a14c3b42b0d242ccd5b6810c06c1ce4f98927a098d114a6298b74a39c9,source=INATURALIST; non-commercial licence
03a9d4f9-ac98-4603-928f-4fe7c660383c,SF007,Cencaru,Megalaspis cordyla,WILD,train,0241291134d19a10,INATURALIST,https://www.inaturalist.org/observations/259637779,CC-BY-NC,REVIEW,"(c) bmc241, some rights reserved (CC BY-NC)",CENCARU/inaturalist/03a9d4f9-ac98-4603-928f-4fe7c660383c.jpg,0241291134d19a10c4de572de90a5f5aa8e7ef07741dedd7e1274d4eda03db3e,source=INATURALIST; non-commercial licence
07dbcf7c-8aae-438b-baa7-1be9f2c0f257,SF007,Cencaru,Megalaspis cordyla,WILD,train,78fb2c2a9b44053d,GBIF,https://www.gbif.org/occurrence/1230399423,CC-BY,YES,10067.jpg,CENCARU/gbif/07dbcf7c-8aae-438b-baa7-1be9f2c0f257.jpg,78fb2c2a9b44053d692c95bd26020be9115ab25d821c15cc9ed6e17e2f6cd0e9,source=GBIF
09302c6b-e87f-4c6a-809a-5fa566f21ff3,SF007,Cencaru,Megalaspis cordyla,WILD,train,47bdeec34a9da941,ATLAS_OF_LIVING_AUSTRALIA,https://www.inaturalist.org/observations/154946907,CC-BY-NC,REVIEW,slenderp51,CENCARU/atlas_of_living_australia/09302c6b-e87f-4c6a-809a-5fa566f21ff3.jpg,47bdeec34a9da9411b29e7fd8305a023b9e31fcec5aaacc83d8d656ea7465dc9,source=ATLAS_OF_LIVING_AUSTRALIA; non-commercial licence
0a5bcccc-67da-47f2-ba1a-e88273f040e3,SF007,Cencaru,Megalaspis cordyla,WILD,train,8ac365a365ecba6b,INATURALIST,https://www.inaturalist.org/observations/356135050,CC-BY-SA,YES,"(c) Abu Hamas, some rights reserved (CC BY-SA)",CENCARU/inaturalist/0a5bcccc-67da-47f2-ba1a-e88273f040e3.jpg,8ac365a365ecba6b2832ee813ab5764aea79f08c8ecaa788ab30322df69c3c98,source=INATURALIST
0d4caee5-f505-43b6-8040-5465b3cd813a,SF007,Cencaru,Megalaspis cordyla,WILD,test_clean,8b45821ac849d428,WIKIMEDIA_COMMONS,https://commons.wikimedia.org/wiki/File:Torpedo_scads.jpg,CC-BY,YES,http://www.fishbase.us/photos/UploadedBy.php?autoctr=9923&win=uploaded,CENCARU/wikimedia_commons/0d4caee5-f505-43b6-8040-5465b3cd813a.jpg,8b45821ac849d4289bcab9503648430896717be2cf64c3a787a21fd95338aa40,source=WIKIMEDIA_COMMONS; taxon_match=EXACT_CATEGORY
0f68abe9-7fdd-4602-9a2b-30165b2cce5a,SF007,Cencaru,Megalaspis cordyla,WILD,val,413ec4bc55e597d7,GBIF,https://www.inaturalist.org/observations/50969211,CC-BY-NC,REVIEW,atikahfarhana,CENCARU/gbif/0f68abe9-7fdd-4602-9a2b-30165b2cce5a.jpg,413ec4bc55e597d76e100762b571c9d0dea9329fe292f2f98fd323dbacfc7193,source=GBIF; non-commercial licence
0fc196c2-c8b0-4291-9a9f-e6b8851dded2,SF007,Cencaru,Megalaspis cordyla,WILD,test_clean,caccc12b526459a3,INATURALIST,https://www.inaturalist.org/observations/322648907,CC-BY-NC,REVIEW,"(c) donmatnq, some rights reserved (CC BY-NC)",CENCARU/inaturalist/0fc196c2-c8b0-4291-9a9f-e6b8851dded2.jpg,caccc12b526459a31907c25ec3112439f8601a24bf3a0a41fb5133d4edacc141,source=INATURALIST; non-commercial licence
0fc6f1ca-c814-4857-9a6f-e0e71fdf6981,SF007,Cencaru,Megalaspis cordyla,WILD,train,1c3d1df1444a4b42,INATURALIST,https://www.inaturalist.org/observations/263613070,CC-BY-NC,REVIEW,"(c) Sakshi, some rights reserved (CC BY-NC)",CENCARU/inaturalist/0fc6f1ca-c814-4857-9a6f-e0e71fdf6981.jpg,1c3d1df1444a4b427e4707bb688b31969ab48c50faffd50bf0ff37a0f73f161e,source=INATURALIST; non-commercial licence
101f5ae6-cd01-41ee-acc2-336f4c557206,SF007,Cencaru,Megalaspis cordyla,WILD,train,92f382d9a1fa38b6,GBIF,https://www.inaturalist.org/observations/37245179,CC-BY-NC,REVIEW,craigjhowe,CENCARU/gbif/101f5ae6-cd01-41ee-acc2-336f4c557206.jpg,92f382d9a1fa38b67b159257e51ee3a6a02ab62073c31a31a0376745b954acfc,source=GBIF; non-commercial licence
10588c6c-94ce-47ed-8218-b12566355a7f,SF007,Cencaru,Megalaspis cordyla,WILD,train,ea95b0dfd9a87746,GBIF,https://www.inaturalist.org/observations/148071989,CC-BY-NC,REVIEW,Aniruddha Singhamahapatra,CENCARU/gbif/10588c6c-94ce-47ed-8218-b12566355a7f.jpg,ea95b0dfd9a87746a13c48fca4973298e5d2bebccbde63e5b2c0551b70b8c38c,source=GBIF; non-commercial licence
10d97901-ab17-4159-817e-cfa83a15309c,SF007,Cencaru,Megalaspis cordyla,WILD,val,dae6be9b534157c3,INATURALIST,https://www.inaturalist.org/observations/308656537,CC-BY-NC-SA,REVIEW,"(c) Vivek.N.Rathod, some rights reserved (CC BY-NC-SA)",CENCARU/inaturalist/10d97901-ab17-4159-817e-cfa83a15309c.jpg,dae6be9b534157c34f00eb5d2ea2f3f865598ea5745b97680909209222b0b422,source=INATURALIST; non-commercial licence
13311b06-bb8b-440f-a5c7-e13a883ca3b6,SF007,Cencaru,Megalaspis cordyla,WILD,train,7b7424665e9bf559,GBIF,https://www.gbif.org/occurrence/1055301939,CC-BY,YES,Zoology Accessions Register: Reptiles & Fishes: 1893 - 1903: page 70,CENCARU/gbif/13311b06-bb8b-440f-a5c7-e13a883ca3b6.jpg,7b7424665e9bf55989cc544d0df40b3deafc3078e420ee580a15755121d88e62,source=GBIF
134c291a-2737-471d-9c3c-fcc5d6a1356f,SF007,Cencaru,Megalaspis cordyla,WILD,train,2d84adf9a4751940,INATURALIST,https://www.inaturalist.org/observations/146991549,CC-BY-SA,YES,"(c) Ong Jyh Seng, some rights reserved (CC BY-SA)",CENCARU/inaturalist/134c291a-2737-471d-9c3c-fcc5d6a1356f.jpg,2d84adf9a475194068ac6e6848a1e4747f0a646679baeb3f73c88bf3fa4933e7,source=INATURALIST
136b6035-0eb6-45f5-bc2f-92cbdd6a638d,SF007,Cencaru,Megalaspis cordyla,WILD,train,42c71bdfed5004a3,INATURALIST,https://www.inaturalist.org/observations/316650238,CC-BY-NC,REVIEW,"(c) Niran Anurakpongsathorn, some rights reserved (CC BY-NC)",CENCARU/inaturalist/136b6035-0eb6-45f5-bc2f-92cbdd6a638d.jpg,42c71bdfed5004a39706e00d7aefe6e7100f4794e7ec73a9a0a9fbc8e551b16f,source=INATURALIST; non-commercial licence
1456736a-74eb-44de-b69b-800af54bd67e,SF007,Cencaru,Megalaspis cordyla,WILD,train,25a9dee84c03f03f,GBIF,https://www.inaturalist.org/observations/140765600,CC-BY-NC,REVIEW,ahsrav,CENCARU/gbif/1456736a-74eb-44de-b69b-800af54bd67e.jpg,25a9dee84c03f03f92e649634885f62ce87dfe928f3ef22d0888456eabe6bc6b,source=GBIF; non-commercial licence
149723ac-6133-45e6-b379-4f7d9e54cc6c,SF007,Cencaru,Megalaspis cordyla,WILD,val,6c8ac571ea809745,INATURALIST,https://www.inaturalist.org/observations/198973870,CC-BY-SA,YES,"(c) Ong Jyh Seng, some rights reserved (CC BY-SA)",CENCARU/inaturalist/149723ac-6133-45e6-b379-4f7d9e54cc6c.jpg,6c8ac571ea809745a27d1f6b4847d4ef47178b90332fc6595d43291b65ccdc59,source=INATURALIST
1a3f0b09-a8c0-4bdc-ae22-4aeef20ce797,SF007,Cencaru,Megalaspis cordyla,WILD,train,df9fdfac224d6b17,GBIF,https://www.inaturalist.org/observations/204368465,CC-BY-NC,REVIEW,Jiayuan Lin,CENCARU/gbif/1a3f0b09-a8c0-4bdc-ae22-4aeef20ce797.jpg,df9fdfac224d6b177df18777ab77b35bc75931aff2b3b59800c8ba1fc78a97bf,source=GBIF; non-commercial licence
1bdf121c-0542-45c0-8c91-cd2eee05d81e,SF007,Cencaru,Megalaspis cordyla,WILD,train,393f8015b740ff81,GBIF,https://www.inaturalist.org/observations/10051031,CC-BY-NC,REVIEW,Kevin Long,CENCARU/gbif/1bdf121c-0542-45c0-8c91-cd2eee05d81e.jpg,393f8015b740ff81b887ad479021df6847252803f1bc298c459b42a0bcbc60cc,source=GBIF; non-commercial licence
1c13d832-2f14-4800-a30c-55d21182d81c,SF007,Cencaru,Megalaspis cordyla,WILD,train,96084c902f519992,INATURALIST,https://www.inaturalist.org/observations/269559815,CC-BY-NC-SA,REVIEW,"(c) Vivek.N.Rathod, some rights reserved (CC BY-NC-SA)",CENCARU/inaturalist/1c13d832-2f14-4800-a30c-55d21182d81c.jpg,96084c902f519992e0efda965d9d3d886685663fd4e546eceed030ed02d3dcbf,source=INATURALIST; non-commercial licence
1e9b008b-831b-4d01-8476-b27e00a9f174,SF007,Cencaru,Megalaspis cordyla,WILD,train,b08f61784541bdde,GBIF,https://www.gbif.org/occurrence/1056732255,CC-BY,YES,Zoology Accessions Register: Mammals: 1846 - 1849: page 208,CENCARU/gbif/1e9b008b-831b-4d01-8476-b27e00a9f174.jpg,b08f61784541bddec1d08b17d53762d04c4e2cfdc6fed7d33f4b13c11d5d0593,source=GBIF
1f6e716d-e816-40ac-9ceb-156bf7fad184,SF007,Cencaru,Megalaspis cordyla,WILD,train,dece9493a1df398d,INATURALIST,https://www.inaturalist.org/observations/250913001,CC-BY-NC,REVIEW,"(c) Allan Lugg, some rights reserved (CC BY-NC)",CENCARU/inaturalist/1f6e716d-e816-40ac-9ceb-156bf7fad184.jpg,dece9493a1df398d6bfcd54491fe5decb94c03446b7729ba4a6e39dce11e86df,source=INATURALIST; non-commercial licence
1f8b8678-3e44-4c32-a484-1b19886e4c45,SF007,Cencaru,Megalaspis cordyla,WILD,test_clean,991fef2e64c88fb6,INATURALIST,https://www.inaturalist.org/observations/257877481,CC-BY-NC,REVIEW,"(c) zakvice, some rights reserved (CC BY-NC)",CENCARU/inaturalist/1f8b8678-3e44-4c32-a484-1b19886e4c45.jpg,991fef2e64c88fb6627fdac32b3f8033f8db6b87d3271acb2920f31dc24ba666,source=INATURALIST; non-commercial licence
1fc55516-f13b-4130-9a05-a2ba59b8886f,SF007,Cencaru,Megalaspis cordyla,WILD,test_clean,5b6e8ea7b69785c4,GBIF,https://www.inaturalist.org/observations/205810589,CC-BY-NC,REVIEW,Allan Lugg,CENCARU/gbif/1fc55516-f13b-4130-9a05-a2ba59b8886f.jpg,5b6e8ea7b69785c4b473a6d8890d5d4e785655b4acefda058cba63dc5c8a69b0,source=GBIF; non-commercial licence
200a8076-0b08-4665-afca-a9d695c2bf51,SF007,Cencaru,Megalaspis cordyla,WILD,train,b907c70f0a7ca5be,INATURALIST,https://www.inaturalist.org/observations/66639894,CC-BY-NC,REVIEW,"(c) tern911, some rights reserved (CC BY-NC)",CENCARU/inaturalist/200a8076-0b08-4665-afca-a9d695c2bf51.jpg,b907c70f0a7ca5bec8ad2fb3f66bf9379ea86f63416bc7f8c81497a921132f45,source=INATURALIST; non-commercial licence
20f6faf0-14f9-47a8-9b02-04a0ab41c565,SF007,Cencaru,Megalaspis cordyla,WILD,train,4b5febd38e27852f,INATURALIST,https://www.inaturalist.org/observations/253007626,CC-BY-NC,REVIEW,"(c) 贼吖, some rights reserved (CC BY-NC)",CENCARU/inaturalist/20f6faf0-14f9-47a8-9b02-04a0ab41c565.jpg,4b5febd38e27852f02b468e448a47e7f30971163c162bccb455df45be55159af,source=INATURALIST; non-commercial licence
215dbabb-f267-4aba-b0b0-d8a426f53422,SF007,Cencaru,Megalaspis cordyla,WILD,train,92359232b6dc1dc7,INATURALIST,https://www.inaturalist.org/observations/311687418,CC-BY-NC,REVIEW,"(c) Muhammad Faris Nazal, some rights reserved (CC BY-NC)",CENCARU/inaturalist/215dbabb-f267-4aba-b0b0-d8a426f53422.jpg,92359232b6dc1dc7835c1a21f10de44cf01ece91ce8916c5d4d09ab70e46a4d6,source=INATURALIST; non-commercial licence
2245d4e2-b2ed-40b1-94ae-1dff7d5b579e,SF007,Cencaru,Megalaspis cordyla,WILD,train,da5838168d556a43,GBIF,https://www.gbif.org/occurrence/2420005585,CC-BY-NC-SA,REVIEW,Megalaspis cordyla,CENCARU/gbif/2245d4e2-b2ed-40b1-94ae-1dff7d5b579e.jpg,da5838168d556a4371b91583e05494fac9de346c37cd366f57b5cd5a15fd701e,source=GBIF; non-commercial licence
22deca81-c537-4654-a497-2bca2471479a,SF007,Cencaru,Megalaspis cordyla,WILD,train,5458f40288fdf1c7,INATURALIST,https://www.inaturalist.org/observations/272873855,CC-BY-NC-SA,REVIEW,"(c) Vivek.N.Rathod, some rights reserved (CC BY-NC-SA)",CENCARU/inaturalist/22deca81-c537-4654-a497-2bca2471479a.jpg,5458f40288fdf1c73e2a75b88292671d90ef0b6992033f1800c00e9802948134,source=INATURALIST; non-commercial licence
22df50af-5591-419d-b8e7-537600a5e604,SF007,Cencaru,Megalaspis cordyla,WILD,train,a4edd754776ce042,INATURALIST,https://www.inaturalist.org/observations/314760432,CC-BY-NC-SA,REVIEW,"(c) Vivek.N.Rathod, some rights reserved (CC BY-NC-SA)",CENCARU/inaturalist/22df50af-5591-419d-b8e7-537600a5e604.jpg,a4edd754776ce0425bd306db2717532adb2541694f3482cebfebffbd3614ef6c,source=INATURALIST; non-commercial licence
252c593e-093c-4b69-8f3f-fad79a573b71,SF007,Cencaru,Megalaspis cordyla,WILD,train,1ec66b589fbca7e9,GBIF,https://www.gbif.org/occurrence/1055415543,CC-BY,YES,Zoology Accessions Register: Fishes: 1912 - 1936: page 377,CENCARU/gbif/252c593e-093c-4b69-8f3f-fad79a573b71.jpg,1ec66b589fbca7e9b4c6c38f3835cb97f8e0fc73ac12543542e42af395892a96,source=GBIF
26a2b48b-a15b-41f4-9bbf-ba6886b420a0,SF007,Cencaru,Megalaspis cordyla,WILD,val,261e22126c2a0397,GBIF,https://www.gbif.org/occurrence/624245203,CC-BY-NC,REVIEW,Carangidae Megalaspis cordyla,CENCARU/gbif/26a2b48b-a15b-41f4-9bbf-ba6886b420a0.jpg,261e22126c2a0397cf08f447ee077d2a6def9955c52cd4a8564f53f1a850dd61,source=GBIF; non-commercial licence
26d8b08f-d18b-4419-9f02-a89bb8d9bb20,SF007,Cencaru,Megalaspis cordyla,WILD,test_clean,5bbeb2c11346f1a8,INATURALIST,https://www.inaturalist.org/observations/224573436,CC-BY-NC-SA,REVIEW,"(c) Vivek.N.Rathod, some rights reserved (CC BY-NC-SA)",CENCARU/inaturalist/26d8b08f-d18b-4419-9f02-a89bb8d9bb20.jpg,5bbeb2c11346f1a80e283c62e11ff3192a96e1d99c3decd1754374dbed82b145,source=INATURALIST; non-commercial licence
27769bbe-437f-4472-b275-4713ee53455f,SF007,Cencaru,Megalaspis cordyla,WILD,val,88d9cba719b80518,INATURALIST,https://www.inaturalist.org/observations/316649677,CC-BY-NC,REVIEW,"(c) Niran Anurakpongsathorn, some rights reserved (CC BY-NC)",CENCARU/inaturalist/27769bbe-437f-4472-b275-4713ee53455f.jpg,88d9cba719b80518d713c42c84d04e6a4d3e0678fecad68e538885ea8e17c65e,source=INATURALIST; non-commercial licence
27916218-68f1-49e8-a865-12a8bbd0ab10,SF007,Cencaru,Megalaspis cordyla,WILD,train,78c512c12ce9e44e,ATLAS_OF_LIVING_AUSTRALIA,https://www.inaturalist.org/observations/30470416,CC-BY-NC,REVIEW,Gordon Black,CENCARU/atlas_of_living_australia/27916218-68f1-49e8-a865-12a8bbd0ab10.jpg,78c512c12ce9e44e7533e3017264c7bcde0341ed10428d704ed6f910cd41ea86,source=ATLAS_OF_LIVING_AUSTRALIA; non-commercial licence
29b76251-ce5c-46f7-96a0-612aba59b1e1,SF007,Cencaru,Megalaspis cordyla,WILD,test_clean,a10e17a70c4e7bbf,INATURALIST,https://www.inaturalist.org/observations/262660683,CC-BY-NC,REVIEW,"(c) kenny_well, some rights reserved (CC BY-NC)",CENCARU/inaturalist/29b76251-ce5c-46f7-96a0-612aba59b1e1.jpg,a10e17a70c4e7bbf7aa14b006d2b0fe4474fc3b3d692d8a5da5657392cde3599,source=INATURALIST; non-commercial licence
308ceacd-418e-4238-a8b3-9e29b6971464,SF007,Cencaru,Megalaspis cordyla,WILD,train,8623e4dedb786b65,GBIF,https://www.inaturalist.org/observations/4636993,CC-BY-NC,REVIEW,Mark Rosenstein,CENCARU/gbif/308ceacd-418e-4238-a8b3-9e29b6971464.jpg,8623e4dedb786b657b1a43109b2afb2b444d350bdfdb785b776132776f12b919,source=GBIF; non-commercial licence
31fe5252-2c9f-43e9-9e93-ebae598ed615,SF007,Cencaru,Megalaspis cordyla,WILD,test_clean,8d37472afce5f5cc,INATURALIST,https://www.inaturalist.org/observations/269808062,CC-BY-NC,REVIEW,"(c) Elyas Hadi, some rights reserved (CC BY-NC)",CENCARU/inaturalist/31fe5252-2c9f-43e9-9e93-ebae598ed615.jpg,8d37472afce5f5cc8b40328a2112eb9dd78d845d6315fcde700b2036c2c5152b,source=INATURALIST; non-commercial licence
328eae36-d25d-42a1-958c-649d01cddf4f,SF007,Cencaru,Megalaspis cordyla,WILD,train,ddc5ed079a8128c4,GBIF,https://www.gbif.org/occurrence/1057517125,CC-BY,YES,Zoology Accessions Register: Reptiles & Fishes: 1878 - 1892: page 361,CENCARU/gbif/328eae36-d25d-42a1-958c-649d01cddf4f.jpg,ddc5ed079a8128c482a92b0212dd08b70785ee3ed208b2fcfbff2ef3c14141b1,source=GBIF
338858a5-c8c3-457c-aca8-cd4e163ac923,SF007,Cencaru,Megalaspis cordyla,WILD,train,b7d55138cd837164,INATURALIST,https://www.inaturalist.org/observations/337079780,CC-BY-NC,REVIEW,"(c) saroi_ollei, some rights reserved (CC BY-NC)",CENCARU/inaturalist/338858a5-c8c3-457c-aca8-cd4e163ac923.jpg,b7d55138cd83716471610707ac33f8838e6969ffacdbeb5bbc9aed5c7b8527ee,source=INATURALIST; non-commercial licence
34c207cb-bdcc-43cb-ab9c-1ba877818ef1,SF007,Cencaru,Megalaspis cordyla,WILD,train,7ac0ebdc27e3f8e5,INATURALIST,https://www.inaturalist.org/observations/356135050,CC-BY-SA,YES,"(c) Abu Hamas, some rights reserved (CC BY-SA)",CENCARU/inaturalist/34c207cb-bdcc-43cb-ab9c-1ba877818ef1.jpg,7ac0ebdc27e3f8e5def98e9c4b3ef3737261a8e62125e0c11b3d98960ccdc927,source=INATURALIST
34f4c476-5eda-4b38-9be9-612c4ab5ecf7,SF007,Cencaru,Megalaspis cordyla,WILD,train,444aa7ef53d40466,GBIF,https://mczbase.mcz.harvard.edu/guid/MCZ:Ich:23937,CC-BY-NC-SA,REVIEW,MCZ:Ich:23937 Megalaspis cordyla lateral,CENCARU/gbif/34f4c476-5eda-4b38-9be9-612c4ab5ecf7.jpg,444aa7ef53d40466d6d568ec403491b1509aafa9a9e09345b09a8b43fc967236,source=GBIF; non-commercial licence
35510fda-305c-435a-a527-ec6d6959f080,SF007,Cencaru,Megalaspis cordyla,WILD,val,644f4be5a2ccac1b,GBIF,https://www.gbif.org/occurrence/1056405412,CC-BY,YES,Zoology Accessions Register: Fishes: 1971 - 1985: page 251,CENCARU/gbif/35510fda-305c-435a-a527-ec6d6959f080.jpg,644f4be5a2ccac1b315f863f7e7bc8100029dd909463cc43f01b11596bde5e31,source=GBIF
359a238f-fe1a-4d2e-8530-1d47649a9874,SF007,Cencaru,Megalaspis cordyla,WILD,train,66fa5525a1d5494a,INATURALIST,https://www.inaturalist.org/observations/273629959,CC-BY-SA,YES,"(c) Srichakra Pranav Tamarapalli, some rights reserved (CC BY-SA)",CENCARU/inaturalist/359a238f-fe1a-4d2e-8530-1d47649a9874.jpg,66fa5525a1d5494a75ffac9112b40b4352e88eb6155723d19b1f411e5c8939b0,source=INATURALIST
35e9c323-c36a-49e1-ab71-105620152998,SF007,Cencaru,Megalaspis cordyla,WILD,train,b9a8b1fd941b85ab,ATLAS_OF_LIVING_AUSTRALIA,https://www.inaturalist.org/observations/335679182,CC-BY-NC,REVIEW,Nicolò Palumbo,CENCARU/atlas_of_living_australia/35e9c323-c36a-49e1-ab71-105620152998.jpg,b9a8b1fd941b85ab620fd954f026cd761e7494a787391cdf9109d203813e0522,source=ATLAS_OF_LIVING_AUSTRALIA; non-commercial licence
35f0d01a-882b-4e49-8579-051f40fad1b9,SF007,Cencaru,Megalaspis cordyla,WILD,train,3e6c55d4a2c01aac,INATURALIST,https://www.inaturalist.org/observations/363844753,CC-BY-NC,REVIEW,"(c) Laken, some rights reserved (CC BY-NC)",CENCARU/inaturalist/35f0d01a-882b-4e49-8579-051f40fad1b9.jpg,3e6c55d4a2c01aac44534081a14aee207e4764094679a87f53533de66525b2b1,source=INATURALIST; non-commercial licence
377c4e3f-c58d-41f4-9d76-f992ce538c98,SF007,Cencaru,Megalaspis cordyla,WILD,val,d4a3b4932d3e5572,ATLAS_OF_LIVING_AUSTRALIA,https://www.inaturalist.org/observations/228587382,CC-BY-NC,REVIEW,Jake Orthman,CENCARU/atlas_of_living_australia/377c4e3f-c58d-41f4-9d76-f992ce538c98.jpg,d4a3b4932d3e557246e59db2ac5f9d507148f1e741ebc2b929c1c2365edd3a9a,source=ATLAS_OF_LIVING_AUSTRALIA; non-commercial licence
37d3ba58-8f70-4c7a-ae97-2e3bf85f9a13,SF007,Cencaru,Megalaspis cordyla,WILD,train,16214bbf0773da68,INATURALIST,https://www.inaturalist.org/observations/198973870,CC-BY-SA,YES,"(c) Ong Jyh Seng, some rights reserved (CC BY-SA)",CENCARU/inaturalist/37d3ba58-8f70-4c7a-ae97-2e3bf85f9a13.jpg,16214bbf0773da6817cfe05cd75c69aabcc7285b98feee080ac8b035e9e03dcb,source=INATURALIST
3892a5a1-934a-4a07-be52-ec803ecc0481,SF007,Cencaru,Megalaspis cordyla,WILD,train,56d888bd02da332c,GBIF,https://mczbase.mcz.harvard.edu/guid/MCZ:Ich:23937,CC-BY-NC-SA,REVIEW,MCZ:Ich:23937 Megalaspis cordyla,CENCARU/gbif/3892a5a1-934a-4a07-be52-ec803ecc0481.jpg,56d888bd02da332c8b12cef8b848cecaf38f4c8ec382d0f68029bc99e28c314e,source=GBIF; non-commercial licence
38a4362d-5a57-4419-a07e-bb81abdc406a,SF007,Cencaru,Megalaspis cordyla,WILD,train,f820c48422def55d,INATURALIST,https://www.inaturalist.org/observations/224346056,CC-BY-NC-SA,REVIEW,"(c) Vivek.N.Rathod, some rights reserved (CC BY-NC-SA)",CENCARU/inaturalist/38a4362d-5a57-4419-a07e-bb81abdc406a.jpg,f820c48422def55d7cd613db6daf8d4b11a6ec60b1e74924756fc8c5f38ff3c7,source=INATURALIST; non-commercial licence
39099341-1158-4826-876d-6f5f8c3738f5,SF007,Cencaru,Megalaspis cordyla,WILD,test_clean,b6c40814b345e8de,INATURALIST,https://www.inaturalist.org/observations/254181506,CC-BY-NC,REVIEW,"(c) pavelkornev, some rights reserved (CC BY-NC)",CENCARU/inaturalist/39099341-1158-4826-876d-6f5f8c3738f5.jpg,b6c40814b345e8de60df1c7ceb0a4ff35aad1b387ef2343a5d159f025b36e9b4,source=INATURALIST; non-commercial licence
3b18c52e-21bb-4bce-97b5-1ec1b67d11ef,SF007,Cencaru,Megalaspis cordyla,WILD,train,93268f8f2cec7153,INATURALIST,https://www.inaturalist.org/observations/259942538,CC-BY-NC,REVIEW,"(c) boutleboi, some rights reserved (CC BY-NC)",CENCARU/inaturalist/3b18c52e-21bb-4bce-97b5-1ec1b67d11ef.jpg,93268f8f2cec71534d7396a042e047e706266f6a7bf9ac6529ca1d060f2285c9,source=INATURALIST; non-commercial licence
3bc6b628-5813-4c5f-af62-0c3e385b24d8,SF007,Cencaru,Megalaspis cordyla,WILD,train,420b9fabbe167ffa,GBIF,https://portal.boldsystems.org/record/DSLAG1027-11,CC-BY-NC,REVIEW,DSLAG1027-11 Lateral,CENCARU/gbif/3bc6b628-5813-4c5f-af62-0c3e385b24d8.jpg,420b9fabbe167ffa5184f8f69d00d20efc032baaa4b6ef005f33692cf4a26874,source=GBIF; non-commercial licence
3be97453-5881-4029-b705-18ad9d75f1df,SF007,Cencaru,Megalaspis cordyla,WILD,train,d2443299238e399d,INATURALIST,https://www.inaturalist.org/observations/324093218,CC-BY-NC-SA,REVIEW,"(c) Vivek.N.Rathod, some rights reserved (CC BY-NC-SA)",CENCARU/inaturalist/3be97453-5881-4029-b705-18ad9d75f1df.jpg,d2443299238e399d1b1f24eb8ca2298153ff99f36f7efd7a70299fa187427bb7,source=INATURALIST; non-commercial licence
3bf801f0-8328-484d-8d21-ce008e8a9734,SF007,Cencaru,Megalaspis cordyla,WILD,test_clean,b46a47284806318a,INATURALIST,https://www.inaturalist.org/observations/326340137,CC-BY-NC,REVIEW,"(c) J. Adams, some rights reserved (CC BY-NC)",CENCARU/inaturalist/3bf801f0-8328-484d-8d21-ce008e8a9734.jpg,b46a47284806318af3b5440c53b385d093018b36e2ab9efe334a27773911bed3,source=INATURALIST; non-commercial licence
3c6f5170-36db-4787-9c39-fa4f217848aa,SF007,Cencaru,Megalaspis cordyla,WILD,test_clean,1ce6d53320c88216,GBIF,https://www.inaturalist.org/observations/120285268,CC-BY-NC,REVIEW,ahsrav,CENCARU/gbif/3c6f5170-36db-4787-9c39-fa4f217848aa.jpg,1ce6d53320c8821637461479741485e5d7cbce53dff690bc227cca18433cdd99,source=GBIF; non-commercial licence
4402600e-e193-4b69-bdcc-3d029db9c254,SF007,Cencaru,Megalaspis cordyla,WILD,train,fc2b9e7e57706f5f,ATLAS_OF_LIVING_AUSTRALIA,https://www.inaturalist.org/observations/341046817,CC-BY-NC,REVIEW,Lilly Sydenham,CENCARU/atlas_of_living_australia/4402600e-e193-4b69-bdcc-3d029db9c254.jpg,fc2b9e7e57706f5f107c8756050f3f6eb83917c0f4a3c2296c322282d5744816,source=ATLAS_OF_LIVING_AUSTRALIA; non-commercial licence
443a7573-53c7-40f5-bb97-ae2bf92fbe09,SF007,Cencaru,Megalaspis cordyla,WILD,train,dcc303c0247be17f,INATURALIST,https://www.inaturalist.org/observations/278343467,CC-BY-NC,REVIEW,"(c) Devi Maradani, some rights reserved (CC BY-NC)",CENCARU/inaturalist/443a7573-53c7-40f5-bb97-ae2bf92fbe09.jpg,dcc303c0247be17f7abf4578ecb347a91aec9f72f62cf8d841be560f2989bcb8,source=INATURALIST; non-commercial licence
456dbf9f-986a-4568-9429-82ce8b56e1f6,SF007,Cencaru,Megalaspis cordyla,WILD,train,516740626930d4a4,INATURALIST,https://www.inaturalist.org/observations/269559815,CC-BY-NC-SA,REVIEW,"(c) Vivek.N.Rathod, some rights reserved (CC BY-NC-SA)",CENCARU/inaturalist/456dbf9f-986a-4568-9429-82ce8b56e1f6.jpg,516740626930d4a484859b42919476a0b0d26f14b1a7ff52078bc0da6355b63b,source=INATURALIST; non-commercial licence
4699ac76-d976-4245-ad77-c1b91bc48b5f,SF007,Cencaru,Megalaspis cordyla,WILD,test_clean,8d37472afce5f5cc,INATURALIST,https://www.inaturalist.org/observations/282776219,CC-BY-NC,REVIEW,"(c) Elyas Hadi, some rights reserved (CC BY-NC)",CENCARU/inaturalist/4699ac76-d976-4245-ad77-c1b91bc48b5f.jpg,43edff9b532ec2eafe8cab546b9ed2fd3f3e9497e5d12f86f19f73bcdf4dc34b,source=INATURALIST; non-commercial licence
4833b41c-44d2-4df1-acfd-06087718ad4d,SF007,Cencaru,Megalaspis cordyla,WILD,train,09c67336c6a7497b,INATURALIST,https://www.inaturalist.org/observations/356135045,CC-BY-SA,YES,"(c) Abu Hamas, some rights reserved (CC BY-SA)",CENCARU/inaturalist/4833b41c-44d2-4df1-acfd-06087718ad4d.jpg,09c67336c6a7497b8c605de01780331b5ce5b0c197718a72814e0a40363d2d07,source=INATURALIST
4b587570-b90c-487c-9312-8e37e4dd988c,SF007,Cencaru,Megalaspis cordyla,WILD,train,148cfc5d68fac20b,GBIF,https://www.gbif.org/occurrence/6227244784,CC-BY,YES,200mm TL; left & dorsal views; left & dorsal views,CENCARU/gbif/4b587570-b90c-487c-9312-8e37e4dd988c.jpg,148cfc5d68fac20babd0c615a90924452e10a0c884f8ab59ad2d40b490fdf015,source=GBIF
4c854cad-3792-416d-894a-7eaefdc3ed67,SF007,Cencaru,Megalaspis cordyla,WILD,train,df0f1c8d154b1315,GBIF,https://www.gbif.org/occurrence/1056982105,CC-BY,YES,Zoology Accessions Register: Fishes: 1971 - 1985: page 385,CENCARU/gbif/4c854cad-3792-416d-894a-7eaefdc3ed67.jpg,df0f1c8d154b1315ba8da0da62ed11580b727b478f9cb34fc09744299aa591dc,source=GBIF
4cb5a99b-c262-4e9e-9faa-445e131e3dd7,SF007,Cencaru,Megalaspis cordyla,WILD,val,1bed57be14954ca3,INATURALIST,https://www.inaturalist.org/observations/287494790,CC-BY-NC,REVIEW,"(c) Jordan H, some rights reserved (CC BY-NC)",CENCARU/inaturalist/4cb5a99b-c262-4e9e-9faa-445e131e3dd7.jpg,1bed57be14954ca3ea90d339c8b5b76ffb36d5569896f074d957e23dd405b0b1,source=INATURALIST; non-commercial licence
4ee856ae-7e0f-4d43-861a-28425e0667f8,SF007,Cencaru,Megalaspis cordyla,WILD,train,bff45006e091d428,INATURALIST,https://www.inaturalist.org/observations/341647127,CC-BY-NC,REVIEW,"(c) মোটু Purkait, some rights reserved (CC BY-NC)",CENCARU/inaturalist/4ee856ae-7e0f-4d43-861a-28425e0667f8.jpg,bff45006e091d428626f939b5c4df2783f8430d0492bc34679d7f3d2b6b5cfe1,source=INATURALIST; non-commercial licence
513ff3e4-4964-481a-ab22-fe2f70714f0c,SF007,Cencaru,Megalaspis cordyla,WILD,train,ab55ac401d28c88b,GBIF,https://www.inaturalist.org/observations/50629536,CC-BY-NC,REVIEW,Irfan Nurarifin,CENCARU/gbif/513ff3e4-4964-481a-ab22-fe2f70714f0c.jpg,ab55ac401d28c88b041425e208a04cdfbd569517f246de18bd4822ec73bfd572,source=GBIF; non-commercial licence
52448a05-8f0f-42bf-8a05-a8c2950ba765,SF007,Cencaru,Megalaspis cordyla,WILD,train,1a566147b78cf72b,INATURALIST,https://www.inaturalist.org/observations/260966688,CC-BY-NC,REVIEW,"(c) Bruno Paquito, some rights reserved (CC BY-NC)",CENCARU/inaturalist/52448a05-8f0f-42bf-8a05-a8c2950ba765.jpg,1a566147b78cf72b478fe2ea1e11a3943d3825c831f230cb52139b65f1a96681,source=INATURALIST; non-commercial licence
53c7c304-6de7-44bd-9cc7-9bb0fa1c459d,SF007,Cencaru,Megalaspis cordyla,WILD,train,86b0631994eb648e,GBIF,https://www.inaturalist.org/observations/119429448,CC-BY-NC,REVIEW,ahsrav,CENCARU/gbif/53c7c304-6de7-44bd-9cc7-9bb0fa1c459d.jpg,86b0631994eb648e296a6e99b928080e478093d3b2c5a21c250a8fa105069801,source=GBIF; non-commercial licence
5429df95-cec5-49ce-9ee8-24e6aa8ef073,SF007,Cencaru,Megalaspis cordyla,WILD,val,34e43d95a9bb67ff,INATURALIST,https://www.inaturalist.org/observations/224593216,CC-BY-NC-SA,REVIEW,"(c) Vivek.N.Rathod, some rights reserved (CC BY-NC-SA)",CENCARU/inaturalist/5429df95-cec5-49ce-9ee8-24e6aa8ef073.jpg,34e43d95a9bb67ff160bdd794a7a0acf26c9492e6d4317f245f10c77397382f3,source=INATURALIST; non-commercial licence
5457b90b-9029-4b17-be28-2cbf60caefbb,SF007,Cencaru,Megalaspis cordyla,WILD,train,d36151261e1d59dc,GBIF,https://www.inaturalist.org/observations/197434708,CC0,YES,Светлана Царахова,CENCARU/gbif/5457b90b-9029-4b17-be28-2cbf60caefbb.jpg,d36151261e1d59dcdef66e22c56e8a18afe8cccbfc72f6468ac4aae459f040d0,source=GBIF
57385d50-ec2c-4fd2-826b-ed9617366ae6,SF007,Cencaru,Megalaspis cordyla,WILD,test_clean,20ffd76d8ff90717,ATLAS_OF_LIVING_AUSTRALIA,https://www.inaturalist.org/observations/43586355,CC-BY-NC,REVIEW,Federico Ghiazza,CENCARU/atlas_of_living_australia/57385d50-ec2c-4fd2-826b-ed9617366ae6.jpg,20ffd76d8ff907176d0cb28cbbaff91ed849b126dd03d36ef8ce0e05a6749c64,source=ATLAS_OF_LIVING_AUSTRALIA; non-commercial licence
5763c699-6b70-471e-a110-f6deeea7a920,SF007,Cencaru,Megalaspis cordyla,WILD,train,567f838f4b6ca898,GBIF,https://portal.boldsystems.org/record/DBMR053-19,CC-BY-SA,YES,DBMR053-19 Lateral,CENCARU/gbif/5763c699-6b70-471e-a110-f6deeea7a920.jpg,567f838f4b6ca8983533df6a64db6ab0907c3b51a58d8b080035ce5d00004786,source=GBIF
584d5061-97c3-42f2-9fd2-a230c52d0701,SF007,Cencaru,Megalaspis cordyla,WILD,train,2d7a864517e0a189,INATURALIST,https://www.inaturalist.org/observations/253349037,CC-BY-NC,REVIEW,"(c) Jo Track, some rights reserved (CC BY-NC)",CENCARU/inaturalist/584d5061-97c3-42f2-9fd2-a230c52d0701.jpg,2d7a864517e0a189824ab2be1bada2565280284201adf0edf26ed095845baac9,source=INATURALIST; non-commercial licence
593605e1-e9d0-4638-b758-2621be9ef459,SF007,Cencaru,Megalaspis cordyla,WILD,train,d04fd11a6e0002a2,INATURALIST,https://www.inaturalist.org/observations/224580777,CC-BY-NC-SA,REVIEW,"(c) Vivek.N.Rathod, some rights reserved (CC BY-NC-SA)",CENCARU/inaturalist/593605e1-e9d0-4638-b758-2621be9ef459.jpg,d04fd11a6e0002a2602dd81316a14313830a2cde24cf6cfe23e9dadae404f645,source=INATURALIST; non-commercial licence
599bf207-b67d-49e8-8314-9a106e39f76d,SF007,Cencaru,Megalaspis cordyla,WILD,train,486aac81b9a2fc53,INATURALIST,https://www.inaturalist.org/observations/62263264,CC-BY-NC,REVIEW,"(c) tern911, some rights reserved (CC BY-NC)",CENCARU/inaturalist/599bf207-b67d-49e8-8314-9a106e39f76d.jpg,486aac81b9a2fc53023b33c0bd222f79bbe67c984b9138cc42ff74f994662d69,source=INATURALIST; non-commercial licence
59b3791d-578d-4071-a908-05580c968c4d,SF007,Cencaru,Megalaspis cordyla,WILD,test_clean,ee0994fca42ffa6c,GBIF,https://www.inaturalist.org/observations/196974378,CC-BY-NC,REVIEW,huilanfeng77,CENCARU/gbif/59b3791d-578d-4071-a908-05580c968c4d.jpg,ee0994fca42ffa6cd54e73b5643bf060eed8ef258cf1c78232ab2184f053f5b7,source=GBIF; non-commercial licence
5ba0d937-54bd-4546-9801-84e987ec45ef,SF007,Cencaru,Megalaspis cordyla,WILD,train,90ceeb3ba8152d47,INATURALIST,https://www.inaturalist.org/observations/207114566,CC-BY-NC-SA,REVIEW,"(c) Vivek.N.Rathod, some rights reserved (CC BY-NC-SA)",CENCARU/inaturalist/5ba0d937-54bd-4546-9801-84e987ec45ef.jpg,90ceeb3ba8152d471c5b214713628228a4b3cd815aa5a669dd8aa6ff80c18849,source=INATURALIST; non-commercial licence
5c504613-1915-46b0-acb0-81db47ba18ae,SF007,Cencaru,Megalaspis cordyla,WILD,train,d91eb990cf6843b2,INATURALIST,https://www.inaturalist.org/observations/316649677,CC-BY-NC,REVIEW,"(c) Niran Anurakpongsathorn, some rights reserved (CC BY-NC)",CENCARU/inaturalist/5c504613-1915-46b0-acb0-81db47ba18ae.jpg,d91eb990cf6843b2ba1a870e1652085e2314fc9aa039fa7250f2c3620e3fce0b,source=INATURALIST; non-commercial licence
600fb212-421d-476c-bbea-5e78d5ed0b4d,SF007,Cencaru,Megalaspis cordyla,WILD,train,781e1c230cbeb4b1,GBIF,https://www.gbif.org/occurrence/1056759349,CC-BY,YES,Zoology Accessions Register: Reptiles & Fishes: 1878 - 1892: page 289,CENCARU/gbif/600fb212-421d-476c-bbea-5e78d5ed0b4d.jpg,781e1c230cbeb4b10325a4ad1461167bc9b57fe524898d10935d860e3024fee6,source=GBIF
62a9a50c-1e59-4423-90aa-28f1180fcb85,SF007,Cencaru,Megalaspis cordyla,WILD,train,7745add25241bac3,ATLAS_OF_LIVING_AUSTRALIA,https://www.inaturalist.org/observations/261213172,CC-BY-NC,REVIEW,Snow Dennis,CENCARU/atlas_of_living_australia/62a9a50c-1e59-4423-90aa-28f1180fcb85.jpg,7745add25241bac3d202d515cbb4a84a1c4858c9be9e8a0340c5155629299b33,source=ATLAS_OF_LIVING_AUSTRALIA; non-commercial licence
6371d588-c707-42df-b5ed-6f8cd0b72413,SF007,Cencaru,Megalaspis cordyla,WILD,val,5ef393be3b338255,INATURALIST,https://www.inaturalist.org/observations/249155797,CC-BY-NC,REVIEW,"(c) Jiayuan Lin, some rights reserved (CC BY-NC)",CENCARU/inaturalist/6371d588-c707-42df-b5ed-6f8cd0b72413.jpg,5ef393be3b338255d0e0ea17bf2e29bd80975277cf3a9bddc2e0acc9af73a57c,source=INATURALIST; non-commercial licence
64af49ad-ce57-4520-af1a-91e7ee8dc5e4,SF007,Cencaru,Megalaspis cordyla,WILD,val,dd00e3ae97e51df3,GBIF,https://www.inaturalist.org/observations/30470416,CC-BY-NC,REVIEW,Gordon Black,CENCARU/gbif/64af49ad-ce57-4520-af1a-91e7ee8dc5e4.jpg,dd00e3ae97e51df34c7ccd6ad4af1fd05f3a84480f6d6529caa9b9572590b07a,source=GBIF; non-commercial licence
64fa7437-3fc3-4f4b-aa9d-07f7033175b6,SF007,Cencaru,Megalaspis cordyla,WILD,val,83d58395812a78e0,GBIF,https://www.gbif.org/occurrence/1055748785,CC-BY,YES,Zoology Accessions Register: Mammals: 1846 - 1849: page 201,CENCARU/gbif/64fa7437-3fc3-4f4b-aa9d-07f7033175b6.jpg,83d58395812a78e09097a1bcc34ba465a4324facac827ea25e08142387be8e66,source=GBIF
652b12b1-9c7b-4d6b-89ab-1f3544e52b64,SF007,Cencaru,Megalaspis cordyla,WILD,train,c2211f2ffa9f911c,INATURALIST,https://www.inaturalist.org/observations/251967564,CC-BY-NC,REVIEW,"(c) pelagis_02, some rights reserved (CC BY-NC)",CENCARU/inaturalist/652b12b1-9c7b-4d6b-89ab-1f3544e52b64.jpg,c2211f2ffa9f911cb4936dfdbe204f128f460331561c3ff9dfbff6bea79d4864,source=INATURALIST; non-commercial licence
655a485b-f918-49af-bf75-505e0e0bd88e,SF007,Cencaru,Megalaspis cordyla,WILD,val,83d85988acd0aee6,GBIF,https://mczbase.mcz.harvard.edu/guid/MCZ:Ich:16667,CC-BY-NC-SA,REVIEW,MCZ:Ich:16667 Megalaspis cordyla label front,CENCARU/gbif/655a485b-f918-49af-bf75-505e0e0bd88e.jpg,83d85988acd0aee6368c4634d9e8bee746069f243a256ffa0e11f201df1f7fa2,source=GBIF; non-commercial licence
6670efb2-b457-4db7-b85c-ba5df0fe7ec7,SF007,Cencaru,Megalaspis cordyla,WILD,train,548389bc70bbc99f,INATURALIST,https://www.inaturalist.org/observations/310947373,CC-BY,YES,"(c) Ong Jyh Seng, some rights reserved (CC BY)",CENCARU/inaturalist/6670efb2-b457-4db7-b85c-ba5df0fe7ec7.jpg,548389bc70bbc99f1d21eadbf5e349b81be80d40ee7b281263eb192d31f2c80e,source=INATURALIST
672d3d19-1c25-4013-917b-243e9cc7b95c,SF007,Cencaru,Megalaspis cordyla,WILD,test_clean,fc2607cccb54dbe1,INATURALIST,https://www.inaturalist.org/observations/224593216,CC-BY-NC-SA,REVIEW,"(c) Vivek.N.Rathod, some rights reserved (CC BY-NC-SA)",CENCARU/inaturalist/672d3d19-1c25-4013-917b-243e9cc7b95c.jpg,fc2607cccb54dbe16f77f0be9f8f448c33a0676a9ae0c6b876341233cd695d47,source=INATURALIST; non-commercial licence
6861e216-66e7-44db-9afb-8cabf26302ca,SF007,Cencaru,Megalaspis cordyla,WILD,test_clean,470360727dd1d6bd,GBIF,https://www.inaturalist.org/observations/109852864,CC-BY-NC,REVIEW,Khemthong Tonsakulrungruang,CENCARU/gbif/6861e216-66e7-44db-9afb-8cabf26302ca.jpg,470360727dd1d6bd4df7adf0e4e34240bef3a15e68f74f9eeced84594614cc33,source=GBIF; non-commercial licence
69d10bba-5c5a-40f3-9340-69891ae3e8b4,SF007,Cencaru,Megalaspis cordyla,WILD,train,73c3d5ad54badb34,GBIF,https://www.inaturalist.org/observations/196974378,CC-BY-NC,REVIEW,huilanfeng77,CENCARU/gbif/69d10bba-5c5a-40f3-9340-69891ae3e8b4.jpg,73c3d5ad54badb34c121e8c218d8a0ca3b25007f33dceed9a6fcfa3c22f52824,source=GBIF; non-commercial licence
6a6155fa-7c30-41bf-a3f3-6586985e89ff,SF007,Cencaru,Megalaspis cordyla,WILD,test_clean,5197152a260dd700,INATURALIST,https://www.inaturalist.org/observations/62263264,CC-BY-NC,REVIEW,"(c) tern911, some rights reserved (CC BY-NC)",CENCARU/inaturalist/6a6155fa-7c30-41bf-a3f3-6586985e89ff.jpg,5197152a260dd700b027d672d4ee4dceb98d893af3f4ea9441c53e3ccd8357db,source=INATURALIST; non-commercial licence
6a87586f-26c5-4a05-bee1-60d03ea1af81,SF007,Cencaru,Megalaspis cordyla,WILD,train,50eea648ce2ca7f2,GBIF,https://www.inaturalist.org/observations/205810589,CC-BY-NC,REVIEW,Allan Lugg,CENCARU/gbif/6a87586f-26c5-4a05-bee1-60d03ea1af81.jpg,50eea648ce2ca7f25d2fd59251afd3628c798eb6869b1bb78e1572441600e88b,source=GBIF; non-commercial licence
6a91d469-4392-44bb-8544-eada940c6ba5,SF007,Cencaru,Megalaspis cordyla,WILD,train,ee2288e4937b01e7,INATURALIST,https://www.inaturalist.org/observations/268892017,CC-BY-NC,REVIEW,"(c) rhinolin, some rights reserved (CC BY-NC)",CENCARU/inaturalist/6a91d469-4392-44bb-8544-eada940c6ba5.jpg,ee2288e4937b01e743ce2d03ace9e46188a0f96127e78cc86fe22b791387c43c,source=INATURALIST; non-commercial licence
6ab1b455-8236-472d-aa1e-6276add1000a,SF007,Cencaru,Megalaspis cordyla,WILD,test_clean,90e2d38ae39bef9d,INATURALIST,https://www.inaturalist.org/observations/256635146,CC-BY-NC,REVIEW,"(c) kyosapir, some rights reserved (CC BY-NC)",CENCARU/inaturalist/6ab1b455-8236-472d-aa1e-6276add1000a.jpg,90e2d38ae39bef9de9e43b074be429846ce1725f90a07713ebb2ad8bc883bb5d,source=INATURALIST; non-commercial licence
6dd5abb8-c249-48c4-ac93-26f2c99b6fc5,SF007,Cencaru,Megalaspis cordyla,WILD,train,dc2879c7a69efacb,ATLAS_OF_LIVING_AUSTRALIA,https://www.inaturalist.org/observations/369890338,CC-BY-NC,REVIEW,paul_lennon,CENCARU/atlas_of_living_australia/6dd5abb8-c249-48c4-ac93-26f2c99b6fc5.jpg,dc2879c7a69efacb916e85e5fb45ef24402d8f76f15c20128b115297bf08df24,source=ATLAS_OF_LIVING_AUSTRALIA; non-commercial licence
6f98f699-abd2-4029-80e8-16abc0d1c885,SF007,Cencaru,Megalaspis cordyla,WILD,val,4d4103cda68ae482,INATURALIST,https://www.inaturalist.org/observations/239108968,CC-BY-NC,REVIEW,"(c) zakvice, some rights reserved (CC BY-NC)",CENCARU/inaturalist/6f98f699-abd2-4029-80e8-16abc0d1c885.jpg,4d4103cda68ae48208e08f82535e54889a322df302522825b1633d14dc0bfaa9,source=INATURALIST; non-commercial licence
709f4a3b-d249-404a-a099-43084635c207,SF007,Cencaru,Megalaspis cordyla,WILD,train,6be43da3135562a6,INATURALIST,https://www.inaturalist.org/observations/224580777,CC-BY-NC-SA,REVIEW,"(c) Vivek.N.Rathod, some rights reserved (CC BY-NC-SA)",CENCARU/inaturalist/709f4a3b-d249-404a-a099-43084635c207.jpg,6be43da3135562a642027a499d3e6cfb6252e51a0bbe863ed38b032763dd1c8f,source=INATURALIST; non-commercial licence
70f919e0-0f15-41b2-ae53-e54eedf77944,SF007,Cencaru,Megalaspis cordyla,WILD,test_clean,a6edba6ba217a58f,GBIF,https://www.inaturalist.org/observations/51442372,CC-BY-NC,REVIEW,umminurain,CENCARU/gbif/70f919e0-0f15-41b2-ae53-e54eedf77944.jpg,a6edba6ba217a58fe5c0b2391ab62a992626bd4354adc8cd80b43869281f428d,source=GBIF; non-commercial licence
739e33cc-0fee-43ac-96d5-2be03f715836,SF007,Cencaru,Megalaspis cordyla,WILD,train,0facc5a9b8dd0d62,GBIF,https://www.inaturalist.org/observations/149556193,CC-BY-NC,REVIEW,faridmuzaki,CENCARU/gbif/739e33cc-0fee-43ac-96d5-2be03f715836.jpg,0facc5a9b8dd0d628abffc3e00de05d6956833f4c8abb4678afbb8380a1b3933,source=GBIF; non-commercial licence
784a4e20-98c6-4bb3-a13f-01e4058f051f,SF007,Cencaru,Megalaspis cordyla,WILD,train,b7d630a026d0a830,WIKIMEDIA_COMMONS,https://commons.wikimedia.org/wiki/File:Torpedo_scad2.png,CC-BY-SA,YES,Own work,CENCARU/wikimedia_commons/784a4e20-98c6-4bb3-a13f-01e4058f051f.jpg,b7d630a026d0a83079ac7dcd3e9fb5fb6a7d97992875701ab37c801cb7e4a399,source=WIKIMEDIA_COMMONS; taxon_match=EXACT_CATEGORY
78ea138d-3077-47ad-8dfe-4e28f54541be,SF007,Cencaru,Megalaspis cordyla,WILD,train,91e1afe0732d171a,GBIF,https://www.inaturalist.org/observations/218846070,CC-BY-NC,REVIEW,Jiayuan Lin,CENCARU/gbif/78ea138d-3077-47ad-8dfe-4e28f54541be.jpg,91e1afe0732d171a1d2b30c884c1354f0b1dff327b3751497257b87bc5de627e,source=GBIF; non-commercial licence
7ca4e101-555b-4664-9aa1-9c03376ef12c,SF007,Cencaru,Megalaspis cordyla,WILD,train,8aca4700dac031f5,GBIF,https://mczbase.mcz.harvard.edu/guid/MCZ:Ich:23937,CC-BY-NC-SA,REVIEW,MCZ:Ich:23937 Megalaspis cordyla label front,CENCARU/gbif/7ca4e101-555b-4664-9aa1-9c03376ef12c.jpg,8aca4700dac031f5de0d96c015c7207504f40f29f0a2142c6ba27c8ab4c65be8,source=GBIF; non-commercial licence
7cc4da21-681f-4a5a-9385-1e3651f40553,SF007,Cencaru,Megalaspis cordyla,WILD,train,8338413e865be70b,INATURALIST,https://www.inaturalist.org/observations/253007626,CC-BY-NC,REVIEW,"(c) 贼吖, some rights reserved (CC BY-NC)",CENCARU/inaturalist/7cc4da21-681f-4a5a-9385-1e3651f40553.jpg,8338413e865be70b87e64ac1524d614a09a3b4d305d5015b1e7b5c60b1c90a5d,source=INATURALIST; non-commercial licence
7df8e6c2-ae3a-4180-8884-310029c263db,SF007,Cencaru,Megalaspis cordyla,WILD,train,40da136447430d55,GBIF,https://www.inaturalist.org/observations/203868609,CC-BY-NC,REVIEW,Jacob Crisp,CENCARU/gbif/7df8e6c2-ae3a-4180-8884-310029c263db.jpg,40da136447430d55377f246c4a4939d6cd507b86ac6f7536e8d4f6f90e72e465,source=GBIF; non-commercial licence
7f01c1a4-6755-418e-b29c-6547712e96ea,SF007,Cencaru,Megalaspis cordyla,WILD,train,c77e2305f08d30ed,INATURALIST,https://www.inaturalist.org/observations/302553741,CC-BY-NC-SA,REVIEW,"(c) Vivek.N.Rathod, some rights reserved (CC BY-NC-SA)",CENCARU/inaturalist/7f01c1a4-6755-418e-b29c-6547712e96ea.jpg,c77e2305f08d30edfb7e9f958c5bb6af2a34c815f403e1a497105b8ef279ea7a,source=INATURALIST; non-commercial licence
80f324e5-d000-455d-b22e-a3ce9a019c5e,SF007,Cencaru,Megalaspis cordyla,WILD,train,554d6d62c43e9178,INATURALIST,https://www.inaturalist.org/observations/320111416,CC-BY-NC-SA,REVIEW,"(c) Vivek.N.Rathod, some rights reserved (CC BY-NC-SA)",CENCARU/inaturalist/80f324e5-d000-455d-b22e-a3ce9a019c5e.jpg,554d6d62c43e9178fd98ac7155bd1151e5b847a7290b6038b0516d3ef4f4f19e,source=INATURALIST; non-commercial licence
861bebfa-d1a4-48fe-8f50-baa954e3a021,SF007,Cencaru,Megalaspis cordyla,WILD,train,80d73f013bac7a74,INATURALIST,https://www.inaturalist.org/observations/327321980,CC-BY-NC,REVIEW,"(c) fachrynurmallojr, some rights reserved (CC BY-NC)",CENCARU/inaturalist/861bebfa-d1a4-48fe-8f50-baa954e3a021.jpg,80d73f013bac7a743dd14c28822a113003c59fe0ec5bcc217495950fc97a480a,source=INATURALIST; non-commercial licence
873f03aa-21c7-4fe5-8add-2543d9ac5467,SF007,Cencaru,Megalaspis cordyla,WILD,train,4bb787c94e1f14a1,INATURALIST,https://www.inaturalist.org/observations/260966688,CC-BY-NC,REVIEW,"(c) Bruno Paquito, some rights reserved (CC BY-NC)",CENCARU/inaturalist/873f03aa-21c7-4fe5-8add-2543d9ac5467.jpg,4bb787c94e1f14a1044c2972235f8ed4f4f6cfda831abc78f05189b37134d47c,source=INATURALIST; non-commercial licence
877b8fa2-f960-468a-b741-06aa40545a9b,SF007,Cencaru,Megalaspis cordyla,WILD,train,e84d91c48947087f,ATLAS_OF_LIVING_AUSTRALIA,https://www.inaturalist.org/observations/154946907,CC-BY-NC,REVIEW,slenderp51,CENCARU/atlas_of_living_australia/877b8fa2-f960-468a-b741-06aa40545a9b.jpg,e84d91c48947087f9d3b3ea72fc8ce47da036d95acac79aae7ad627d18203d4e,source=ATLAS_OF_LIVING_AUSTRALIA; non-commercial licence
87f94b4a-8788-460d-ae7b-28504b83ae9d,SF007,Cencaru,Megalaspis cordyla,WILD,train,6d5afc5cb5208d85,INATURALIST,https://www.inaturalist.org/observations/300874476,CC-BY-NC-SA,REVIEW,"(c) Vivek.N.Rathod, some rights reserved (CC BY-NC-SA)",CENCARU/inaturalist/87f94b4a-8788-460d-ae7b-28504b83ae9d.jpg,6d5afc5cb5208d85260bd2900648ec0e2d3ded7f264a45f6c97ee9f47f7e8e2d,source=INATURALIST; non-commercial licence
88534a17-3297-4110-a5d2-d8e066004e1c,SF007,Cencaru,Megalaspis cordyla,WILD,train,d617e92abd150d99,GBIF,https://mczbase.mcz.harvard.edu/guid/MCZ:Ich:16667,CC-BY-NC-SA,REVIEW,MCZ:Ich:16667 Megalaspis cordyla,CENCARU/gbif/88534a17-3297-4110-a5d2-d8e066004e1c.jpg,d617e92abd150d9998dd48dfa5c99b53af6e025061f989e411271f4265231405,source=GBIF; non-commercial licence
886f2e4b-791d-43bb-bbe8-d8b3f9979aa4,SF007,Cencaru,Megalaspis cordyla,WILD,train,f4e4a9b5457db49a,INATURALIST,https://www.inaturalist.org/observations/322186014,CC-BY-NC,REVIEW,"(c) Adithya P., some rights reserved (CC BY-NC)",CENCARU/inaturalist/886f2e4b-791d-43bb-bbe8-d8b3f9979aa4.jpg,f4e4a9b5457db49ac61d94d87d4a48d48e7ee43c1618ab5684d0964f8a76e5be,source=INATURALIST; non-commercial licence
8af58938-b0ef-4426-aec2-5e0ec2477b51,SF007,Cencaru,Megalaspis cordyla,WILD,train,c2a00c973f7a1dc6,INATURALIST,https://www.inaturalist.org/observations/259942538,CC-BY-NC,REVIEW,"(c) boutleboi, some rights reserved (CC BY-NC)",CENCARU/inaturalist/8af58938-b0ef-4426-aec2-5e0ec2477b51.jpg,c2a00c973f7a1dc63f6b4b434aa8dff60a0c8327050876e2a767f4c770112493,source=INATURALIST; non-commercial licence
8bc787b1-d44c-4d21-9c8f-ddc827fe130a,SF007,Cencaru,Megalaspis cordyla,WILD,train,e43d5f7566c20a38,INATURALIST,https://www.inaturalist.org/observations/268892017,CC-BY-NC,REVIEW,"(c) rhinolin, some rights reserved (CC BY-NC)",CENCARU/inaturalist/8bc787b1-d44c-4d21-9c8f-ddc827fe130a.jpg,e43d5f7566c20a38c9b82aea2acad402820497f7ad7298ca2f95f1e12ff05ebc,source=INATURALIST; non-commercial licence
8d726127-a1b9-429b-992a-7d122f23fae2,SF007,Cencaru,Megalaspis cordyla,WILD,train,6d002697d971e4eb,ATLAS_OF_LIVING_AUSTRALIA,https://www.inaturalist.org/observations/261220173,CC-BY-NC,REVIEW,Snow Dennis,CENCARU/atlas_of_living_australia/8d726127-a1b9-429b-992a-7d122f23fae2.jpg,6d002697d971e4eb01fb9f0c1f5cc91cc7913656a8f70ab2d4b5644a928d2d70,source=ATLAS_OF_LIVING_AUSTRALIA; non-commercial licence
8d9c03e6-b8a1-47e0-846e-0f637de8fc85,SF007,Cencaru,Megalaspis cordyla,WILD,train,10aa75ce1859556c,INATURALIST,https://www.inaturalist.org/observations/255377404,CC-BY,YES,"(c) Ong Jyh Seng, some rights reserved (CC BY)",CENCARU/inaturalist/8d9c03e6-b8a1-47e0-846e-0f637de8fc85.jpg,10aa75ce1859556cd90b1b03604d7e87f34e13f51b081116c7ce9409ee3262a3,source=INATURALIST
8f30eb85-b810-4d3f-8f36-75517415b921,SF007,Cencaru,Megalaspis cordyla,WILD,train,e7a88409ddeba572,INATURALIST,https://www.inaturalist.org/observations/308656537,CC-BY-NC-SA,REVIEW,"(c) Vivek.N.Rathod, some rights reserved (CC BY-NC-SA)",CENCARU/inaturalist/8f30eb85-b810-4d3f-8f36-75517415b921.jpg,e7a88409ddeba572c6c304ff2481b2a46284798bdc479cbefcef650db17c8669,source=INATURALIST; non-commercial licence
8f4ecd9f-ef49-4a49-a4ed-a04b1f68e423,SF007,Cencaru,Megalaspis cordyla,WILD,val,6bb90e254f5fa956,GBIF,https://portal.boldsystems.org/record/GDK228-12,CC-BY-SA,YES,GDK228-12 Lateral,CENCARU/gbif/8f4ecd9f-ef49-4a49-a4ed-a04b1f68e423.jpg,6bb90e254f5fa9567fc51c4e4b85c5d91701e15a932e568a0312dfe570b27770,source=GBIF
9348e01d-9e13-4d2b-9235-084c0823d724,SF007,Cencaru,Megalaspis cordyla,WILD,train,47099ffb1e9ca488,INATURALIST,https://www.inaturalist.org/observations/273126932,CC-BY-NC,REVIEW,"(c) surya sankar, some rights reserved (CC BY-NC)",CENCARU/inaturalist/9348e01d-9e13-4d2b-9235-084c0823d724.jpg,47099ffb1e9ca488af36957a29d67cfa6710b1c3f3a95138a0f1acfb840314cb,source=INATURALIST; non-commercial licence
935a6818-0270-4a03-a255-f9c6b098f51a,SF007,Cencaru,Megalaspis cordyla,WILD,train,b71926be9a21887f,INATURALIST,https://www.inaturalist.org/observations/291372008,CC-BY-NC-SA,REVIEW,"(c) Vivek.N.Rathod, some rights reserved (CC BY-NC-SA)",CENCARU/inaturalist/935a6818-0270-4a03-a255-f9c6b098f51a.jpg,b71926be9a21887f1ef0a29b57835c6f1f261e8e77b30b5e150c9296aeb28679,source=INATURALIST; non-commercial licence
97553ecc-6d39-4fe2-ac3d-d947008c4fae,SF007,Cencaru,Megalaspis cordyla,WILD,train,5ae6143baa536bb9,GBIF,https://www.inaturalist.org/observations/204368337,CC-BY-NC,REVIEW,Jiayuan Lin,CENCARU/gbif/97553ecc-6d39-4fe2-ac3d-d947008c4fae.jpg,5ae6143baa536bb9bcff4053907382d7975dba054ee47a5bc23b8dc43bda1180,source=GBIF; non-commercial licence
98dcd1da-9afc-4bea-98c4-5ac36e594f21,SF007,Cencaru,Megalaspis cordyla,WILD,test_clean,b2413117657a952c,GBIF,https://www.gbif.org/occurrence/1230373001,CC-BY,YES,| CD No. 351-6534| PCH 92-M1;,CENCARU/gbif/98dcd1da-9afc-4bea-98c4-5ac36e594f21.jpg,b2413117657a952c16c010d899ac05c9d863e6874c08218414aec5b8841e7023,source=GBIF
99b5f524-e83a-4f98-bcb6-6cff52af0d73,SF007,Cencaru,Megalaspis cordyla,WILD,train,f0fbb48c0da3623e,INATURALIST,https://www.inaturalist.org/observations/250913001,CC-BY-NC,REVIEW,"(c) Allan Lugg, some rights reserved (CC BY-NC)",CENCARU/inaturalist/99b5f524-e83a-4f98-bcb6-6cff52af0d73.jpg,f0fbb48c0da3623e9da49948955f25df1046cf79c21274941f45375fa1a13244,source=INATURALIST; non-commercial licence
9eaf89eb-7223-4c81-9c4d-21f7a4461001,SF007,Cencaru,Megalaspis cordyla,WILD,train,1a5a956b7199c0d2,GBIF,https://mczbase.mcz.harvard.edu/guid/MCZ:Ich:16667,CC-BY-NC-SA,REVIEW,MCZ:Ich:16667 Megalaspis cordyla lateral,CENCARU/gbif/9eaf89eb-7223-4c81-9c4d-21f7a4461001.jpg,1a5a956b7199c0d2c4f2603d8c34086eb8044420f9efe26914f989a2e12d327f,source=GBIF; non-commercial licence
9eb789f2-3f6e-4c7b-a43d-65b395821b60,SF007,Cencaru,Megalaspis cordyla,WILD,train,e07355a1098625b5,INATURALIST,https://www.inaturalist.org/observations/259942538,CC-BY-NC,REVIEW,"(c) boutleboi, some rights reserved (CC BY-NC)",CENCARU/inaturalist/9eb789f2-3f6e-4c7b-a43d-65b395821b60.jpg,e07355a1098625b5664ab320d05274c470e446fcc3511f42df1ab96dbd39492b,source=INATURALIST; non-commercial licence
a073da4f-dcdc-4571-b2bc-5bb8a74fad42,SF007,Cencaru,Megalaspis cordyla,WILD,train,b1d9fa5bac5393c6,GBIF,https://portal.boldsystems.org/record/PHIVS140-16,CC-BY-NC,REVIEW,PHIVS140-16 Lateral,CENCARU/gbif/a073da4f-dcdc-4571-b2bc-5bb8a74fad42.jpg,b1d9fa5bac5393c6592420b27a4d5013f9dc2afb7d0f353c3251800887ea95ec,source=GBIF; non-commercial licence
a21c5459-7873-4faf-9736-dcb01d3c7480,SF007,Cencaru,Megalaspis cordyla,WILD,train,89f4996c2532ac32,INATURALIST,https://www.inaturalist.org/observations/224346056,CC-BY-NC-SA,REVIEW,"(c) Vivek.N.Rathod, some rights reserved (CC BY-NC-SA)",CENCARU/inaturalist/a21c5459-7873-4faf-9736-dcb01d3c7480.jpg,89f4996c2532ac328d5062f5beca58ae5717a59e998b503d344b68dea27063d9,source=INATURALIST; non-commercial licence
a270fc23-6a1c-4f88-bf3d-02664fe24010,SF007,Cencaru,Megalaspis cordyla,WILD,val,fb59455db2b7f112,INATURALIST,https://www.inaturalist.org/observations/348442177,CC0,YES,no rights reserved,CENCARU/inaturalist/a270fc23-6a1c-4f88-bf3d-02664fe24010.jpg,fb59455db2b7f112364c89798de78f180f5b41ff8faa19fef22403279e3cc648,source=INATURALIST
a3ee2a6b-4af9-4862-9859-685b7fbe6936,SF007,Cencaru,Megalaspis cordyla,WILD,train,eac6d9e6df9f9f25,INATURALIST,https://www.inaturalist.org/observations/243372709,CC-BY,YES,"(c) Ashwit Shetty, some rights reserved (CC BY)",CENCARU/inaturalist/a3ee2a6b-4af9-4862-9859-685b7fbe6936.jpg,eac6d9e6df9f9f252d3f6f992f85f4e909a7b2a816eed3f6a6eeb19850cddb1a,source=INATURALIST
a45ed9eb-a592-4f6a-92ad-905a866eff9a,SF007,Cencaru,Megalaspis cordyla,WILD,train,3c4c9501dfd7a6b4,INATURALIST,https://www.inaturalist.org/observations/107531094,CC-BY-NC,REVIEW,"(c) Ken Graham, some rights reserved (CC BY-NC)",CENCARU/inaturalist/a45ed9eb-a592-4f6a-92ad-905a866eff9a.jpg,3c4c9501dfd7a6b49fdcf2b62dfbeeb2194d0eb3b5574cb9ac9276aef1b6d4de,source=INATURALIST; non-commercial licence
a49c0c1b-55c4-4be8-aa44-1a0816df4235,SF007,Cencaru,Megalaspis cordyla,WILD,train,48dccdff4612b64b,GBIF,https://portal.boldsystems.org/record/DBMR052-19,CC-BY-SA,YES,DBMR052-19 Lateral,CENCARU/gbif/a49c0c1b-55c4-4be8-aa44-1a0816df4235.jpg,48dccdff4612b64bf26ddc2be16b9f5c51211589be07b8621b1588e3b90008dc,source=GBIF
a4e0a783-1469-4b5a-b129-f263204f2918,SF007,Cencaru,Megalaspis cordyla,WILD,train,477a7da3fd486e81,INATURALIST,https://www.inaturalist.org/observations/256394637,CC-BY-NC,REVIEW,"(c) Marina Nikonorova, some rights reserved (CC BY-NC)",CENCARU/inaturalist/a4e0a783-1469-4b5a-b129-f263204f2918.jpg,477a7da3fd486e81a6b93bcab71c716216986d325732826e0a428e11bcd15b78,source=INATURALIST; non-commercial licence
a6c2a38f-30f5-425e-8db1-d33edb6b809e,SF007,Cencaru,Megalaspis cordyla,WILD,train,38db7f0e49e96134,INATURALIST,https://www.inaturalist.org/observations/333292023,CC-BY-NC-SA,REVIEW,"(c) Vivek.N.Rathod, some rights reserved (CC BY-NC-SA)",CENCARU/inaturalist/a6c2a38f-30f5-425e-8db1-d33edb6b809e.jpg,38db7f0e49e961344cb967d6fac2292ee3b99481c6a7f3a209b11c4d2212fb88,source=INATURALIST; non-commercial licence
a6ebfd2d-7469-44bb-b74e-39192b00e66d,SF007,Cencaru,Megalaspis cordyla,WILD,val,965ca7ee155289a2,INATURALIST,https://www.inaturalist.org/observations/375197538,CC-BY-NC,REVIEW,"(c) David R, some rights reserved (CC BY-NC)",CENCARU/inaturalist/a6ebfd2d-7469-44bb-b74e-39192b00e66d.jpg,965ca7ee155289a29c369bd23e3cd755777b4eac016a78c21916ad06156b5812,source=INATURALIST; non-commercial licence
a7412127-793a-4b00-a560-fa311503e9b9,SF007,Cencaru,Megalaspis cordyla,WILD,train,fe06fa4fdb0595af,GBIF,https://mczbase.mcz.harvard.edu/guid/MCZ:Ich:23937,CC-BY-NC-SA,REVIEW,MCZ:Ich:23937 Megalaspis cordyla label front,CENCARU/gbif/a7412127-793a-4b00-a560-fa311503e9b9.jpg,fe06fa4fdb0595af6ce9fda8f04254a294bc3c9e80506fae301740e5f9ba5933,source=GBIF; non-commercial licence
a9c998d0-8910-4556-9743-cffdf7cbc49f,SF007,Cencaru,Megalaspis cordyla,WILD,val,c80e83e431aa1849,INATURALIST,https://www.inaturalist.org/observations/269764407,CC-BY-NC-SA,REVIEW,"(c) Vivek.N.Rathod, some rights reserved (CC BY-NC-SA)",CENCARU/inaturalist/a9c998d0-8910-4556-9743-cffdf7cbc49f.jpg,c80e83e431aa1849c9803770aae5f4d941fdb30bce2af09f1489907ca40f26ae,source=INATURALIST; non-commercial licence
a9fb9b21-5554-44b5-8aae-91fd5b8d6be7,SF007,Cencaru,Megalaspis cordyla,WILD,train,93ee103a6b650e84,GBIF,https://www.inaturalist.org/observations/4636993,CC-BY-NC,REVIEW,Mark Rosenstein,CENCARU/gbif/a9fb9b21-5554-44b5-8aae-91fd5b8d6be7.jpg,93ee103a6b650e84f2f4ff066a4be52f622f3ccaf524a423984d2561aac2fb1e,source=GBIF; non-commercial licence
aa1efdc9-35d3-4257-805d-b37d09a78673,SF007,Cencaru,Megalaspis cordyla,WILD,train,86918d9616594280,INATURALIST,https://www.inaturalist.org/observations/286166463,CC-BY-NC,REVIEW,"(c) Niran Anurakpongsathorn, some rights reserved (CC BY-NC)",CENCARU/inaturalist/aa1efdc9-35d3-4257-805d-b37d09a78673.jpg,86918d9616594280e7861495503ab451ca2994a5ce6d25b060fb45dcc0744cc7,source=INATURALIST; non-commercial licence
ac629c9c-643a-4e28-a8e8-121d0be1bdd6,SF007,Cencaru,Megalaspis cordyla,WILD,train,faf153d8e8bc3aec,INATURALIST,https://www.inaturalist.org/observations/207114566,CC-BY-NC-SA,REVIEW,"(c) Vivek.N.Rathod, some rights reserved (CC BY-NC-SA)",CENCARU/inaturalist/ac629c9c-643a-4e28-a8e8-121d0be1bdd6.jpg,faf153d8e8bc3aec4fe71f21617e2c53ddaab2ccec53b45c5eb2349e0c1d95bb,source=INATURALIST; non-commercial licence
acc705a9-e30e-4fd1-a6b4-a8b35eebb904,SF007,Cencaru,Megalaspis cordyla,WILD,train,c4daaff1af2e7574,INATURALIST,https://www.inaturalist.org/observations/225672326,CC-BY-NC,REVIEW,"(c) Glen Whisson, some rights reserved (CC BY-NC)",CENCARU/inaturalist/acc705a9-e30e-4fd1-a6b4-a8b35eebb904.jpg,c4daaff1af2e757492a87d1779e378666f638022d05d14123f50cace47d5b178,source=INATURALIST; non-commercial licence
ade91bcd-ba08-48cd-b394-9200de3d25dc,SF007,Cencaru,Megalaspis cordyla,WILD,train,fdb16651a3776cad,ATLAS_OF_LIVING_AUSTRALIA,https://www.inaturalist.org/observations/271651325,CC-BY-NC,REVIEW,johnclark95,CENCARU/atlas_of_living_australia/ade91bcd-ba08-48cd-b394-9200de3d25dc.jpg,fdb16651a3776cada06c86412fa0f982e2dc7428c239e491e7f90375b4422c33,source=ATLAS_OF_LIVING_AUSTRALIA; non-commercial licence
b166d19c-4d16-4f24-94be-ea3b8a2e7b70,SF007,Cencaru,Megalaspis cordyla,WILD,train,6e77f36431b7d81b,GBIF,https://portal.boldsystems.org/record/DBMR056-19,CC-BY-SA,YES,DBMR056-19 Lateral,CENCARU/gbif/b166d19c-4d16-4f24-94be-ea3b8a2e7b70.jpg,6e77f36431b7d81b80c358ea32956dbf1f42e9b88092191845f4fa920ab5a9df,source=GBIF
b1f56bba-b680-47a6-80b4-9e101261422d,SF007,Cencaru,Megalaspis cordyla,WILD,train,c69a890fec575a33,INATURALIST,https://www.inaturalist.org/observations/263991155,CC-BY,YES,"(c) phiroza, some rights reserved (CC BY)",CENCARU/inaturalist/b1f56bba-b680-47a6-80b4-9e101261422d.jpg,c69a890fec575a337468a5d79e1cf90b5af527429a199dc88e1d04b6eb7ece40,source=INATURALIST
b4a73629-ce74-4404-af16-c6f25fe86f1a,SF007,Cencaru,Megalaspis cordyla,WILD,train,6bcadd24cf321b14,INATURALIST,https://www.inaturalist.org/observations/269581338,CC-BY-NC-SA,REVIEW,"(c) Vivek.N.Rathod, some rights reserved (CC BY-NC-SA)",CENCARU/inaturalist/b4a73629-ce74-4404-af16-c6f25fe86f1a.jpg,6bcadd24cf321b14bee82dc8f0aaaa7f66c292edc06a3b80326276e7c941d011,source=INATURALIST; non-commercial licence
bbad53c1-cea0-46c5-a19b-338d1a5fa6db,SF007,Cencaru,Megalaspis cordyla,WILD,train,91073ad43334ce46,GBIF,https://portal.boldsystems.org/record/PHIVS143-16,CC-BY-NC,REVIEW,PHIVS143-16 Lateral,CENCARU/gbif/bbad53c1-cea0-46c5-a19b-338d1a5fa6db.jpg,91073ad43334ce461806ac4d67ad7d43503a7f65b7a4192ad894cae81ce00e2d,source=GBIF; non-commercial licence
bbfb4bb0-a7c8-47b1-b43d-5fd00d39ee0a,SF007,Cencaru,Megalaspis cordyla,WILD,train,d6f17a6c6b7cd82b,GBIF,https://biocase.snsb.info/wrapper/querytool/details.cgi?dsa=SAPMpiscescoll&detail=unit&wrapper_url=http://biocase.snsb.info/wrapper/pywrapper.cgi?dsa=SAPMpiscescoll&schema=http://www.tdwg.org/schemas/abcd/2.06&col=SAPMpiscescoll&cat=SAPM-PI-01679%20/%20535823%20/%20219462,CC-BY-SA,YES,GBIF occ:1851315592/media:http://pictures.snsb.info/SAPMpiscescoll/web/SAPM-PI-016/SAPM-PI-01679_20130710_115552.jpg,CENCARU/gbif/bbfb4bb0-a7c8-47b1-b43d-5fd00d39ee0a.jpg,d6f17a6c6b7cd82b9af6d20aab5048a6a50231410d83dd0bc812a03919e84369,source=GBIF
bc5bd958-6bff-4cbf-a8f6-06828615f253,SF007,Cencaru,Megalaspis cordyla,WILD,train,13085ba0c3f13384,INATURALIST,https://www.inaturalist.org/observations/375197538,CC-BY-NC,REVIEW,"(c) David R, some rights reserved (CC BY-NC)",CENCARU/inaturalist/bc5bd958-6bff-4cbf-a8f6-06828615f253.jpg,13085ba0c3f1338490383adeedfa40d1a17eedba11703272d0521e4de8fe5a13,source=INATURALIST; non-commercial licence
bd762e09-cf4c-464b-a0aa-128327bd112e,SF007,Cencaru,Megalaspis cordyla,WILD,train,b3ba81b12993245e,GBIF,https://mczbase.mcz.harvard.edu/guid/MCZ:Ich:16667,CC-BY-NC-SA,REVIEW,MCZ:Ich:16667 Megalaspis cordyla,CENCARU/gbif/bd762e09-cf4c-464b-a0aa-128327bd112e.jpg,b3ba81b12993245e77d43b653c8d09ae2cba31368c57144c5224c9bdce28dc0e,source=GBIF; non-commercial licence
be5ab78d-9bdc-4538-808c-50f689733ff2,SF007,Cencaru,Megalaspis cordyla,WILD,test_clean,0d83be7703af2258,INATURALIST,https://www.inaturalist.org/observations/325006674,CC-BY,YES,"(c) Dmitry Ivanov, some rights reserved (CC BY)",CENCARU/inaturalist/be5ab78d-9bdc-4538-808c-50f689733ff2.jpg,0d83be7703af225835cd5217ffad11f1e1f89bae9ca5d3edf97b0a49064b1611,source=INATURALIST
be6be710-5daf-4a59-9423-631c6087074e,SF007,Cencaru,Megalaspis cordyla,WILD,train,2ffbe3751512d897,GBIF,https://www.inaturalist.org/observations/140765600,CC-BY-NC,REVIEW,ahsrav,CENCARU/gbif/be6be710-5daf-4a59-9423-631c6087074e.jpg,2ffbe3751512d897c8e2339528fb7a937b3f95f3f3066f8b51a50dd5342e3926,source=GBIF; non-commercial licence
bf1c4685-075f-4b23-b0f9-4faeb599f889,SF007,Cencaru,Megalaspis cordyla,WILD,train,2876fc8a1bd6081e,INATURALIST,https://www.inaturalist.org/observations/224593216,CC-BY-NC-SA,REVIEW,"(c) Vivek.N.Rathod, some rights reserved (CC BY-NC-SA)",CENCARU/inaturalist/bf1c4685-075f-4b23-b0f9-4faeb599f889.jpg,2876fc8a1bd6081ed2c38e79c80fab60729e747429e43142649de1c39a46c8b2,source=INATURALIST; non-commercial licence
c306e868-d782-4152-886b-56c9c8fe5a4e,SF007,Cencaru,Megalaspis cordyla,WILD,val,2db12a951869d629,GBIF,https://portal.boldsystems.org/record/DBMR054-19,CC-BY-SA,YES,DBMR054-19 Lateral,CENCARU/gbif/c306e868-d782-4152-886b-56c9c8fe5a4e.jpg,2db12a951869d629806480b5a10c54a367f9c949a52871ba647ee8a9828755a3,source=GBIF
c36729a2-df75-433a-86e0-ab0d1fe1cc92,SF007,Cencaru,Megalaspis cordyla,WILD,val,8b9909486e3e27ff,GBIF,https://www.gbif.org/occurrence/1056902034,CC-BY,YES,Zoology Accessions Register: Fishes: 1912 - 1936: page 162,CENCARU/gbif/c36729a2-df75-433a-86e0-ab0d1fe1cc92.jpg,8b9909486e3e27ff894060994623f38e24af78f78ea70c35e44e5fca89d86401,source=GBIF
c3959176-4c8d-46f2-9e75-c0723c38bca7,SF007,Cencaru,Megalaspis cordyla,WILD,train,ff7a3effa456bbc2,GBIF,https://www.gbif.org/occurrence/890186064,CC-BY-NC,REVIEW,Carangidae Megalaspis cordyla,CENCARU/gbif/c3959176-4c8d-46f2-9e75-c0723c38bca7.jpg,ff7a3effa456bbc22bd9ad5323feadb9398d2664f82d72b009ba1736bc215b4f,source=GBIF; non-commercial licence
cbc40fc6-f130-4351-b455-357c7e6a0934,SF007,Cencaru,Megalaspis cordyla,WILD,train,c1d15b74ee9d986e,INATURALIST,https://www.inaturalist.org/observations/262660683,CC-BY-NC,REVIEW,"(c) kenny_well, some rights reserved (CC BY-NC)",CENCARU/inaturalist/cbc40fc6-f130-4351-b455-357c7e6a0934.jpg,c1d15b74ee9d986e69ad8c7978c3d63556c35e5b66ef9848edc0e6c7db6804de,source=INATURALIST; non-commercial licence
cc527bc9-e8bc-4a23-bed2-bee19991cc67,SF007,Cencaru,Megalaspis cordyla,WILD,train,551474cb674fc853,GBIF,https://mczbase.mcz.harvard.edu/guid/MCZ:Ich:16667,CC-BY-NC-SA,REVIEW,MCZ:Ich:16667 Megalaspis cordyla,CENCARU/gbif/cc527bc9-e8bc-4a23-bed2-bee19991cc67.jpg,551474cb674fc8530780bdf35ae80107fb5489bfe147bc3e70ffee439e02581e,source=GBIF; non-commercial licence
cc5b96f1-6393-4a59-b1f8-a6ca1314cb32,SF007,Cencaru,Megalaspis cordyla,WILD,train,b1ff80f754e6e6fa,GBIF,https://www.gbif.org/occurrence/1055662559,CC-BY,YES,Zoology Accessions Register: Fishes: 1912 - 1936: page 287,CENCARU/gbif/cc5b96f1-6393-4a59-b1f8-a6ca1314cb32.jpg,b1ff80f754e6e6fa71b35823e16502cec7127b271211dc49f4af9fbaae83ca15,source=GBIF
ccc4dba4-ff0a-4a0f-83da-440c9637d19f,SF007,Cencaru,Megalaspis cordyla,WILD,val,eeffe52ce7c4f704,INATURALIST,https://www.inaturalist.org/observations/224346056,CC-BY-NC-SA,REVIEW,"(c) Vivek.N.Rathod, some rights reserved (CC BY-NC-SA)",CENCARU/inaturalist/ccc4dba4-ff0a-4a0f-83da-440c9637d19f.jpg,eeffe52ce7c4f704335144660d00317fc99cede4ccbf8b43345dcefc43b27976,source=INATURALIST; non-commercial licence
ccf86c59-a729-493b-a757-992e1be4098b,SF007,Cencaru,Megalaspis cordyla,WILD,train,48c679dc5b180d0d,GBIF,https://www.gbif.org/occurrence/1056146506,CC-BY,YES,Zoology Accessions Register: Fishes: 1912 - 1936: page 21,CENCARU/gbif/ccf86c59-a729-493b-a757-992e1be4098b.jpg,48c679dc5b180d0dcc3cd7489ca65cd08f66d55f414cf25b5817bdd7c1e04985,source=GBIF
cdec8cc4-e497-466d-9867-4baeb21d4567,SF007,Cencaru,Megalaspis cordyla,WILD,test_clean,5590ab732f3819de,INATURALIST,https://www.inaturalist.org/observations/280721220,CC-BY-NC,REVIEW,"(c) fachrynurmallojr, some rights reserved (CC BY-NC)",CENCARU/inaturalist/cdec8cc4-e497-466d-9867-4baeb21d4567.jpg,5590ab732f3819de6c0fb330910ffa562d9a13652a20e68a775abfdf60ca1a52,source=INATURALIST; non-commercial licence
ced0e97e-d353-4796-92b6-dc09a8cb9ba6,SF007,Cencaru,Megalaspis cordyla,WILD,test_clean,f96f6b58b103d32d,GBIF,https://www.inaturalist.org/observations/152907273,CC-BY-NC,REVIEW,Alex Bairstow,CENCARU/gbif/ced0e97e-d353-4796-92b6-dc09a8cb9ba6.jpg,f96f6b58b103d32dc8b5be2c081faf04f3e9eb221cce2fc3860a530156cd0a3a,source=GBIF; non-commercial licence
d13c5c65-d285-49b0-8da0-9f3c6c45bff2,SF007,Cencaru,Megalaspis cordyla,WILD,train,23634edcbba5be79,GBIF,https://www.inaturalist.org/observations/140764677,CC-BY-NC,REVIEW,ahsrav,CENCARU/gbif/d13c5c65-d285-49b0-8da0-9f3c6c45bff2.jpg,23634edcbba5be790b4c7e79620ab38432a80f4f44d831801ead58902d06f108,source=GBIF; non-commercial licence
d155250a-2343-46fd-89b4-1ebd1b73ca78,SF007,Cencaru,Megalaspis cordyla,WILD,train,14d58ed30e2b935e,INATURALIST,https://www.inaturalist.org/observations/334568586,CC-BY-NC,REVIEW,"(c) JIN Pin-Tsen, some rights reserved (CC BY-NC)",CENCARU/inaturalist/d155250a-2343-46fd-89b4-1ebd1b73ca78.jpg,14d58ed30e2b935e2379cdf4f151094bd075766484ba6e772a99c7bead99745d,source=INATURALIST; non-commercial licence
d4fb5ef5-5b3d-400a-b2d9-03d1a7240bde,SF007,Cencaru,Megalaspis cordyla,WILD,train,3cf08333d1365eca,GBIF,https://portal.boldsystems.org/record/DBMR055-19,CC-BY-SA,YES,DBMR055-19 Lateral,CENCARU/gbif/d4fb5ef5-5b3d-400a-b2d9-03d1a7240bde.jpg,3cf08333d1365ecae72c56138f8fda67614e36b0753d14eb0ee52ea3e470161c,source=GBIF
d5f33703-dd15-4cf2-9f92-94cbacc56bae,SF007,Cencaru,Megalaspis cordyla,WILD,train,2d6ea9617a017b55,GBIF,https://www.inaturalist.org/observations/18029913,CC-BY-SA,YES,Manoj Karingamadathil,CENCARU/gbif/d5f33703-dd15-4cf2-9f92-94cbacc56bae.jpg,2d6ea9617a017b55ef4dcb13aad27e9ffb510afce27eef8b02133e969a8d9fcc,source=GBIF
d711d383-3567-4d2c-bd3a-de45ce50e341,SF007,Cencaru,Megalaspis cordyla,WILD,test_clean,7157f56de4eb6b03,INATURALIST,https://www.inaturalist.org/observations/230427179,CC-BY-NC,REVIEW,"(c) Allan Lugg, some rights reserved (CC BY-NC)",CENCARU/inaturalist/d711d383-3567-4d2c-bd3a-de45ce50e341.jpg,7157f56de4eb6b03b087cc5a7ff209ceb634b69b92c8640db79bda34bcb49180,source=INATURALIST; non-commercial licence
d7afca8a-f598-4e7e-935c-cc4cc6ae68ac,SF007,Cencaru,Megalaspis cordyla,WILD,test_clean,c97b37498434b813,ATLAS_OF_LIVING_AUSTRALIA,https://www.inaturalist.org/observations/30470416,CC-BY-NC,REVIEW,Gordon Black,CENCARU/atlas_of_living_australia/d7afca8a-f598-4e7e-935c-cc4cc6ae68ac.jpg,c97b37498434b813c54937ed46a923e14136a3f60ed5658bda0e7027557b49a6,source=ATLAS_OF_LIVING_AUSTRALIA; non-commercial licence
d8e4a1da-0402-43d6-88fa-7acf7801fc8c,SF007,Cencaru,Megalaspis cordyla,WILD,train,4838581f9cb20ae9,GBIF,https://www.inaturalist.org/observations/163291742,CC-BY,YES,Navaneeth Sini George,CENCARU/gbif/d8e4a1da-0402-43d6-88fa-7acf7801fc8c.jpg,4838581f9cb20ae9b3ffc57ab603bc5d78a1126cbab5a617946242369a7a3cdb,source=GBIF
da186747-fe52-4537-9a6a-07dd08a810ec,SF007,Cencaru,Megalaspis cordyla,WILD,val,f8b27cb3e69e2b6a,INATURALIST,https://www.inaturalist.org/observations/260100052,CC-BY-NC,REVIEW,"(c) fachrynurmallojr, some rights reserved (CC BY-NC)",CENCARU/inaturalist/da186747-fe52-4537-9a6a-07dd08a810ec.jpg,f8b27cb3e69e2b6a54f344d3ebe2627b9a34037aee663d0e14bbf292b30535d3,source=INATURALIST; non-commercial licence
e0bc55e9-9a46-4943-bdf0-3c61c87fd8e4,SF007,Cencaru,Megalaspis cordyla,WILD,test_clean,d9d1fde2ad15b054,GBIF,https://www.inaturalist.org/observations/148071989,CC-BY-NC,REVIEW,Aniruddha Singhamahapatra,CENCARU/gbif/e0bc55e9-9a46-4943-bdf0-3c61c87fd8e4.jpg,d9d1fde2ad15b0542acc509034f73e96a4a4ca70a68a87a322eb191d3e9d1336,source=GBIF; non-commercial licence
e1f000bc-8389-4e9e-b21b-f1d3bad5b0cc,SF007,Cencaru,Megalaspis cordyla,WILD,val,798ff2832932ef74,INATURALIST,https://www.inaturalist.org/observations/65629648,CC-BY-NC,REVIEW,"(c) tern911, some rights reserved (CC BY-NC)",CENCARU/inaturalist/e1f000bc-8389-4e9e-b21b-f1d3bad5b0cc.jpg,798ff2832932ef7472b2efed1a661a70a80cd2d4788663e56587ab5460eef565,source=INATURALIST; non-commercial licence
e478fd97-f8b0-4aa5-95c9-6c8bc65c3969,SF007,Cencaru,Megalaspis cordyla,WILD,train,c77cb180f46ab52d,GBIF,https://www.inaturalist.org/observations/163291742,CC-BY,YES,Navaneeth Sini George,CENCARU/gbif/e478fd97-f8b0-4aa5-95c9-6c8bc65c3969.jpg,c77cb180f46ab52df4084ed456b27bdfb1a3c72c3bc441c8a8f15d5a11e7c4c6,source=GBIF
e51eb45e-0593-4957-ba8f-e89326b41367,SF007,Cencaru,Megalaspis cordyla,WILD,val,f317a361213a3f5f,INATURALIST,https://www.inaturalist.org/observations/276543361,CC-BY-NC,REVIEW,"(c) Clinton Duffy, some rights reserved (CC BY-NC)",CENCARU/inaturalist/e51eb45e-0593-4957-ba8f-e89326b41367.jpg,f317a361213a3f5fc76ab1b34573cabe1e82ea6642e32693e3389266c1892950,source=INATURALIST; non-commercial licence
e75ca1d7-1dc2-495b-b553-c1a7545636c0,SF007,Cencaru,Megalaspis cordyla,WILD,train,f6515b69780206e7,GBIF,https://portal.boldsystems.org/record/PHILA348-13,CC-BY-NC,REVIEW,PHILA348-13 Lateral,CENCARU/gbif/e75ca1d7-1dc2-495b-b553-c1a7545636c0.jpg,f6515b69780206e73e35e0130d7ede98f426a56467ffedc29b4ecbd108e62f2b,source=GBIF; non-commercial licence
e91b7e98-41c5-42d0-a8c1-d5cdc6c810ab,SF007,Cencaru,Megalaspis cordyla,WILD,test_clean,26ad70562204a2d1,INATURALIST,https://www.inaturalist.org/observations/260966688,CC-BY-NC,REVIEW,"(c) Bruno Paquito, some rights reserved (CC BY-NC)",CENCARU/inaturalist/e91b7e98-41c5-42d0-a8c1-d5cdc6c810ab.jpg,26ad70562204a2d1b3ab25e5297fe5aede1f36647643329675d7dcee4ba32faf,source=INATURALIST; non-commercial licence
e9a3a4b1-ef5f-4f8d-a8bf-01e9005b7cd3,SF007,Cencaru,Megalaspis cordyla,WILD,val,71ef3fc06b36b97f,GBIF,https://www.inaturalist.org/observations/4636993,CC-BY-NC,REVIEW,Mark Rosenstein,CENCARU/gbif/e9a3a4b1-ef5f-4f8d-a8bf-01e9005b7cd3.jpg,71ef3fc06b36b97f1201a7076ff89dd1df121049873beb109ab5f188f43f0dce,source=GBIF; non-commercial licence
e9b4380a-1e8f-475a-8264-650ac47675d7,SF007,Cencaru,Megalaspis cordyla,WILD,val,e5225fe869110071,INATURALIST,https://www.inaturalist.org/observations/224573436,CC-BY-NC-SA,REVIEW,"(c) Vivek.N.Rathod, some rights reserved (CC BY-NC-SA)",CENCARU/inaturalist/e9b4380a-1e8f-475a-8264-650ac47675d7.jpg,e5225fe869110071e439a090f3e8bf8075855261eb3a7447c84003426f01938b,source=INATURALIST; non-commercial licence
ea3c713c-8c79-48c1-bf2d-1c9165ee3e01,SF007,Cencaru,Megalaspis cordyla,WILD,train,7395d94d94f4df84,GBIF,https://www.gbif.org/occurrence/1055654350,CC-BY,YES,Zoology Accessions Register: Reptiles & Fishes: 1864 - 1877: page 217,CENCARU/gbif/ea3c713c-8c79-48c1-bf2d-1c9165ee3e01.jpg,7395d94d94f4df8407ccbe1aaae3d0069c7fe3f819b31041c77255101574630b,source=GBIF
eca08a61-73d5-448e-aa0f-6afd0a6db436,SF007,Cencaru,Megalaspis cordyla,WILD,train,aca9986cbc2da010,INATURALIST,https://www.inaturalist.org/observations/306469864,CC-BY-NC,REVIEW,"(c) tartarugachiloane, some rights reserved (CC BY-NC)",CENCARU/inaturalist/eca08a61-73d5-448e-aa0f-6afd0a6db436.jpg,aca9986cbc2da0106a5556ff7921586c5f9b273bc79fc88444bb4e7d7f22de99,source=INATURALIST; non-commercial licence
ee190c84-9843-467e-b826-c186b3ce14f6,SF007,Cencaru,Megalaspis cordyla,WILD,val,cbc77ce7f02b54fa,GBIF,https://www.gbif.org/occurrence/1230411697,CC-BY,YES,Megalaspis cordyla 130mmFL AV2010-14-125,CENCARU/gbif/ee190c84-9843-467e-b826-c186b3ce14f6.jpg,cbc77ce7f02b54fa025197b13da4cc80b5a6b326921920cc4458cf4a842fa173,source=GBIF
ee60c067-bf04-4e13-aade-d70c42735cde,SF007,Cencaru,Megalaspis cordyla,WILD,train,5eb0ed3194e16f63,INATURALIST,https://www.inaturalist.org/observations/243372709,CC-BY,YES,"(c) Ashwit Shetty, some rights reserved (CC BY)",CENCARU/inaturalist/ee60c067-bf04-4e13-aade-d70c42735cde.jpg,5eb0ed3194e16f632a353edc043bf7eafb5eae8fb118ca6289bfc1f45d7d068b,source=INATURALIST
ee81239e-a627-4e12-bfd1-a8e9d2d59018,SF007,Cencaru,Megalaspis cordyla,WILD,train,ab0ede79ce8e3f80,INATURALIST,https://www.inaturalist.org/observations/267167653,CC-BY-NC,REVIEW,"(c) Cameron Gillett, some rights reserved (CC BY-NC)",CENCARU/inaturalist/ee81239e-a627-4e12-bfd1-a8e9d2d59018.jpg,ab0ede79ce8e3f8075f3b3822dd68fdc286c07709b2f83bfdc928beed06378d7,source=INATURALIST; non-commercial licence
ee829cbf-8d0b-4b15-9253-332afafba23d,SF007,Cencaru,Megalaspis cordyla,WILD,train,076eb4419f5637e9,INATURALIST,https://www.inaturalist.org/observations/273126932,CC-BY-NC,REVIEW,"(c) surya sankar, some rights reserved (CC BY-NC)",CENCARU/inaturalist/ee829cbf-8d0b-4b15-9253-332afafba23d.jpg,076eb4419f5637e9df8a0ad151894ecc473cb9ebc02cdbae619ca7307f3cfb56,source=INATURALIST; non-commercial licence
f0d86557-a33b-452d-9cf5-f7adc4b4c02e,SF007,Cencaru,Megalaspis cordyla,WILD,train,53b6326c9ac3403d,INATURALIST,https://www.inaturalist.org/observations/269042879,CC-BY-NC,REVIEW,"(c) A. R. Javanica, some rights reserved (CC BY-NC)",CENCARU/inaturalist/f0d86557-a33b-452d-9cf5-f7adc4b4c02e.jpg,53b6326c9ac3403d2e8c9855906de9a1881d24c037371c3d8c400984b10d3de1,source=INATURALIST; non-commercial licence
f0f15cd8-78a2-4043-a211-6df29f0445ff,SF007,Cencaru,Megalaspis cordyla,WILD,train,73b08dd44c91fe6a,INATURALIST,https://www.inaturalist.org/observations/314760432,CC-BY-NC-SA,REVIEW,"(c) Vivek.N.Rathod, some rights reserved (CC BY-NC-SA)",CENCARU/inaturalist/f0f15cd8-78a2-4043-a211-6df29f0445ff.jpg,73b08dd44c91fe6ad427a6fd5a3d496f41c54c27f56ae3d8d68cf61b5fd37755,source=INATURALIST; non-commercial licence
f31eee21-a778-4484-be5c-933a1cca7cb6,SF007,Cencaru,Megalaspis cordyla,WILD,train,60d4289d77de3198,INATURALIST,https://www.inaturalist.org/observations/262892060,CC-BY-NC,REVIEW,"(c) Erza Aulia Rachman, some rights reserved (CC BY-NC)",CENCARU/inaturalist/f31eee21-a778-4484-be5c-933a1cca7cb6.jpg,60d4289d77de3198c5baf3bbd662807142da1894eea68313a67d5334ba047a7e,source=INATURALIST; non-commercial licence
f3572f7d-1811-477c-96d8-b35757678adf,SF007,Cencaru,Megalaspis cordyla,WILD,val,fea7ae5095e6ee89,INATURALIST,https://www.inaturalist.org/observations/348870246,CC-BY-NC-SA,REVIEW,"(c) Vivek.N.Rathod, some rights reserved (CC BY-NC-SA)",CENCARU/inaturalist/f3572f7d-1811-477c-96d8-b35757678adf.jpg,fea7ae5095e6ee89ace61c64ddbc0a02bf99f9be7db95ef965ac950d005917ef,source=INATURALIST; non-commercial licence
f37d10e2-2056-4d96-a58b-084811d16470,SF007,Cencaru,Megalaspis cordyla,WILD,val,7fbf5185677fe8c9,INATURALIST,https://www.inaturalist.org/observations/224580777,CC-BY-NC-SA,REVIEW,"(c) Vivek.N.Rathod, some rights reserved (CC BY-NC-SA)",CENCARU/inaturalist/f37d10e2-2056-4d96-a58b-084811d16470.jpg,7fbf5185677fe8c9aaf6741be383b2700f17c9c587db88df59a3aec468d4e7e4,source=INATURALIST; non-commercial licence
f42a30c8-4437-4004-8b2c-90c662e9cf83,SF007,Cencaru,Megalaspis cordyla,WILD,train,c58381a184cfa0ab,INATURALIST,https://www.inaturalist.org/observations/356135050,CC-BY-SA,YES,"(c) Abu Hamas, some rights reserved (CC BY-SA)",CENCARU/inaturalist/f42a30c8-4437-4004-8b2c-90c662e9cf83.jpg,c58381a184cfa0ab8bd58a4900e9d33c3b31a74bb234c674812d538ad65b0675,source=INATURALIST
f56fba60-1628-4309-b55d-44532b91c63e,SF007,Cencaru,Megalaspis cordyla,WILD,test_clean,dcc5657678bd4a1b,INATURALIST,https://www.inaturalist.org/observations/347300557,CC-BY-NC,REVIEW,"(c) Nusantara Wilderness, some rights reserved (CC BY-NC)",CENCARU/inaturalist/f56fba60-1628-4309-b55d-44532b91c63e.jpg,dcc5657678bd4a1b5db9bf9df908210b756337d0b576d47ecbef1a9449e893d5,source=INATURALIST; non-commercial licence
f60bcf65-d63e-4858-b6af-1d8b2a3eed1f,SF007,Cencaru,Megalaspis cordyla,WILD,train,89207042c96c546e,INATURALIST,https://www.inaturalist.org/observations/269581338,CC-BY-NC-SA,REVIEW,"(c) Vivek.N.Rathod, some rights reserved (CC BY-NC-SA)",CENCARU/inaturalist/f60bcf65-d63e-4858-b6af-1d8b2a3eed1f.jpg,89207042c96c546e4946ecf1cf1ce1bd8968c887c210dd715b4b3249af19c301,source=INATURALIST; non-commercial licence
f646a7ee-3317-4099-aa18-bd42d3228005,SF007,Cencaru,Megalaspis cordyla,WILD,val,cbc77ce7f02b54fa,GBIF,https://portal.boldsystems.org/record/SAIAD313-11,CC-BY-NC-SA,REVIEW,SAIAD313-11 Lateral,CENCARU/gbif/f646a7ee-3317-4099-aa18-bd42d3228005.jpg,fd30281288251b2788255c03a9e00f6c06e5b8b8b3b3e90f73963aea7b873fb8,source=GBIF; non-commercial licence
f8a4abcd-d642-4824-99f5-ff4884b926ee,SF007,Cencaru,Megalaspis cordyla,WILD,train,7573b481c8140416,GBIF,https://www.gbif.org/occurrence/1230433197,CC-BY,YES,Megalaspis cordyla 210.34 No. 5,CENCARU/gbif/f8a4abcd-d642-4824-99f5-ff4884b926ee.jpg,7573b481c81404162daa23a31ce5b813a055004550366f16bf92dbcdb7512c18,source=GBIF
f8aa0cd3-2c6e-47f7-bfd4-9d8711aa9df0,SF007,Cencaru,Megalaspis cordyla,WILD,test_clean,f760a25c0161aa98,GBIF,https://www.gbif.org/occurrence/1057008812,CC-BY,YES,Zoology Accessions Register: Mammals: 1854 - 1861: page 288,CENCARU/gbif/f8aa0cd3-2c6e-47f7-bfd4-9d8711aa9df0.jpg,f760a25c0161aa98c9afe28232623709868fe439c0715735c2958685cbc195ea,source=GBIF
f90a8d49-06a5-43b1-be1f-39d44908f7c6,SF007,Cencaru,Megalaspis cordyla,WILD,test_clean,eb0da608ad8a8249,GBIF,https://www.gbif.org/occurrence/1230433197,CC-BY,YES,Megalaspis cordyla 210.34 No. 4,CENCARU/gbif/f90a8d49-06a5-43b1-be1f-39d44908f7c6.jpg,eb0da608ad8a8249213faf8ffadbc083e18dd1c10a6ead36689c1b778517d443,source=GBIF
f9ac925f-3344-4cda-b978-3f7a2963a306,SF007,Cencaru,Megalaspis cordyla,WILD,train,e88a0b443a3adc59,GBIF,https://www.inaturalist.org/observations/148071989,CC-BY-NC,REVIEW,Aniruddha Singhamahapatra,CENCARU/gbif/f9ac925f-3344-4cda-b978-3f7a2963a306.jpg,e88a0b443a3adc597fc1cc7722b930878d932e4c2c91e8b7f572f32af8a9a6b7,source=GBIF; non-commercial licence
fa8eb11c-84cc-4216-8fb8-5d918c03ca2c,SF007,Cencaru,Megalaspis cordyla,WILD,train,6be9f9bc86ced704,WIKIMEDIA_COMMONS,"https://commons.wikimedia.org/wiki/File:D._Marcus_Elieser_Bloch%27s,_aus%C3%BCbenden_Arztes_zu_Berlin_..._Oeconomische_Naturgeschichte_der_Fische_Deutschlands_(20919558962).jpg",PUBLIC-DOMAIN,YES,https://www.flickr.com/photos/biodivlibrary/20919558962,CENCARU/wikimedia_commons/fa8eb11c-84cc-4216-8fb8-5d918c03ca2c.jpg,6be9f9bc86ced7047bf7e9de8c231ebdd2a517629960c77a493ff6ab65507dec,source=WIKIMEDIA_COMMONS; taxon_match=EXACT_CATEGORY
fb65e1e8-b03b-4558-90cb-09341b86affd,SF007,Cencaru,Megalaspis cordyla,WILD,train,49dc2b37fab023bb,INATURALIST,https://www.inaturalist.org/observations/252620844,CC-BY-NC,REVIEW,"(c) kyosapir, some rights reserved (CC BY-NC)",CENCARU/inaturalist/fb65e1e8-b03b-4558-90cb-09341b86affd.jpg,49dc2b37fab023bb96407a4811d7d0053eadd45679ad59a82be6f7a265648535,source=INATURALIST; non-commercial licence
fb73737b-2b62-4c43-b69b-9e06f13fb288,SF007,Cencaru,Megalaspis cordyla,WILD,test_clean,d4066e939ce22ac5,INATURALIST,https://www.inaturalist.org/observations/273202050,CC-BY-NC,REVIEW,"(c) Charan Rajala, some rights reserved (CC BY-NC)",CENCARU/inaturalist/fb73737b-2b62-4c43-b69b-9e06f13fb288.jpg,d4066e939ce22ac5df7840a44b0357b58667741232d09897267578e055e62e80,source=INATURALIST; non-commercial licence
fc04e097-8fcb-4c80-b27f-a57116bb1a2b,SF007,Cencaru,Megalaspis cordyla,WILD,train,5b0ce132f291792f,INATURALIST,https://www.inaturalist.org/observations/302524330,CC-BY-NC-SA,REVIEW,"(c) Vivek.N.Rathod, some rights reserved (CC BY-NC-SA)",CENCARU/inaturalist/fc04e097-8fcb-4c80-b27f-a57116bb1a2b.jpg,5b0ce132f291792f61e79eb6807e37a683b8951c1fb4cb20cff74321ba717beb,source=INATURALIST; non-commercial licence
fc28d11c-6290-4564-8c0a-039d8d00ee39,SF007,Cencaru,Megalaspis cordyla,WILD,val,b58c35f5f249e341,INATURALIST,https://www.inaturalist.org/observations/308637131,CC-BY-NC-SA,REVIEW,"(c) Vivek.N.Rathod, some rights reserved (CC BY-NC-SA)",CENCARU/inaturalist/fc28d11c-6290-4564-8c0a-039d8d00ee39.jpg,b58c35f5f249e341ce5d3e2dcab2c9868fdd195d9b8dfbbec88846c9eb08c9f1,source=INATURALIST; non-commercial licence
fcf24756-a5e4-4073-acd9-6a31a8a36c5b,SF007,Cencaru,Megalaspis cordyla,WILD,train,7f79b49b4d1af7f1,INATURALIST,https://www.inaturalist.org/observations/300874476,CC-BY-NC-SA,REVIEW,"(c) Vivek.N.Rathod, some rights reserved (CC BY-NC-SA)",CENCARU/inaturalist/fcf24756-a5e4-4073-acd9-6a31a8a36c5b.jpg,7f79b49b4d1af7f13b5b07e0942197e473bfa9f79c6123f97a70ecc7e496d1f9,source=INATURALIST; non-commercial licence
fd392d50-1b1b-4f54-a5d5-f55c9f06d3bf,SF007,Cencaru,Megalaspis cordyla,WILD,train,e96a672bd8d83d22,INATURALIST,https://www.inaturalist.org/observations/331999225,CC-BY-NC,REVIEW,"(c) zakvice, some rights reserved (CC BY-NC)",CENCARU/inaturalist/fd392d50-1b1b-4f54-a5d5-f55c9f06d3bf.jpg,e96a672bd8d83d220070991faf54550d8803736fc2be1d155a39f318fadbe01b,source=INATURALIST; non-commercial licence
fd515fae-b09a-4c58-80f7-872700a39fe6,SF007,Cencaru,Megalaspis cordyla,WILD,train,f8dde77918ccb1a3,INATURALIST,https://www.inaturalist.org/observations/269581338,CC-BY-NC-SA,REVIEW,"(c) Vivek.N.Rathod, some rights reserved (CC BY-NC-SA)",CENCARU/inaturalist/fd515fae-b09a-4c58-80f7-872700a39fe6.jpg,f8dde77918ccb1a3cc106795752f83a2b00d97f5ef81972123781f2752c8350f,source=INATURALIST; non-commercial licence
fdc5a886-69b3-4823-b198-b7c6830af895,SF007,Cencaru,Megalaspis cordyla,WILD,test_clean,4ef81c4c00fcc9ee,GBIF,https://www.inaturalist.org/observations/203705011,CC-BY-NC,REVIEW,awesomefish,CENCARU/gbif/fdc5a886-69b3-4823-b198-b7c6830af895.jpg,4ef81c4c00fcc9eef1398afbe780d66f5578e8f25485ef52e126039b6363e657,source=GBIF; non-commercial licence
fe5c5db1-2467-479a-830d-5e0bfc263323,SF007,Cencaru,Megalaspis cordyla,WILD,test_clean,af711e1edcdb752a,GBIF,https://biocase.snsb.info/wrapper/querytool/details.cgi?dsa=SAPMpiscescoll&detail=unit&wrapper_url=http://biocase.snsb.info/wrapper/pywrapper.cgi?dsa=SAPMpiscescoll&schema=http://www.tdwg.org/schemas/abcd/2.06&col=SAPMpiscescoll&cat=SAPM-PI-01680%20/%20535824%20/%20219463,CC-BY-SA,YES,GBIF occ:1851315803/media:http://pictures.snsb.info/SAPMpiscescoll/web/SAPM-PI-016/SAPM-PI-01680_20130710_120348.jpg,CENCARU/gbif/fe5c5db1-2467-479a-830d-5e0bfc263323.jpg,af711e1edcdb752ad29cb89aabdfdeb4e4e532e61c392bddb4be5d3cc14cf27c,source=GBIF
fec73795-7611-40c3-a2b0-33df19fcbec7,SF007,Cencaru,Megalaspis cordyla,WILD,val,6ef75baabd3e66f9,GBIF,https://www.inaturalist.org/observations/4636993,CC-BY-NC,REVIEW,Mark Rosenstein,CENCARU/gbif/fec73795-7611-40c3-a2b0-33df19fcbec7.jpg,6ef75baabd3e66f96ddc3b1dbb2646225a4ff7dc05d8855d874085966e86ee02,source=GBIF; non-commercial licence
057bdc96-8534-462e-bff5-357778d1c60c,SF009,Kerisi,Nemipterus japonicus,WILD,train,b2dd64f459735dba,INATURALIST,https://www.inaturalist.org/observations/188032843,CC-BY-NC,REVIEW,"(c) LEE Yeung, Gabriel, some rights reserved (CC BY-NC)",KERISI/inaturalist/057bdc96-8534-462e-bff5-357778d1c60c.jpg,b2dd64f459735dbab3db9b47d279ea00febc450a1c693b89587ec0494400d825,source=INATURALIST; non-commercial licence
1011a091-398c-418d-9ea1-c4d29b443094,SF009,Kerisi,Nemipterus japonicus,WILD,train,1df8037b9bf9fc77,INATURALIST,https://www.inaturalist.org/observations/255685489,CC-BY-NC,REVIEW,"(c) danielkhy, some rights reserved (CC BY-NC)",KERISI/inaturalist/1011a091-398c-418d-9ea1-c4d29b443094.jpg,1df8037b9bf9fc77c80a6349aba2fe71a6750eb9dabe102f62051b8c69508aac,source=INATURALIST; non-commercial licence
11141c83-7d90-41d5-9bc3-0ace7f3fa80b,SF009,Kerisi,Nemipterus japonicus,WILD,train,7568dd0d95d15ac6,INATURALIST,https://www.inaturalist.org/observations/36880091,CC-BY-NC,REVIEW,"(c) tern911, some rights reserved (CC BY-NC)",KERISI/inaturalist/11141c83-7d90-41d5-9bc3-0ace7f3fa80b.jpg,7568dd0d95d15ac68531d247b4a9da295318d78a67f7c19f9615643f2bc25743,source=INATURALIST; non-commercial licence
12ada77e-cb1a-447e-8d9d-20885b9e5b52,SF009,Kerisi,Nemipterus japonicus,WILD,train,9c56ea0ca51f0078,INATURALIST,https://www.inaturalist.org/observations/275413757,CC-BY-NC,REVIEW,"(c) ivanlee, some rights reserved (CC BY-NC)",KERISI/inaturalist/12ada77e-cb1a-447e-8d9d-20885b9e5b52.jpg,9c56ea0ca51f00785a8f43c1b7eaa1c2651a16663181e7f10ec9d80ae3a915c8,source=INATURALIST; non-commercial licence
12b5bbc3-f49a-41b6-8889-ad53badac00e,SF009,Kerisi,Nemipterus japonicus,WILD,test_clean,5dab0de5bfd0f190,INATURALIST,https://www.inaturalist.org/observations/369250578,CC-BY-NC,REVIEW,"(c) J Sim, some rights reserved (CC BY-NC)",KERISI/inaturalist/12b5bbc3-f49a-41b6-8889-ad53badac00e.jpg,5dab0de5bfd0f19016e45519b91b59d33e6f0722fdce7dddf5b7925cef6bfcf1,source=INATURALIST; non-commercial licence
17a02035-c6aa-498e-8806-88113f498f69,SF009,Kerisi,Nemipterus japonicus,WILD,train,6a8b0d82ec5df007,WIKIMEDIA_COMMONS,https://commons.wikimedia.org/wiki/File:Fishes_of_India._Atlas._Plate_VIII.jpg,PUBLIC-DOMAIN,YES,"Day F. The fishes of India; being a natural history of the fishes known to inhabit the seas and fresh waters of India, Burma, and Ceylon. Volume 2. Atlas containing 198 Plates . – London: Bernard Quaritch, 1878. Plate VIII. Reprint",KERISI/wikimedia_commons/17a02035-c6aa-498e-8806-88113f498f69.jpg,6a8b0d82ec5df007ac00e7c2247293090ea73ecde3fd7b2d9fcb6630f9a49933,source=WIKIMEDIA_COMMONS; taxon_match=EXACT_CATEGORY
17d418e6-14c7-4f27-8b46-b02366a7f937,SF009,Kerisi,Nemipterus japonicus,WILD,train,7af444940491e85a,INATURALIST,https://www.inaturalist.org/observations/15471498,CC-BY-NC,REVIEW,"(c) Gaurav Patil, some rights reserved (CC BY-NC)",KERISI/inaturalist/17d418e6-14c7-4f27-8b46-b02366a7f937.jpg,7af444940491e85ae718dffeea1181dd781ad8ae9ae7b8f4e714a2fba31ad863,source=INATURALIST; non-commercial licence
18b56940-2755-4d53-bba2-cd95b92ddd1a,SF009,Kerisi,Nemipterus japonicus,WILD,train,1d71d8eef0f689a9,INATURALIST,https://www.inaturalist.org/observations/313769830,CC-BY-NC-SA,REVIEW,"(c) Vivek.N.Rathod, some rights reserved (CC BY-NC-SA)",KERISI/inaturalist/18b56940-2755-4d53-bba2-cd95b92ddd1a.jpg,1d71d8eef0f689a9ab55c9d84ad962b02b50f2ef03852cea2650897def91f501,source=INATURALIST; non-commercial licence
1a0da34b-07ee-4366-9de0-4d4ae33dca4e,SF009,Kerisi,Nemipterus japonicus,WILD,train,e4be5d3714cf74a6,GBIF,https://www.gbif.org/occurrence/1055825053,CC-BY,YES,Zoology Accessions Register: Fishes: 1971 - 1985: page 229,KERISI/gbif/1a0da34b-07ee-4366-9de0-4d4ae33dca4e.jpg,e4be5d3714cf74a6c443a4901e13b0e66e132be946e644bdd1f3f8c45731f0c7,source=GBIF
1c5b6e31-98a6-4ee0-9ce1-8a6ab096cfd7,SF009,Kerisi,Nemipterus japonicus,WILD,train,4d89ac115e190b35,GBIF,https://www.gbif.org/occurrence/1056287031,CC-BY,YES,Zoology Accessions Register: Fishes: 1937 - 1960: page 37,KERISI/gbif/1c5b6e31-98a6-4ee0-9ce1-8a6ab096cfd7.jpg,4d89ac115e190b3592ce4c43f398df62aa5c8d47917c72d7c97af9985b04ea6e,source=GBIF
1f6a9fb7-6116-49da-9e41-1736abdc257c,SF009,Kerisi,Nemipterus japonicus,WILD,train,4e7163dd335b6732,GBIF,https://www.gbif.org/occurrence/1056729532,CC-BY,YES,"BMNH 1985.7.9.161-164, Nemipterus japonicus",KERISI/gbif/1f6a9fb7-6116-49da-9e41-1736abdc257c.jpg,4e7163dd335b6732198254ba2b2d53d2d407e353dd47e00145b55abffbe3cab2,source=GBIF
1fd0701e-72f2-4f3c-b9c2-9658c6278cd9,SF009,Kerisi,Nemipterus japonicus,WILD,test_clean,448c94216f09c803,WIKIMEDIA_COMMONS,https://commons.wikimedia.org/wiki/File:The_Japanese_threadfin_bream.jpg,CC-BY-SA,YES,Own work,KERISI/wikimedia_commons/1fd0701e-72f2-4f3c-b9c2-9658c6278cd9.jpg,448c94216f09c803a01a95db0c751e388ae25404f314d280c7b89517efdb746c,source=WIKIMEDIA_COMMONS; taxon_match=EXACT_CATEGORY
22135330-de8e-4578-85f8-a8566829ab13,SF009,Kerisi,Nemipterus japonicus,WILD,train,6147bcdfeb38d0d9,INATURALIST,https://www.inaturalist.org/observations/290862464,CC-BY-NC,REVIEW,"(c) ivanlee, some rights reserved (CC BY-NC)",KERISI/inaturalist/22135330-de8e-4578-85f8-a8566829ab13.jpg,6147bcdfeb38d0d98fdb08be2da0b8a90c355b2c9f7e88904c51cb4272b83133,source=INATURALIST; non-commercial licence
25448ade-88db-4607-bd77-4e0ed630a629,SF009,Kerisi,Nemipterus japonicus,WILD,test_clean,ebf24a536aaf31ab,INATURALIST,https://www.inaturalist.org/observations/10410247,CC-BY-NC,REVIEW,"(c) H.T.Cheng, some rights reserved (CC BY-NC)",KERISI/inaturalist/25448ade-88db-4607-bd77-4e0ed630a629.jpg,ebf24a536aaf31abe03fd036a15312de3ba2368694a9b04882404412436e866a,source=INATURALIST; non-commercial licence
27784ad1-5ee5-4703-8d83-2c5cf82c8b15,SF009,Kerisi,Nemipterus japonicus,WILD,train,f762e715a310332f,GBIF,https://www.gbif.org/occurrence/1057154204,CC-BY,YES,Zoology Accessions Register: Fishes: 1912 - 1936: page 273,KERISI/gbif/27784ad1-5ee5-4703-8d83-2c5cf82c8b15.jpg,f762e715a310332f844a4e985af275356628eadf7f9ec640028c4d5db5f6d681,source=GBIF
35db7926-e175-4e07-9b57-2989b72f78d9,SF009,Kerisi,Nemipterus japonicus,WILD,train,a698b6a816fd01c7,INATURALIST,https://www.inaturalist.org/observations/247124017,CC-BY-NC,REVIEW,"(c) Maxon Gao, some rights reserved (CC BY-NC)",KERISI/inaturalist/35db7926-e175-4e07-9b57-2989b72f78d9.jpg,a698b6a816fd01c73030d8a2125224d881b555d7669ba9b0c1b1824de3fad892,source=INATURALIST; non-commercial licence
36dcd2d4-c799-4696-aad2-7e83d2c1ab61,SF009,Kerisi,Nemipterus japonicus,WILD,train,ee2ef93a4b7af077,INATURALIST,https://www.inaturalist.org/observations/350810585,CC-BY-NC,REVIEW,"(c) M Nur Yahya, some rights reserved (CC BY-NC)",KERISI/inaturalist/36dcd2d4-c799-4696-aad2-7e83d2c1ab61.jpg,ee2ef93a4b7af07715112b6828924e9639dd3504acc2018b467891a9c2ac7320,source=INATURALIST; non-commercial licence
3a7cc9c0-895c-486c-b3a8-d9ac958671e2,SF009,Kerisi,Nemipterus japonicus,WILD,train,9f5c2c9b410fa165,INATURALIST,https://www.inaturalist.org/observations/204142730,CC-BY,YES,"(c) pavlaki1968, some rights reserved (CC BY)",KERISI/inaturalist/3a7cc9c0-895c-486c-b3a8-d9ac958671e2.jpg,9f5c2c9b410fa1659cdc43be84896a742cfce65abe35df3010fa9ea4131421cc,source=INATURALIST
3af777bb-4b13-4c39-89be-59958e77fdb9,SF009,Kerisi,Nemipterus japonicus,WILD,train,c886c6022ee57c25,INATURALIST,https://www.inaturalist.org/observations/323671291,CC-BY-NC,REVIEW,"(c) cbvv, some rights reserved (CC BY-NC)",KERISI/inaturalist/3af777bb-4b13-4c39-89be-59958e77fdb9.jpg,c886c6022ee57c255179a07522880329d9ca835c9ee623fb46fd1c80de64173b,source=INATURALIST; non-commercial licence
3c2bf6c9-93c8-4710-9c42-6fc17cc76bca,SF009,Kerisi,Nemipterus japonicus,WILD,train,0e7100720dcb584d,INATURALIST,https://www.inaturalist.org/observations/337796157,CC-BY-NC,REVIEW,"(c) Sagarika Gupta, some rights reserved (CC BY-NC)",KERISI/inaturalist/3c2bf6c9-93c8-4710-9c42-6fc17cc76bca.jpg,0e7100720dcb584d64fb6ac5bbc1cc0b4beb830449bdb9755e6a36545d5ee005,source=INATURALIST; non-commercial licence
3e1839c9-0ab5-43dd-afac-66f59c1e2af9,SF009,Kerisi,Nemipterus japonicus,WILD,train,f5658e101e82600c,GBIF,https://portal.boldsystems.org/record/SABF078-12,CC-BY-NC-SA,REVIEW,SABF078-12 Lateral,KERISI/gbif/3e1839c9-0ab5-43dd-afac-66f59c1e2af9.jpg,f5658e101e82600c7baaa5e9064a1fed29707100f000eb68634f2c2ce0f29b18,source=GBIF; non-commercial licence
40b33251-9464-4197-bc1d-954383cd7ed8,SF009,Kerisi,Nemipterus japonicus,WILD,train,2846341f0fd8218e,GBIF,https://biocase.snsb.info/wrapper/querytool/details.cgi?dsa=SAPMpiscescoll&detail=unit&wrapper_url=http://biocase.snsb.info/wrapper/pywrapper.cgi?dsa=SAPMpiscescoll&schema=http://www.tdwg.org/schemas/abcd/2.06&col=SAPMpiscescoll&cat=SAPM-PI-01840%20/%20536298%20/%20SAPM-PI-03749,CC-BY-SA,YES,GBIF occ:1851316010/media:http://pictures.snsb.info/SAPMpiscescoll/web/SAPM-PI-018/SAPM-PI-01840_20131010_095706.jpg,KERISI/gbif/40b33251-9464-4197-bc1d-954383cd7ed8.jpg,2846341f0fd8218e877c5c9c0401ef6f5b15a8113aeec9194ddd4921de7c0641,source=GBIF
41f4773c-9eb0-4a8b-99b2-d4fed3ccb5ce,SF009,Kerisi,Nemipterus japonicus,WILD,train,212d2c114206cd7d,INATURALIST,https://www.inaturalist.org/observations/253721131,CC-BY-NC-SA,REVIEW,"(c) Vivek.N.Rathod, some rights reserved (CC BY-NC-SA)",KERISI/inaturalist/41f4773c-9eb0-4a8b-99b2-d4fed3ccb5ce.jpg,212d2c114206cd7d1affb646c47f83aa363bdbe56aeb37e9fcd6cec86fc8bd30,source=INATURALIST; non-commercial licence
426e07bc-fc15-4c33-bc06-1c0dc55d6ca4,SF009,Kerisi,Nemipterus japonicus,WILD,train,70a359dcd4cfb451,GBIF,https://biocase.snsb.info/wrapper/querytool/details.cgi?dsa=SAPMpiscescoll&detail=unit&wrapper_url=http://biocase.snsb.info/wrapper/pywrapper.cgi?dsa=SAPMpiscescoll&schema=http://www.tdwg.org/schemas/abcd/2.06&col=SAPMpiscescoll&cat=SAPM-PI-01840%20/%20536298%20/%20219895,CC-BY-SA,YES,GBIF occ:1851315950/media:http://pictures.snsb.info/SAPMpiscescoll/web/SAPM-PI-018/SAPM-PI-01840_20130212_133858.jpg,KERISI/gbif/426e07bc-fc15-4c33-bc06-1c0dc55d6ca4.jpg,70a359dcd4cfb451cac522ece0a9b69e54f4a7028cbe716338a4d30d1ef63384,source=GBIF
45fa0937-e467-48b4-b741-2b2ffd392078,SF009,Kerisi,Nemipterus japonicus,WILD,train,e3694d0b44f6f37a,INATURALIST,https://www.inaturalist.org/observations/125455612,CC-BY-NC,REVIEW,"(c) Vidhya Swaminathan, some rights reserved (CC BY-NC)",KERISI/inaturalist/45fa0937-e467-48b4-b741-2b2ffd392078.jpg,e3694d0b44f6f37ad094be5327286d5ebfd644464d624e2b0832e3aa4acba72c,source=INATURALIST; non-commercial licence
48cf012f-2be8-4f6e-9589-a39f1d72ca83,SF009,Kerisi,Nemipterus japonicus,WILD,train,3b9be9cc27b9278b,INATURALIST,https://www.inaturalist.org/observations/269228247,CC-BY-NC-SA,REVIEW,"(c) Vivek.N.Rathod, some rights reserved (CC BY-NC-SA)",KERISI/inaturalist/48cf012f-2be8-4f6e-9589-a39f1d72ca83.jpg,3b9be9cc27b9278b69abf44d806c28d0be9765e924e1383a1f39110298b871fe,source=INATURALIST; non-commercial licence
4c126af1-0067-4e49-bd80-c042b177cf06,SF009,Kerisi,Nemipterus japonicus,WILD,train,37877d51bbb9b40e,INATURALIST,https://www.inaturalist.org/observations/349976949,CC-BY-NC,REVIEW,"(c) raiyan_da_fishe, some rights reserved (CC BY-NC)",KERISI/inaturalist/4c126af1-0067-4e49-bd80-c042b177cf06.jpg,37877d51bbb9b40e20061a38ae45941e1b8344943c4ac721c8371be802a633c4,source=INATURALIST; non-commercial licence
4ea56ba4-f5f1-40e1-92f3-87604dd574ff,SF009,Kerisi,Nemipterus japonicus,WILD,train,e4c4a80ca1a0e27c,INATURALIST,https://www.inaturalist.org/observations/169720249,CC-BY-NC-SA,REVIEW,"(c) Vivek.N.Rathod, some rights reserved (CC BY-NC-SA)",KERISI/inaturalist/4ea56ba4-f5f1-40e1-92f3-87604dd574ff.jpg,e4c4a80ca1a0e27c94ab596579e5edc4ca3eee6e0977a9f7b55fbfda0bf711c2,source=INATURALIST; non-commercial licence
53550c48-80a4-424b-adff-7f2b0a29b527,SF009,Kerisi,Nemipterus japonicus,WILD,test_clean,19ce5dc13b6cbde5,GBIF,https://biocase.snsb.info/wrapper/querytool/details.cgi?dsa=SAPMpiscescoll&detail=unit&wrapper_url=http://biocase.snsb.info/wrapper/pywrapper.cgi?dsa=SAPMpiscescoll&schema=http://www.tdwg.org/schemas/abcd/2.06&col=SAPMpiscescoll&cat=SAPM-PI-01841%20/%20536299%20/%20SAPM-PI-03750,CC-BY-SA,YES,GBIF occ:1851315798/media:http://pictures.snsb.info/SAPMpiscescoll/web/SAPM-PI-018/SAPM-PI-01841_20130212_133534.jpg,KERISI/gbif/53550c48-80a4-424b-adff-7f2b0a29b527.jpg,19ce5dc13b6cbde565398d7b1c4651cc4a96000a846fc38c5ef3dde735f7b7d7,source=GBIF
537f201b-cd35-4a9c-9927-cec1ef4460df,SF009,Kerisi,Nemipterus japonicus,WILD,train,37160ae84e08e062,INATURALIST,https://www.inaturalist.org/observations/99077050,CC-BY-NC,REVIEW,"(c) Ashwit Shetty, some rights reserved (CC BY-NC)",KERISI/inaturalist/537f201b-cd35-4a9c-9927-cec1ef4460df.jpg,37160ae84e08e062919af51b41b899eb568a2d47f7738ca6994a1f58522a5f8e,source=INATURALIST; non-commercial licence
5460df99-d948-4894-81b4-eafa94b156a6,SF009,Kerisi,Nemipterus japonicus,WILD,train,6112ddd7a44aed31,INATURALIST,https://www.inaturalist.org/observations/254107813,CC-BY-NC,REVIEW,"(c) danielkhy, some rights reserved (CC BY-NC)",KERISI/inaturalist/5460df99-d948-4894-81b4-eafa94b156a6.jpg,6112ddd7a44aed318b2fae23241b5357b58da61bcfa535aa6a9770bdf5d96ca1,source=INATURALIST; non-commercial licence
5842eee6-49fe-4989-80a6-ff1bfb6c3415,SF009,Kerisi,Nemipterus japonicus,WILD,train,c98c2ad8e10df50a,INATURALIST,https://www.inaturalist.org/observations/169720249,CC-BY-NC-SA,REVIEW,"(c) Vivek.N.Rathod, some rights reserved (CC BY-NC-SA)",KERISI/inaturalist/5842eee6-49fe-4989-80a6-ff1bfb6c3415.jpg,c98c2ad8e10df50a200c8eed313eb42dbeba4a07f1cb2edf94bf298166c672e3,source=INATURALIST; non-commercial licence
617eed94-2a0c-4520-8e37-08ad351a5b90,SF009,Kerisi,Nemipterus japonicus,WILD,train,d21fdd409f554149,INATURALIST,https://www.inaturalist.org/observations/95952166,CC-BY-NC,REVIEW,"(c) Leo, some rights reserved (CC BY-NC)",KERISI/inaturalist/617eed94-2a0c-4520-8e37-08ad351a5b90.jpg,d21fdd409f55414941ca26ec02ccd82b11f22c254b2186a254c0729b6116ae9c,source=INATURALIST; non-commercial licence
62a10bf3-615c-4f75-8ce1-9cc38a3d5a68,SF009,Kerisi,Nemipterus japonicus,WILD,train,b27c2a2c9e057faf,INATURALIST,https://www.inaturalist.org/observations/331529729,CC-BY-NC,REVIEW,"(c) flowergirl_madras, some rights reserved (CC BY-NC)",KERISI/inaturalist/62a10bf3-615c-4f75-8ce1-9cc38a3d5a68.jpg,b27c2a2c9e057faf9a467ace0529f20bc15d286826549f114c3c57654d5fad72,source=INATURALIST; non-commercial licence
67a81a02-0394-40f0-be3d-83c41bf2c434,SF009,Kerisi,Nemipterus japonicus,WILD,train,0755cfc77146c588,INATURALIST,https://www.inaturalist.org/observations/269760623,CC-BY-NC-SA,REVIEW,"(c) Vivek.N.Rathod, some rights reserved (CC BY-NC-SA)",KERISI/inaturalist/67a81a02-0394-40f0-be3d-83c41bf2c434.jpg,0755cfc77146c588c51da7f2b48525dbcc7105d98164b51e43ae2f25a188d74c,source=INATURALIST; non-commercial licence
68d2e127-4af6-4872-9392-f67a565f7203,SF009,Kerisi,Nemipterus japonicus,WILD,val,049d1ddd7e6fc005,GBIF,https://biocase.snsb.info/wrapper/querytool/details.cgi?dsa=SAPMpiscescoll&detail=unit&wrapper_url=http://biocase.snsb.info/wrapper/pywrapper.cgi?dsa=SAPMpiscescoll&schema=http://www.tdwg.org/schemas/abcd/2.06&col=SAPMpiscescoll&cat=SAPM-PI-01841%20/%20536299%20/%20SAPM-PI-03750,CC-BY-SA,YES,GBIF occ:1851315798/media:http://pictures.snsb.info/SAPMpiscescoll/web/SAPM-PI-018/SAPM-PI-01841_20131011_145912.jpg,KERISI/gbif/68d2e127-4af6-4872-9392-f67a565f7203.jpg,049d1ddd7e6fc005e71f72bb343b5801a2a452f7fbfbac82e876414e5a46c06d,source=GBIF
6b34e8bc-27f0-4669-bccf-8160faf0f05b,SF009,Kerisi,Nemipterus japonicus,WILD,val,3ef3dc2374e090d9,WIKIMEDIA_COMMONS,https://commons.wikimedia.org/wiki/File:Kilimeen_Nemipterus_japonicus_01.jpg,CC-BY-SA,YES,Own work,KERISI/wikimedia_commons/6b34e8bc-27f0-4669-bccf-8160faf0f05b.jpg,3ef3dc2374e090d91575757a3e7570a7d66aee4388567360102087f86372fc6f,source=WIKIMEDIA_COMMONS; taxon_match=EXACT_CATEGORY
6f4f5652-6f2a-4d60-b276-b986423decfb,SF009,Kerisi,Nemipterus japonicus,WILD,train,73f072362899ed4e,GBIF,https://www.gbif.org/occurrence/1056619460,CC-BY,YES,Zoology Accessions Register: Fishes: 1971 - 1985: page 427,KERISI/gbif/6f4f5652-6f2a-4d60-b276-b986423decfb.jpg,73f072362899ed4e79420975124af7aa4250068b4bfe949698d7beb670d5bec8,source=GBIF
722a9778-7b2e-4226-b9f5-09e2f0492490,SF009,Kerisi,Nemipterus japonicus,WILD,val,70a333eae5914d3d,GBIF,https://biocase.snsb.info/wrapper/querytool/details.cgi?dsa=SAPMpiscescoll&detail=unit&wrapper_url=http://biocase.snsb.info/wrapper/pywrapper.cgi?dsa=SAPMpiscescoll&schema=http://www.tdwg.org/schemas/abcd/2.06&col=SAPMpiscescoll&cat=SAPM-PI-01840%20/%20536298%20/%20SAPM-PI-03749,CC-BY-SA,YES,GBIF occ:1851316010/media:http://pictures.snsb.info/SAPMpiscescoll/web/SAPM-PI-018/SAPM-PI-01840_20131010_095934.jpg,KERISI/gbif/722a9778-7b2e-4226-b9f5-09e2f0492490.jpg,70a333eae5914d3d3ccbddd92d9fdadaa64284be281cabac81e7967a24f4a4e3,source=GBIF
736dbbf8-2a2a-4bc7-986e-9e63382893ac,SF009,Kerisi,Nemipterus japonicus,WILD,test_clean,f8970535652f6587,INATURALIST,https://www.inaturalist.org/observations/254107825,CC-BY-NC,REVIEW,"(c) danielkhy, some rights reserved (CC BY-NC)",KERISI/inaturalist/736dbbf8-2a2a-4bc7-986e-9e63382893ac.jpg,f8970535652f658711326263ef3f03d9644ce5c2f5eecfd5a686fc848159c1f8,source=INATURALIST; non-commercial licence
76aa8dcc-7056-49c7-a8e9-2e32ff3b1dd0,SF009,Kerisi,Nemipterus japonicus,WILD,train,2fb12e9a14758797,INATURALIST,https://www.inaturalist.org/observations/174997440,CC-BY-NC,REVIEW,"(c) kiborgubiyca, some rights reserved (CC BY-NC)",KERISI/inaturalist/76aa8dcc-7056-49c7-a8e9-2e32ff3b1dd0.jpg,2fb12e9a14758797204327b283ada9358c5882a8ecd7c99aba7767ad1f9f121e,source=INATURALIST; non-commercial licence
79273699-e43a-49e6-9f91-f9fea1eb995a,SF009,Kerisi,Nemipterus japonicus,WILD,train,a7a550f47b871d43,INATURALIST,https://www.inaturalist.org/observations/355835603,CC-BY-NC,REVIEW,"(c) Alexandre DELAS, some rights reserved (CC BY-NC)",KERISI/inaturalist/79273699-e43a-49e6-9f91-f9fea1eb995a.jpg,a7a550f47b871d432f234b91368109791d00e2c0bfbd7e415df1ba0cb10336c6,source=INATURALIST; non-commercial licence
7b2eeaa5-97aa-4cec-855f-02480c1fab3d,SF009,Kerisi,Nemipterus japonicus,WILD,val,7a18f8fcbd9dd4ac,GBIF,https://www.gbif.org/occurrence/1055850123,CC-BY,YES,Zoology Accessions Register: Reptiles & Fishes: 1893 - 1903: page 191,KERISI/gbif/7b2eeaa5-97aa-4cec-855f-02480c1fab3d.jpg,7a18f8fcbd9dd4acdb6cb49ff4356c4f6025c23436a71c4450c2a1a43557ab4d,source=GBIF
7fcd745c-0fe4-4bc2-a1f9-90b3b101b1de,SF009,Kerisi,Nemipterus japonicus,WILD,val,fbcbd3a05a741a9d,GBIF,https://portal.boldsystems.org/record/SABF079-12,CC-BY-NC-SA,REVIEW,SABF079-12 Lateral,KERISI/gbif/7fcd745c-0fe4-4bc2-a1f9-90b3b101b1de.jpg,fbcbd3a05a741a9df5445a4690836fe9e43565b7700cc9211ef9f55df19121c8,source=GBIF; non-commercial licence
7ff642d6-9a90-48dc-8760-e0439bf1d7c3,SF009,Kerisi,Nemipterus japonicus,WILD,train,e4664f223037d2ab,INATURALIST,https://www.inaturalist.org/observations/306410999,CC-BY-NC-SA,REVIEW,"(c) Vivek.N.Rathod, some rights reserved (CC BY-NC-SA)",KERISI/inaturalist/7ff642d6-9a90-48dc-8760-e0439bf1d7c3.jpg,e4664f223037d2abe5af1a20bb7c107fb9c15b259f0a9276ed3396007ba9be07,source=INATURALIST; non-commercial licence
80d8a87a-1b56-4932-8f55-8bae715de3be,SF009,Kerisi,Nemipterus japonicus,WILD,train,4f24f958160947de,INATURALIST,https://www.inaturalist.org/observations/15346214,CC-BY-NC,REVIEW,"(c) H.T.Cheng, some rights reserved (CC BY-NC)",KERISI/inaturalist/80d8a87a-1b56-4932-8f55-8bae715de3be.jpg,4f24f958160947de26fccddf29db4a080f6613da8be728e70ff699561a29a1a9,source=INATURALIST; non-commercial licence
8483925e-01f9-41ee-a979-9a984a8adfc9,SF009,Kerisi,Nemipterus japonicus,WILD,train,f5bb18264e33501d,INATURALIST,https://www.inaturalist.org/observations/62263266,CC-BY-NC,REVIEW,"(c) tern911, some rights reserved (CC BY-NC)",KERISI/inaturalist/8483925e-01f9-41ee-a979-9a984a8adfc9.jpg,f5bb18264e33501d3d5f6345853cc452428574f5a938e2ab307f14822ce6c096,source=INATURALIST; non-commercial licence
8cce3afb-34d5-449f-bae8-c57bc810152e,SF009,Kerisi,Nemipterus japonicus,WILD,val,91c96e10448f3668,INATURALIST,https://www.inaturalist.org/observations/254107853,CC-BY-NC,REVIEW,"(c) danielkhy, some rights reserved (CC BY-NC)",KERISI/inaturalist/8cce3afb-34d5-449f-bae8-c57bc810152e.jpg,91c96e10448f36685e7ad2a88a5e9e5dee9b517cc32b5516906d87f4afa13188,source=INATURALIST; non-commercial licence
8f80be27-2f33-4541-85a5-16019897212f,SF009,Kerisi,Nemipterus japonicus,WILD,test_clean,f9b6d2c46f79e3c6,INATURALIST,https://www.inaturalist.org/observations/224623057,CC-BY-NC,REVIEW,"(c) Jiayuan Lin, some rights reserved (CC BY-NC)",KERISI/inaturalist/8f80be27-2f33-4541-85a5-16019897212f.jpg,f9b6d2c46f79e3c66aa2134a5f9d83f58ba9ced86e744583f2dfa7c6f6e3e114,source=INATURALIST; non-commercial licence
91817511-6969-45de-b40c-b76664320476,SF009,Kerisi,Nemipterus japonicus,WILD,train,4b86ce65e6958b08,INATURALIST,https://www.inaturalist.org/observations/77903745,CC-BY-NC,REVIEW,"(c) Gomen See, some rights reserved (CC BY-NC)",KERISI/inaturalist/91817511-6969-45de-b40c-b76664320476.jpg,4b86ce65e6958b08fbfbe116a8c6a9d66298dda85d7a9b9d67158b43558c1558,source=INATURALIST; non-commercial licence
92109b36-02d4-440e-94ac-4a8ff85a3e6a,SF009,Kerisi,Nemipterus japonicus,WILD,train,2bdd3ebbb8def69a,INATURALIST,https://www.inaturalist.org/observations/200593967,CC-BY-NC-SA,REVIEW,"(c) Vivek.N.Rathod, some rights reserved (CC BY-NC-SA)",KERISI/inaturalist/92109b36-02d4-440e-94ac-4a8ff85a3e6a.jpg,2bdd3ebbb8def69a0b5eb5c3b6720b555ba275dd0cda5168efd86c731bc18f77,source=INATURALIST; non-commercial licence
940f5c9f-f755-41a7-ac22-147ed1d27b81,SF009,Kerisi,Nemipterus japonicus,WILD,train,af2db114ff0baa67,INATURALIST,https://www.inaturalist.org/observations/323671291,CC-BY-NC,REVIEW,"(c) cbvv, some rights reserved (CC BY-NC)",KERISI/inaturalist/940f5c9f-f755-41a7-ac22-147ed1d27b81.jpg,af2db114ff0baa671ec29ddac2a6c159db52459ce769631fbf47293b628c740b,source=INATURALIST; non-commercial licence
97d20acf-d60c-49b9-8629-ddca46df460b,SF009,Kerisi,Nemipterus japonicus,WILD,train,4fc20093cda2355f,INATURALIST,https://www.inaturalist.org/observations/316430886,CC-BY-NC,REVIEW,"(c) Brian, some rights reserved (CC BY-NC)",KERISI/inaturalist/97d20acf-d60c-49b9-8629-ddca46df460b.jpg,4fc20093cda2355fef6b34c18361f45ab465a19f6081bf1cd48d1c3c621de16b,source=INATURALIST; non-commercial licence
99a18e6c-268b-4a3d-b1ea-a4b6409c15ad,SF009,Kerisi,Nemipterus japonicus,WILD,train,51518e90a92fd9fc,GBIF,https://www.gbif.org/occurrence/1055500798,CC-BY,YES,Zoology Accessions Register: Fishes: 1961 - 1971: page 14,KERISI/gbif/99a18e6c-268b-4a3d-b1ea-a4b6409c15ad.jpg,51518e90a92fd9fcd0f3ed5a69687ccd1316eb6c6d8695e8c631cf406f21d4f7,source=GBIF
9a33e959-bd2b-400d-a32e-e0ecf5143dfb,SF009,Kerisi,Nemipterus japonicus,WILD,train,e35c013a9c9b2aea,INATURALIST,https://www.inaturalist.org/observations/253721131,CC-BY-NC-SA,REVIEW,"(c) Vivek.N.Rathod, some rights reserved (CC BY-NC-SA)",KERISI/inaturalist/9a33e959-bd2b-400d-a32e-e0ecf5143dfb.jpg,e35c013a9c9b2aea3cdee23508699d39dfb4e8c1c1dbeea10060a79c59ef6d06,source=INATURALIST; non-commercial licence
9eb181fd-c100-498c-bde4-2aac9c59f0bb,SF009,Kerisi,Nemipterus japonicus,WILD,train,38d2c7516c2f00b7,GBIF,https://biocase.snsb.info/wrapper/querytool/details.cgi?dsa=SAPMpiscescoll&detail=unit&wrapper_url=http://biocase.snsb.info/wrapper/pywrapper.cgi?dsa=SAPMpiscescoll&schema=http://www.tdwg.org/schemas/abcd/2.06&col=SAPMpiscescoll&cat=SAPM-PI-01841%20/%20536299%20/%20SAPM-PI-03750,CC-BY-SA,YES,GBIF occ:1851315798/media:http://pictures.snsb.info/SAPMpiscescoll/web/SAPM-PI-018/SAPM-PI-01841_20131011_150150.jpg,KERISI/gbif/9eb181fd-c100-498c-bde4-2aac9c59f0bb.jpg,38d2c7516c2f00b77bcaed3449249e6675c364dfb42e941e30cc66e3c718dba2,source=GBIF
9fbb9314-4e6e-4694-bdab-0fe8ce1aa8bc,SF009,Kerisi,Nemipterus japonicus,WILD,train,2ac429bef75f794d,INATURALIST,https://www.inaturalist.org/observations/323671291,CC-BY-NC,REVIEW,"(c) cbvv, some rights reserved (CC BY-NC)",KERISI/inaturalist/9fbb9314-4e6e-4694-bdab-0fe8ce1aa8bc.jpg,2ac429bef75f794dce4903a10256c0b84a149d347f0f40566306173e0cab349e,source=INATURALIST; non-commercial licence
a50b26a2-966a-4c29-987b-5298a76bc3ac,SF009,Kerisi,Nemipterus japonicus,WILD,train,4a8ca4bd24d2e4fe,GBIF,https://www.gbif.org/occurrence/1056623228,CC-BY,YES,Zoology Accessions Register: Fishes: 1986 - 1994: page 41,KERISI/gbif/a50b26a2-966a-4c29-987b-5298a76bc3ac.jpg,4a8ca4bd24d2e4feee56528fb6cf525c64fc7828d30de06df1a9fbef4e10be44,source=GBIF
a78f2692-6be9-424a-a19a-61a9dc1a640b,SF009,Kerisi,Nemipterus japonicus,WILD,train,50b7296d00161b90,GBIF,https://www.gbif.org/occurrence/1057404946,CC-BY,YES,Zoology Accessions Register: Reptiles & Fishes: 1878 - 1892: page 214,KERISI/gbif/a78f2692-6be9-424a-a19a-61a9dc1a640b.jpg,50b7296d00161b903f5ebf5895b4b5efc7174ffa4f32794d753054c4666fbb7a,source=GBIF
a8e25181-ae01-44d1-9d67-24a00b8023bc,SF009,Kerisi,Nemipterus japonicus,WILD,train,d47b820ae8c9a4ac,INATURALIST,https://www.inaturalist.org/observations/334504825,CC-BY-NC,REVIEW,"(c) Yifei, some rights reserved (CC BY-NC)",KERISI/inaturalist/a8e25181-ae01-44d1-9d67-24a00b8023bc.jpg,d47b820ae8c9a4acfe1b385b951c38385ab200d6ebc95f8eff074bb99e007531,source=INATURALIST; non-commercial licence
bc182b7a-904d-425c-9e62-fb00f2e4828f,SF009,Kerisi,Nemipterus japonicus,WILD,train,9ee635db9ba7f26b,INATURALIST,https://www.inaturalist.org/observations/255685543,CC-BY-NC,REVIEW,"(c) danielkhy, some rights reserved (CC BY-NC)",KERISI/inaturalist/bc182b7a-904d-425c-9e62-fb00f2e4828f.jpg,9ee635db9ba7f26b83d000867cf5d2f497eabde08a819fcafbcd289769492902,source=INATURALIST; non-commercial licence
c16555bf-e440-44f4-9150-86b588274f7f,SF009,Kerisi,Nemipterus japonicus,WILD,test_clean,a90a9703fb5e2e66,GBIF,https://www.gbif.org/occurrence/1057252874,CC-BY,YES,Zoology Accessions Register: Reptiles & Fishes: 1878 - 1892: page 287,KERISI/gbif/c16555bf-e440-44f4-9150-86b588274f7f.jpg,a90a9703fb5e2e668c68b5be433073d391bc5cb8499e1d8c4f67823dcf6c39a5,source=GBIF
c292212b-855c-4516-b5be-224f17afc72d,SF009,Kerisi,Nemipterus japonicus,WILD,val,14cc12e959a80327,INATURALIST,https://www.inaturalist.org/observations/333564339,CC-BY-NC-SA,REVIEW,"(c) Vivek.N.Rathod, some rights reserved (CC BY-NC-SA)",KERISI/inaturalist/c292212b-855c-4516-b5be-224f17afc72d.jpg,14cc12e959a803277899f22c9725b93a116b4722735ca0380eb2b910578e36e9,source=INATURALIST; non-commercial licence
cb9d6478-d582-484b-ab3f-0fff4052b426,SF009,Kerisi,Nemipterus japonicus,WILD,train,af17b99e3040f4f9,GBIF,https://www.gbif.org/occurrence/1057129714,CC-BY,YES,Zoology Accessions Register: Fishes: 1937 - 1960: page 40,KERISI/gbif/cb9d6478-d582-484b-ab3f-0fff4052b426.jpg,af17b99e3040f4f99f29df4dfb7a3fdd4d5241d7f2901660f318bde6c99d638c,source=GBIF
d45ae6cc-898a-4c2d-870d-d9f40b17beda,SF009,Kerisi,Nemipterus japonicus,WILD,val,e4a0e96acb8b6e7b,INATURALIST,https://www.inaturalist.org/observations/204142730,CC-BY,YES,"(c) pavlaki1968, some rights reserved (CC BY)",KERISI/inaturalist/d45ae6cc-898a-4c2d-870d-d9f40b17beda.jpg,e4a0e96acb8b6e7b1e96217f105e76bf2415259d3af8cf1bed992473d937fe85,source=INATURALIST
d6b76e1d-ccd7-4dcb-affb-7b3061f56be4,SF009,Kerisi,Nemipterus japonicus,WILD,val,21e3d41b72a0ece1,GBIF,https://www.gbif.org/occurrence/1057241555,CC-BY,YES,Zoology Accessions Register: Fishes: 1971 - 1985: page 405,KERISI/gbif/d6b76e1d-ccd7-4dcb-affb-7b3061f56be4.jpg,21e3d41b72a0ece1d962c6824a0c9b44f6544aa4280a286d23c7e5b6b661c677,source=GBIF
d787f780-b92c-4677-ae42-0850c7f71600,SF009,Kerisi,Nemipterus japonicus,WILD,train,5bff56b7e35ea1a4,INATURALIST,https://www.inaturalist.org/observations/369250578,CC-BY-NC,REVIEW,"(c) J Sim, some rights reserved (CC BY-NC)",KERISI/inaturalist/d787f780-b92c-4677-ae42-0850c7f71600.jpg,5bff56b7e35ea1a49cef145d026eeefa676d7d0c76a9d1587ece4dc6ca94ac7f,source=INATURALIST; non-commercial licence
de38f420-3064-4502-aab9-0f70122aa5b8,SF009,Kerisi,Nemipterus japonicus,WILD,train,144cfe6da2ad75b9,INATURALIST,https://www.inaturalist.org/observations/337776166,CC-BY-NC,REVIEW,"(c) Ching YC, some rights reserved (CC BY-NC)",KERISI/inaturalist/de38f420-3064-4502-aab9-0f70122aa5b8.jpg,144cfe6da2ad75b90283da1847c7c97b2c27ee0e4380f64b8898f0d03d5440c5,source=INATURALIST; non-commercial licence
e5bf54de-4bf6-455d-9ca8-5b8d4d50015b,SF009,Kerisi,Nemipterus japonicus,WILD,val,eb2ed64cdb9b385d,INATURALIST,https://www.inaturalist.org/observations/257795850,CC-BY-NC,REVIEW,"(c) austiturners, some rights reserved (CC BY-NC)",KERISI/inaturalist/e5bf54de-4bf6-455d-9ca8-5b8d4d50015b.jpg,eb2ed64cdb9b385d93c5d30354c64e22a9eb1bce2ccd8080af394395fe677ae7,source=INATURALIST; non-commercial licence
e8dfe05c-b1d6-4298-b00a-7748e08a0ca5,SF009,Kerisi,Nemipterus japonicus,WILD,train,1dfad7af7b89a1fc,INATURALIST,https://www.inaturalist.org/observations/99077050,CC-BY-NC,REVIEW,"(c) Ashwit Shetty, some rights reserved (CC BY-NC)",KERISI/inaturalist/e8dfe05c-b1d6-4298-b00a-7748e08a0ca5.jpg,1dfad7af7b89a1fc91edcaac9a8201a58350b5358652766ca171afe62d8f1ba9,source=INATURALIST; non-commercial licence
e8e7ab77-bc69-41d8-99c7-16f77d0097bc,SF009,Kerisi,Nemipterus japonicus,WILD,train,2c0a3fb38c3e21d5,INATURALIST,https://www.inaturalist.org/observations/336623406,CC-BY-NC,REVIEW,"(c) Christopher Caine, some rights reserved (CC BY-NC)",KERISI/inaturalist/e8e7ab77-bc69-41d8-99c7-16f77d0097bc.jpg,2c0a3fb38c3e21d5bca356b325c30bb17bb534af955dcbe258ad53a4e6716924,source=INATURALIST; non-commercial licence
ebaf6249-c62c-4762-b8e2-b86112cb0f04,SF009,Kerisi,Nemipterus japonicus,WILD,train,4d58c818d47f9a1e,INATURALIST,https://www.inaturalist.org/observations/232463548,CC-BY-NC,REVIEW,"(c) danielkhy, some rights reserved (CC BY-NC)",KERISI/inaturalist/ebaf6249-c62c-4762-b8e2-b86112cb0f04.jpg,4d58c818d47f9a1ece3b4ab39f150966b3f0359fb30a09d5915157778e36fea9,source=INATURALIST; non-commercial licence
ec02630a-e783-4631-aae8-2e457f58a53f,SF009,Kerisi,Nemipterus japonicus,WILD,train,dfc25155a9e98fd5,INATURALIST,https://www.inaturalist.org/observations/200593967,CC-BY-NC-SA,REVIEW,"(c) Vivek.N.Rathod, some rights reserved (CC BY-NC-SA)",KERISI/inaturalist/ec02630a-e783-4631-aae8-2e457f58a53f.jpg,dfc25155a9e98fd53adbb4327825146878bbeb9da5e821c3996730ff9ac27d55,source=INATURALIST; non-commercial licence
eeaff2d8-9527-4480-80f8-279842c76e1f,SF009,Kerisi,Nemipterus japonicus,WILD,train,6967e4c8061ae4a2,INATURALIST,https://www.inaturalist.org/observations/314510947,CC-BY-NC-SA,REVIEW,"(c) Vivek.N.Rathod, some rights reserved (CC BY-NC-SA)",KERISI/inaturalist/eeaff2d8-9527-4480-80f8-279842c76e1f.jpg,6967e4c8061ae4a220cc722989327cb18b28b72132e5c3086de195029ac6baa7,source=INATURALIST; non-commercial licence
f0f53210-c7fa-403b-a69d-6670b5f080aa,SF009,Kerisi,Nemipterus japonicus,WILD,test_clean,fa0a2a4b81b55211,INATURALIST,https://www.inaturalist.org/observations/269228247,CC-BY-NC-SA,REVIEW,"(c) Vivek.N.Rathod, some rights reserved (CC BY-NC-SA)",KERISI/inaturalist/f0f53210-c7fa-403b-a69d-6670b5f080aa.jpg,fa0a2a4b81b552118ba3fd1beb367ee3bdb94eb8ce8d643245488cb878b7155c,source=INATURALIST; non-commercial licence
f19c9414-1628-4236-bb15-953c453f3171,SF009,Kerisi,Nemipterus japonicus,WILD,train,0fc47d740bdc3595,INATURALIST,https://www.inaturalist.org/observations/119429122,CC-BY-NC,REVIEW,"(c) ahsrav, some rights reserved (CC BY-NC)",KERISI/inaturalist/f19c9414-1628-4236-bb15-953c453f3171.jpg,0fc47d740bdc3595690c27cfb00fecedaa9cdc8c932f069ab77802ff8869e910,source=INATURALIST; non-commercial licence
f1b71c1c-ac0f-4bf9-81d5-131b7c7ed975,SF009,Kerisi,Nemipterus japonicus,WILD,test_clean,d00480e993950e96,GBIF,https://www.gbif.org/occurrence/1055638214,CC-BY,YES,Zoology Accessions Register: Fishes: 1937 - 1960: page 49,KERISI/gbif/f1b71c1c-ac0f-4bf9-81d5-131b7c7ed975.jpg,d00480e993950e966ac830fa5b9f61219b45c66e10e2a4da336c67b31eca121a,source=GBIF
f6759c2b-0172-43ca-bb9f-3741d6861cce,SF009,Kerisi,Nemipterus japonicus,WILD,val,d818165f53e342e6,GBIF,https://www.gbif.org/occurrence/1057380381,CC-BY,YES,Zoology Accessions Register: Reptiles & Fishes: 1864 - 1877: page 162,KERISI/gbif/f6759c2b-0172-43ca-bb9f-3741d6861cce.jpg,d818165f53e342e61b3ab4d3cb8d019ce472564c8df45a219730040b9299aff3,source=GBIF
f82e5a4f-4703-4df9-b056-566ff6096509,SF009,Kerisi,Nemipterus japonicus,WILD,val,c45c04b4ba28f049,INATURALIST,https://www.inaturalist.org/observations/254054518,CC-BY-NC,REVIEW,"(c) danielkhy, some rights reserved (CC BY-NC)",KERISI/inaturalist/f82e5a4f-4703-4df9-b056-566ff6096509.jpg,c45c04b4ba28f049a771b4e771cb7c15b9c4600b5c95fe4a2371afd133d76167,source=INATURALIST; non-commercial licence
f8d73aa1-8c72-458c-8f41-775fbad8ef74,SF009,Kerisi,Nemipterus japonicus,WILD,test_clean,7287b79f8d4a8831,GBIF,https://www.gbif.org/occurrence/1057377818,CC-BY,YES,Zoology Accessions Register: Reptiles & Fishes: 1878 - 1892: page 56,KERISI/gbif/f8d73aa1-8c72-458c-8f41-775fbad8ef74.jpg,7287b79f8d4a8831ab1f363d80770a3a2894c61f3f8fa839f22a02bc30f4a4c8,source=GBIF
f8d89f3c-ddcd-4e5f-8207-30db27f58560,SF009,Kerisi,Nemipterus japonicus,WILD,test_clean,c3e6921717d881b3,INATURALIST,https://www.inaturalist.org/observations/231780829,CC-BY-NC,REVIEW,"(c) danielkhy, some rights reserved (CC BY-NC)",KERISI/inaturalist/f8d89f3c-ddcd-4e5f-8207-30db27f58560.jpg,c3e6921717d881b330b2882333686c47839ea3207dc71460b1a4e571902e8910,source=INATURALIST; non-commercial licence
f9689524-b256-48c1-af71-41bf61e6510a,SF009,Kerisi,Nemipterus japonicus,WILD,train,6653f2d418ee5a4b,INATURALIST,https://www.inaturalist.org/observations/169720249,CC-BY-NC-SA,REVIEW,"(c) Vivek.N.Rathod, some rights reserved (CC BY-NC-SA)",KERISI/inaturalist/f9689524-b256-48c1-af71-41bf61e6510a.jpg,6653f2d418ee5a4b802cb8be5cdeac4c2a57461b4e62682c470aaf148dd1fd14,source=INATURALIST; non-commercial licence
fba65c63-3d29-42c9-b12a-63fbb6fb215e,SF009,Kerisi,Nemipterus japonicus,WILD,test_clean,d686111f46c8d8c2,INATURALIST,https://www.inaturalist.org/observations/256511357,CC-BY-NC,REVIEW,"(c) kyosapir, some rights reserved (CC BY-NC)",KERISI/inaturalist/fba65c63-3d29-42c9-b12a-63fbb6fb215e.jpg,d686111f46c8d8c2b544c7064b89f5230d5889170977c4570534279fe0ebca5d,source=INATURALIST; non-commercial licence
00da5801-8579-4310-9a1d-a623e149b00a,SF010,Pelata,Alepes melanoptera,WILD,train,e9488e08277822c3,GBIF,https://biocase.snsb.info/wrapper/querytool/details.cgi?dsa=SAPMpiscescoll&detail=unit&wrapper_url=http://biocase.snsb.info/wrapper/pywrapper.cgi?dsa=SAPMpiscescoll&schema=http://www.tdwg.org/schemas/abcd/2.06&col=SAPMpiscescoll&cat=SAPM-PI-00454%20/%20527546%20/%20211579,CC-BY-SA,YES,GBIF occ:1851313778/media:http://pictures.snsb.info/SAPMpiscescoll/web/SAPM-PI-004/SAPM-PI-00454_20130131_134036.jpg,PELATA/gbif/00da5801-8579-4310-9a1d-a623e149b00a.jpg,e9488e08277822c3325d0eca62bbc6fa774b526039b7010cafdda6961e7ca4a5,source=GBIF
05cb2797-5372-49da-ab37-460f86ebf1ca,SF010,Pelata,Alepes melanoptera,WILD,train,3511efa86faaab84,INATURALIST,https://www.inaturalist.org/observations/184883311,CC-BY-NC,REVIEW,"(c) Jiayuan Lin, some rights reserved (CC BY-NC)",PELATA/inaturalist/05cb2797-5372-49da-ab37-460f86ebf1ca.jpg,3511efa86faaab843d83859588011c31b3c3445b584125fcdee39ebac3d1a7c2,source=INATURALIST; non-commercial licence
06e2e907-fc9d-4867-820f-b0f2dcc2fd73,SF010,Pelata,Alepes melanoptera,WILD,train,70825f446cb6e256,GBIF,https://biocase.snsb.info/wrapper/querytool/details.cgi?dsa=SAPMpiscescoll&detail=unit&wrapper_url=http://biocase.snsb.info/wrapper/pywrapper.cgi?dsa=SAPMpiscescoll&schema=http://www.tdwg.org/schemas/abcd/2.06&col=SAPMpiscescoll&cat=SAPM-PI-00456%20/%20527549%20/%20211581,CC-BY-SA,YES,GBIF occ:1851313752/media:http://pictures.snsb.info/SAPMpiscescoll/web/SAPM-PI-004/SAPM-PI-00456_20130716_110158.jpg,PELATA/gbif/06e2e907-fc9d-4867-820f-b0f2dcc2fd73.jpg,70825f446cb6e256b26cba83abb04d626306bee9732723da2a2ee1fb8cfa75f0,source=GBIF
0babd4fa-4724-41dc-9eb0-169543ca340c,SF010,Pelata,Alepes melanoptera,WILD,test_clean,e51abb09bcff9351,INATURALIST,https://www.inaturalist.org/observations/315521165,CC-BY-NC-SA,REVIEW,"(c) Vivek.N.Rathod, some rights reserved (CC BY-NC-SA)",PELATA/inaturalist/0babd4fa-4724-41dc-9eb0-169543ca340c.jpg,e51abb09bcff9351b44c0c402241f9aad62a7a8603e93ea72d441272b694eeb3,source=INATURALIST; non-commercial licence
2388d9d9-b7d3-4cb3-8d1d-ab3cb57d07b7,SF010,Pelata,Alepes melanoptera,WILD,train,2b3643ec6d1b5212,INATURALIST,https://www.inaturalist.org/observations/237617976,CC-BY-NC-SA,REVIEW,"(c) Vivek.N.Rathod, some rights reserved (CC BY-NC-SA)",PELATA/inaturalist/2388d9d9-b7d3-4cb3-8d1d-ab3cb57d07b7.jpg,2b3643ec6d1b521271d0eca10f1b1633db27f0e8d6797bd59cf8eccd6ba6e52c,source=INATURALIST; non-commercial licence
2c455928-3941-47aa-843d-26cda95350fc,SF010,Pelata,Alepes melanoptera,WILD,train,6c73c8f8ca8dbad8,GBIF,https://biocase.snsb.info/wrapper/querytool/details.cgi?dsa=SAPMpiscescoll&detail=unit&wrapper_url=http://biocase.snsb.info/wrapper/pywrapper.cgi?dsa=SAPMpiscescoll&schema=http://www.tdwg.org/schemas/abcd/2.06&col=SAPMpiscescoll&cat=SAPM-PI-00455%20/%20527547%20/%20211580,CC-BY-SA,YES,GBIF occ:1851313695/media:http://pictures.snsb.info/SAPMpiscescoll/web/SAPM-PI-004/SAPM-PI-00455_20130131_105412.jpg,PELATA/gbif/2c455928-3941-47aa-843d-26cda95350fc.jpg,6c73c8f8ca8dbad87af0281c9cf2e9f81df4277d0ac5a1d641f80d162d351030,source=GBIF
2f8aeb16-9eec-497d-b1f5-5a22790a3d6b,SF010,Pelata,Alepes melanoptera,WILD,train,e54360ecf60451ec,GBIF,https://biocase.snsb.info/wrapper/querytool/details.cgi?dsa=SAPMpiscescoll&detail=unit&wrapper_url=http://biocase.snsb.info/wrapper/pywrapper.cgi?dsa=SAPMpiscescoll&schema=http://www.tdwg.org/schemas/abcd/2.06&col=SAPMpiscescoll&cat=SAPM-PI-00455%20/%20527547%20/%20211580,CC-BY-SA,YES,GBIF occ:1851313695/media:http://pictures.snsb.info/SAPMpiscescoll/web/SAPM-PI-004/SAPM-PI-00455_20130716_102236.jpg,PELATA/gbif/2f8aeb16-9eec-497d-b1f5-5a22790a3d6b.jpg,e54360ecf60451ecc3298621871191737b48ce1b5dc9179e116cd3028887f37c,source=GBIF
2ff5f831-c0d2-4c45-8036-10161b6139eb,SF010,Pelata,Alepes melanoptera,WILD,train,974cd7047a874012,INATURALIST,https://www.inaturalist.org/observations/314763577,CC-BY-NC-SA,REVIEW,"(c) Vivek.N.Rathod, some rights reserved (CC BY-NC-SA)",PELATA/inaturalist/2ff5f831-c0d2-4c45-8036-10161b6139eb.jpg,974cd7047a874012e7f1d0898348b91711dd87da91d5f2362d368912276536b7,source=INATURALIST; non-commercial licence
4399904b-0ca5-4ac6-8583-9d496ff238bb,SF010,Pelata,Alepes melanoptera,WILD,train,26bcd50491e5c383,GBIF,https://biocase.snsb.info/wrapper/querytool/details.cgi?dsa=SAPMpiscescoll&detail=unit&wrapper_url=http://biocase.snsb.info/wrapper/pywrapper.cgi?dsa=SAPMpiscescoll&schema=http://www.tdwg.org/schemas/abcd/2.06&col=SAPMpiscescoll&cat=SAPM-PI-00456%20/%20527549%20/%20211581,CC-BY-SA,YES,GBIF occ:1851313752/media:http://pictures.snsb.info/SAPMpiscescoll/web/SAPM-PI-004/SAPM-PI-00456_20130705_090802.jpg,PELATA/gbif/4399904b-0ca5-4ac6-8583-9d496ff238bb.jpg,26bcd50491e5c383372bef7dce0dc7dcf780696f48241b95c12565bbbb1ce096,source=GBIF
4518113a-4eb4-4784-824f-8906fc0cd407,SF010,Pelata,Alepes melanoptera,WILD,train,f88f06e5979526f2,GBIF,https://www.gbif.org/occurrence/1056632947,CC-BY,YES,Zoology Accessions Register: Reptiles & Fishes: 1878 - 1892: page 57,PELATA/gbif/4518113a-4eb4-4784-824f-8906fc0cd407.jpg,f88f06e5979526f26f67e2150f176cb990eba70d4ed33a6599771c7e62f5b45a,source=GBIF
49bdcecc-ae38-4b32-a18c-c6809e3875aa,SF010,Pelata,Alepes melanoptera,WILD,val,27ca6e94c0442369,INATURALIST,https://www.inaturalist.org/observations/314763577,CC-BY-NC-SA,REVIEW,"(c) Vivek.N.Rathod, some rights reserved (CC BY-NC-SA)",PELATA/inaturalist/49bdcecc-ae38-4b32-a18c-c6809e3875aa.jpg,27ca6e94c0442369086e68cd0c8b33234213620c788d08cc93034be34f05ef09,source=INATURALIST; non-commercial licence
4d08f530-1029-4f97-b840-c726d356487d,SF010,Pelata,Alepes melanoptera,WILD,val,65f7f96713f9762c,INATURALIST,https://www.inaturalist.org/observations/314763577,CC-BY-NC-SA,REVIEW,"(c) Vivek.N.Rathod, some rights reserved (CC BY-NC-SA)",PELATA/inaturalist/4d08f530-1029-4f97-b840-c726d356487d.jpg,65f7f96713f9762c87f12f103f12c3b9fd2fc03ff7656204c6210d2f9bd69049,source=INATURALIST; non-commercial licence
50ef6018-d5b4-49d4-aa40-b37d5f55746f,SF010,Pelata,Alepes melanoptera,WILD,test_clean,e4ce787e4ad163b0,INATURALIST,https://www.inaturalist.org/observations/314763577,CC-BY-NC-SA,REVIEW,"(c) Vivek.N.Rathod, some rights reserved (CC BY-NC-SA)",PELATA/inaturalist/50ef6018-d5b4-49d4-aa40-b37d5f55746f.jpg,e4ce787e4ad163b0dd616ceb7c602020d75c41b14ef7fcd934b768cad8a84623,source=INATURALIST; non-commercial licence
51918efd-1eb0-4c64-a8fb-7761d878eccd,SF010,Pelata,Alepes melanoptera,WILD,train,25fb5fc75d781af2,INATURALIST,https://www.inaturalist.org/observations/198293918,CC-BY-NC,REVIEW,"(c) Sylvain Le Bris, some rights reserved (CC BY-NC)",PELATA/inaturalist/51918efd-1eb0-4c64-a8fb-7761d878eccd.jpg,25fb5fc75d781af2d01ff117c08faa38e1a433522c391f917142a223015c8440,source=INATURALIST; non-commercial licence
5a0260eb-f59c-4264-828e-9a8a3455881e,SF010,Pelata,Alepes melanoptera,WILD,train,26f4330bf0381516,INATURALIST,https://www.inaturalist.org/observations/249155876,CC-BY-NC,REVIEW,"(c) Jiayuan Lin, some rights reserved (CC BY-NC)",PELATA/inaturalist/5a0260eb-f59c-4264-828e-9a8a3455881e.jpg,26f4330bf03815167a4992166de46f95a81d40aeece69f0266b8d67128199411,source=INATURALIST; non-commercial licence
5ec69519-e0d8-4130-a6e1-10c69b8c06ad,SF010,Pelata,Alepes melanoptera,WILD,train,ca7ea577046c817b,INATURALIST,https://www.inaturalist.org/observations/237617976,CC-BY-NC-SA,REVIEW,"(c) Vivek.N.Rathod, some rights reserved (CC BY-NC-SA)",PELATA/inaturalist/5ec69519-e0d8-4130-a6e1-10c69b8c06ad.jpg,ca7ea577046c817bbe36580c99ceb32374bff72f66b3701a448c4978e2604cb4,source=INATURALIST; non-commercial licence
77486a1c-56cd-4141-9710-db5abba43d3b,SF010,Pelata,Alepes melanoptera,WILD,train,232bb8c5fcb01b68,INATURALIST,https://www.inaturalist.org/observations/189014134,CC-BY-NC,REVIEW,"(c) kanapol99, some rights reserved (CC BY-NC)",PELATA/inaturalist/77486a1c-56cd-4141-9710-db5abba43d3b.jpg,232bb8c5fcb01b68d4b1f5d5005c3949c330c3038ccb713955a09bed868ca1e2,source=INATURALIST; non-commercial licence
81dce7c4-cd13-425a-88d7-0f1026012ae7,SF010,Pelata,Alepes melanoptera,WILD,train,58fa370a7b17edb8,INATURALIST,https://www.inaturalist.org/observations/383251901,CC-BY-NC,REVIEW,"(c) sharkdevotee, some rights reserved (CC BY-NC)",PELATA/inaturalist/81dce7c4-cd13-425a-88d7-0f1026012ae7.jpg,58fa370a7b17edb830bcbb2cc1c367f4eab26e793865bc2cc0c7e08839a46e93,source=INATURALIST; non-commercial licence
8aa90b3a-be76-4746-bf59-f89303b27e6f,SF010,Pelata,Alepes melanoptera,WILD,train,da99612436cd3c67,INATURALIST,https://www.inaturalist.org/observations/209989177,CC-BY-NC,REVIEW,"(c) Niran Anurakpongsathorn, some rights reserved (CC BY-NC)",PELATA/inaturalist/8aa90b3a-be76-4746-bf59-f89303b27e6f.jpg,da99612436cd3c6714c274603009c9ada4230b811b4391f43a6779e7faf880bf,source=INATURALIST; non-commercial licence
94160cf2-5786-48f5-82c8-823e673f7412,SF010,Pelata,Alepes melanoptera,WILD,val,852394737a53bdae,GBIF,https://www.gbif.org/occurrence/1456346864,CC0,YES,Alepes melanoptera RAD116187-001,PELATA/gbif/94160cf2-5786-48f5-82c8-823e673f7412.jpg,852394737a53bdaed15e9af49cd54d9e589be310f5d6287035919d60245738b1,source=GBIF
949e88c8-223e-4424-9fb5-b694c86cbef0,SF010,Pelata,Alepes melanoptera,WILD,train,cd233804b5883b3a,GBIF,https://biocase.snsb.info/wrapper/querytool/details.cgi?dsa=SAPMpiscescoll&detail=unit&wrapper_url=http://biocase.snsb.info/wrapper/pywrapper.cgi?dsa=SAPMpiscescoll&schema=http://www.tdwg.org/schemas/abcd/2.06&col=SAPMpiscescoll&cat=SAPM-PI-00456%20/%20527549%20/%20SAPM-PI-03787,CC-BY-SA,YES,GBIF occ:1851313802/media:http://pictures.snsb.info/SAPMpiscescoll/web/SAPM-PI-004/SAPM-PI-00456_20130917_111841.jpg,PELATA/gbif/949e88c8-223e-4424-9fb5-b694c86cbef0.jpg,cd233804b5883b3a5c825308f0744bb89406351aefab8866cacee292807d67b8,source=GBIF
982dadd2-5829-4f9c-9791-cd1d07abaa0f,SF010,Pelata,Alepes melanoptera,WILD,train,84b7c25fd34303f3,GBIF,https://www.gbif.org/occurrence/1317643519,CC0,YES,Alepes melanoptera RAD116186-001,PELATA/gbif/982dadd2-5829-4f9c-9791-cd1d07abaa0f.jpg,84b7c25fd34303f3ea1835103788f04d2c0cb58a6f85422a533074687e5344e3,source=GBIF
9a582455-f3a7-4b00-b558-a5392998b2cd,SF010,Pelata,Alepes melanoptera,WILD,train,58ccc04ba551cdf2,GBIF,https://biocase.snsb.info/wrapper/querytool/details.cgi?dsa=SAPMpiscescoll&detail=unit&wrapper_url=http://biocase.snsb.info/wrapper/pywrapper.cgi?dsa=SAPMpiscescoll&schema=http://www.tdwg.org/schemas/abcd/2.06&col=SAPMpiscescoll&cat=SAPM-PI-00456%20/%20527549%20/%20211581,CC-BY-SA,YES,GBIF occ:1851313752/media:http://pictures.snsb.info/SAPMpiscescoll/web/SAPM-PI-004/SAPM-PI-00456_20130201_153210.jpg,PELATA/gbif/9a582455-f3a7-4b00-b558-a5392998b2cd.jpg,58ccc04ba551cdf276decce8f9dfba595f980a8b7e1e8f73c7edff41060f8d9d,source=GBIF
a10b81f1-dbda-408a-b6fc-fd4f620f37ea,SF010,Pelata,Alepes melanoptera,WILD,val,8b52e630ae773f5e,GBIF,https://biocase.snsb.info/wrapper/querytool/details.cgi?dsa=SAPMpiscescoll&detail=unit&wrapper_url=http://biocase.snsb.info/wrapper/pywrapper.cgi?dsa=SAPMpiscescoll&schema=http://www.tdwg.org/schemas/abcd/2.06&col=SAPMpiscescoll&cat=SAPM-PI-00456%20/%20527549%20/%20SAPM-PI-03787,CC-BY-SA,YES,GBIF occ:1851313802/media:http://pictures.snsb.info/SAPMpiscescoll/web/SAPM-PI-004/SAPM-PI-00456_20130917_112045.jpg,PELATA/gbif/a10b81f1-dbda-408a-b6fc-fd4f620f37ea.jpg,8b52e630ae773f5eec42849f815b7d0f8f97a6ffd7ba8bb64a257d2dd2f08967,source=GBIF
a1903656-b7db-43ee-abfc-a95d72cd12f3,SF010,Pelata,Alepes melanoptera,WILD,test_clean,a7290f043a1ad55d,GBIF,https://www.gbif.org/occurrence/1292014673,CC-BY-NC,REVIEW,Carangidae Alepes melanoptera,PELATA/gbif/a1903656-b7db-43ee-abfc-a95d72cd12f3.jpg,a7290f043a1ad55d40bc797af34f25540d8696933ab9da6514f3aaed5f8fc82c,source=GBIF; non-commercial licence
a97ea3cd-f339-439b-b876-e2724005782c,SF010,Pelata,Alepes melanoptera,WILD,test_clean,3e54201f6708fb0e,GBIF,https://portal.boldsystems.org/record/SABF067-12,CC-BY-NC-SA,REVIEW,SABF067-12 Lateral,PELATA/gbif/a97ea3cd-f339-439b-b876-e2724005782c.jpg,3e54201f6708fb0e8098c78f86bfd2641697d7e70fb3702fda1b422439d13df7,source=GBIF; non-commercial licence
aa2ec388-e651-403a-9a9b-22fc22036eff,SF010,Pelata,Alepes melanoptera,WILD,test_clean,394407906e4033d8,INATURALIST,https://www.inaturalist.org/observations/184395958,CC-BY-NC,REVIEW,"(c) Jiayuan Lin, some rights reserved (CC BY-NC)",PELATA/inaturalist/aa2ec388-e651-403a-9a9b-22fc22036eff.jpg,394407906e4033d889c924460fc6869ab239b0ae594d92e74ac6ef6c0c4078fc,source=INATURALIST; non-commercial licence
bd607205-5481-467b-9dd6-db4f713d9192,SF010,Pelata,Alepes melanoptera,WILD,train,62f40ea57878e563,GBIF,https://www.gbif.org/occurrence/1056855663,CC-BY,YES,Zoology Accessions Register: Reptiles & Fishes: 1904 - 1925: page 103,PELATA/gbif/bd607205-5481-467b-9dd6-db4f713d9192.jpg,62f40ea57878e563a4beee4ee66aa70fc6ba18b600864d32007119c460e6481a,source=GBIF
c2797bbc-57e9-4ba4-a3fb-c191c63ae347,SF010,Pelata,Alepes melanoptera,WILD,val,fbdf6da3022fee6b,INATURALIST,https://www.inaturalist.org/observations/237617976,CC-BY-NC-SA,REVIEW,"(c) Vivek.N.Rathod, some rights reserved (CC BY-NC-SA)",PELATA/inaturalist/c2797bbc-57e9-4ba4-a3fb-c191c63ae347.jpg,fbdf6da3022fee6b33d95a8b06f0cc07af068cd01c720cfbd5ab22dba166e297,source=INATURALIST; non-commercial licence
cd8586d3-7403-4c1b-bc55-b814b7b8c665,SF010,Pelata,Alepes melanoptera,WILD,train,11396a13f63c852e,GBIF,https://portal.boldsystems.org/record/SABF066-12,CC-BY-NC-SA,REVIEW,SABF066-12 Lateral,PELATA/gbif/cd8586d3-7403-4c1b-bc55-b814b7b8c665.jpg,11396a13f63c852e3b80177e3e6a52ff1715c9506a649b6b10da008d3e88bf3a,source=GBIF; non-commercial licence
df2cb47e-69c5-434a-bb3d-8dfc2099190c,SF010,Pelata,Alepes melanoptera,WILD,train,5471289699082d10,GBIF,https://biocase.snsb.info/wrapper/querytool/details.cgi?dsa=SAPMpiscescoll&detail=unit&wrapper_url=http://biocase.snsb.info/wrapper/pywrapper.cgi?dsa=SAPMpiscescoll&schema=http://www.tdwg.org/schemas/abcd/2.06&col=SAPMpiscescoll&cat=SAPM-PI-00456%20/%20527549%20/%20211581,CC-BY-SA,YES,GBIF occ:1851313752/media:http://pictures.snsb.info/SAPMpiscescoll/web/SAPM-PI-004/SAPM-PI-00456_20130712_145110.jpg,PELATA/gbif/df2cb47e-69c5-434a-bb3d-8dfc2099190c.jpg,5471289699082d105ee90ec96dcb709734915eebcc71616aeb2430d0b0fe94a2,source=GBIF
e83538e1-a236-4c6c-9c1e-7b55bc3765ce,SF010,Pelata,Alepes melanoptera,WILD,train,c4eee019ab56addd,GBIF,https://biocase.snsb.info/wrapper/querytool/details.cgi?dsa=SAPMpiscescoll&detail=unit&wrapper_url=http://biocase.snsb.info/wrapper/pywrapper.cgi?dsa=SAPMpiscescoll&schema=http://www.tdwg.org/schemas/abcd/2.06&col=SAPMpiscescoll&cat=SAPM-PI-00455%20/%20527547%20/%20211580,CC-BY-SA,YES,GBIF occ:1851313695/media:http://pictures.snsb.info/SAPMpiscescoll/web/SAPM-PI-004/SAPM-PI-00455_20130705_091246.jpg,PELATA/gbif/e83538e1-a236-4c6c-9c1e-7b55bc3765ce.jpg,c4eee019ab56addd7b927dc8cb778fd7b62abfc83f4c50ec7e0620f39d5850f4,source=GBIF
e9ace944-0f07-4e13-a209-92aea0b1e02a,SF010,Pelata,Alepes melanoptera,WILD,train,9cf98b9a398b959c,GBIF,https://biocase.snsb.info/wrapper/querytool/details.cgi?dsa=SAPMpiscescoll&detail=unit&wrapper_url=http://biocase.snsb.info/wrapper/pywrapper.cgi?dsa=SAPMpiscescoll&schema=http://www.tdwg.org/schemas/abcd/2.06&col=SAPMpiscescoll&cat=SAPM-PI-00455%20/%20527547%20/%20211580,CC-BY-SA,YES,GBIF occ:1851313695/media:http://pictures.snsb.info/SAPMpiscescoll/web/SAPM-PI-004/SAPM-PI-00455_20130712_145308.jpg,PELATA/gbif/e9ace944-0f07-4e13-a209-92aea0b1e02a.jpg,9cf98b9a398b959c740cca87aab243cdd161fca938756e2faf466e1e5fcbddd6,source=GBIF
fc550c2a-89d7-4bcc-8e61-a282d937b901,SF010,Pelata,Alepes melanoptera,WILD,train,125c1b17a05daf95,INATURALIST,https://www.inaturalist.org/observations/291798238,CC-BY-NC,REVIEW,"(c) sharkdevotee, some rights reserved (CC BY-NC)",PELATA/inaturalist/fc550c2a-89d7-4bcc-8e61-a282d937b901.jpg,125c1b17a05daf95523cc5cb44d95fac4c93457cd0a5f5630c468e668be114f8,source=INATURALIST; non-commercial licence
fe83709c-5e99-4bb9-8419-883249e6ad71,SF010,Pelata,Alepes melanoptera,WILD,train,671beb7730fb239b,INATURALIST,https://www.inaturalist.org/observations/249155876,CC-BY-NC,REVIEW,"(c) Jiayuan Lin, some rights reserved (CC BY-NC)",PELATA/inaturalist/fe83709c-5e99-4bb9-8419-883249e6ad71.jpg,671beb7730fb239ba7d6490648f7fb0fb51d73014fb5ec6e7eb0a8d3d8cabd8b,source=INATURALIST; non-commercial licence
018e3dae-aa8b-4c09-9018-1c28c5775345,SF011,Selar Kuning,Selaroides leptolepis,WILD,train,34b36765867f8879,INATURALIST,https://www.inaturalist.org/observations/215654859,CC-BY-NC,REVIEW,"(c) Rinaldi Gotama, some rights reserved (CC BY-NC)",SELAR_KUNING/inaturalist/018e3dae-aa8b-4c09-9018-1c28c5775345.jpg,34b36765867f887908997163e673e47e2350bfc516693a29b6f466a02877a1b1,source=INATURALIST; non-commercial licence
02a9a3de-cf0b-4dec-b84d-352b199b5dfe,SF011,Selar Kuning,Selaroides leptolepis,WILD,train,18daff9f22fa13bc,GBIF,https://www.inaturalist.org/observations/210210764,CC-BY-NC,REVIEW,Lumin Ong,SELAR_KUNING/gbif/02a9a3de-cf0b-4dec-b84d-352b199b5dfe.jpg,18daff9f22fa13bcfe45965f51c5d5ad2e11fe60b0b03984cd38512a4b02ae9f,source=GBIF; non-commercial licence
02fb3426-e263-46fd-ace8-77c158a1a4ba,SF011,Selar Kuning,Selaroides leptolepis,WILD,train,86e385c741ee72e7,GBIF,https://www.inaturalist.org/observations/210210621,CC-BY-NC,REVIEW,Lumin Ong,SELAR_KUNING/gbif/02fb3426-e263-46fd-ace8-77c158a1a4ba.jpg,86e385c741ee72e72d4b727e35d77ea9f19603de7c7a75190252283d2a423c24,source=GBIF; non-commercial licence
031e2db8-2f9e-4e17-9e3d-2ef89d8f65b4,SF011,Selar Kuning,Selaroides leptolepis,WILD,train,e0510f0190885533,ATLAS_OF_LIVING_AUSTRALIA,https://www.inaturalist.org/observations/349732178,CC-BY-NC,REVIEW,Sam,SELAR_KUNING/atlas_of_living_australia/031e2db8-2f9e-4e17-9e3d-2ef89d8f65b4.jpg,e0510f01908855335d2f33a4de9a7b17c97fca2af73ae4952a820033b7adfa20,source=ATLAS_OF_LIVING_AUSTRALIA; non-commercial licence
06de517d-be55-4367-aad2-db6cfbe48397,SF011,Selar Kuning,Selaroides leptolepis,WILD,test_clean,dab1432277a9c1d6,INATURALIST,https://www.inaturalist.org/observations/244110952,CC-BY-NC,REVIEW,"(c) Lumin Ong, some rights reserved (CC BY-NC)",SELAR_KUNING/inaturalist/06de517d-be55-4367-aad2-db6cfbe48397.jpg,dab1432277a9c1d6a70b2282afbc59f7c952e56c17499accf958d4e2049d2fa0,source=INATURALIST; non-commercial licence
0920bb17-fe10-4a26-aea9-67789c509636,SF011,Selar Kuning,Selaroides leptolepis,WILD,train,06d4bb78e774c0a8,INATURALIST,https://www.inaturalist.org/observations/363723210,CC-BY-NC,REVIEW,"(c) navneet, some rights reserved (CC BY-NC)",SELAR_KUNING/inaturalist/0920bb17-fe10-4a26-aea9-67789c509636.jpg,06d4bb78e774c0a80c8d26c07c7bfa0ac0a184ddd358c8be6f237561aa6bb319,source=INATURALIST; non-commercial licence
09502e0b-2a8a-4c06-a6eb-b858cc37cae0,SF011,Selar Kuning,Selaroides leptolepis,WILD,train,6c568fcbcd184ce7,INATURALIST,https://www.inaturalist.org/observations/343976517,CC-BY-NC,REVIEW,"(c) tubahaier, some rights reserved (CC BY-NC)",SELAR_KUNING/inaturalist/09502e0b-2a8a-4c06-a6eb-b858cc37cae0.jpg,6c568fcbcd184ce75e33cc2936732784531befa1efcedb4b6123df2908fccb02,source=INATURALIST; non-commercial licence
0a24fdac-9a94-4e76-9d4e-b314fe36cdf6,SF011,Selar Kuning,Selaroides leptolepis,WILD,train,05b89adaa62b5bc1,INATURALIST,https://www.inaturalist.org/observations/210210971,CC-BY-NC,REVIEW,"(c) Lumin Ong, some rights reserved (CC BY-NC)",SELAR_KUNING/inaturalist/0a24fdac-9a94-4e76-9d4e-b314fe36cdf6.jpg,05b89adaa62b5bc14a9cb42d502104d62133019b624c4c218ed5ca03fabab7ff,source=INATURALIST; non-commercial licence
0bd8186e-b5e7-43cd-88bd-8852c83517cd,SF011,Selar Kuning,Selaroides leptolepis,WILD,train,38f82542ca664bbf,INATURALIST,https://www.inaturalist.org/observations/277690644,CC-BY-NC,REVIEW,"(c) fachrynurmallojr, some rights reserved (CC BY-NC)",SELAR_KUNING/inaturalist/0bd8186e-b5e7-43cd-88bd-8852c83517cd.jpg,38f82542ca664bbf828350cf347d429c29018ccbff97dde3736969647ca2f88c,source=INATURALIST; non-commercial licence
1019c0c8-5844-400b-9d42-64da7509fb83,SF011,Selar Kuning,Selaroides leptolepis,WILD,train,222b5bb52900b7ce,INATURALIST,https://www.inaturalist.org/observations/363527446,CC-BY-NC,REVIEW,"(c) Timothy Loh, some rights reserved (CC BY-NC)",SELAR_KUNING/inaturalist/1019c0c8-5844-400b-9d42-64da7509fb83.jpg,222b5bb52900b7cec225d91011056e2bb6ee5ef1d715b7b61a0d54769bf8cb4e,source=INATURALIST; non-commercial licence
10d9d182-ff54-42a8-a43d-843706449847,SF011,Selar Kuning,Selaroides leptolepis,WILD,val,4b2f2b6433173bfb,INATURALIST,https://www.inaturalist.org/observations/255965766,CC-BY-NC,REVIEW,"(c) Frank Andresen, some rights reserved (CC BY-NC)",SELAR_KUNING/inaturalist/10d9d182-ff54-42a8-a43d-843706449847.jpg,4b2f2b6433173bfb8e43c0edff27140c4947a5ae7a58ad4848d793a442a14eeb,source=INATURALIST; non-commercial licence
11c9cdad-43b8-45bc-9d9d-7e7bf46069d8,SF011,Selar Kuning,Selaroides leptolepis,WILD,train,7dd43b34c2620b25,INATURALIST,https://www.inaturalist.org/observations/363723210,CC-BY-NC,REVIEW,"(c) navneet, some rights reserved (CC BY-NC)",SELAR_KUNING/inaturalist/11c9cdad-43b8-45bc-9d9d-7e7bf46069d8.jpg,7dd43b34c2620b25a70c92ef7c792fce75210d4b4205d2802775350c9dd47441,source=INATURALIST; non-commercial licence
123b58ac-65ef-4c45-9a61-8d975a5f4044,SF011,Selar Kuning,Selaroides leptolepis,WILD,test_clean,c6f2f7377ef70b19,INATURALIST,https://www.inaturalist.org/observations/286807446,CC-BY,YES,"(c) Tim Parker, some rights reserved (CC BY)",SELAR_KUNING/inaturalist/123b58ac-65ef-4c45-9a61-8d975a5f4044.jpg,c6f2f7377ef70b199dfd5ed1ba3862a67a413544d5d56f21a59aa5b261e54fdc,source=INATURALIST
12a9bc6b-c2e4-4315-ba00-0a87e46bdb02,SF011,Selar Kuning,Selaroides leptolepis,WILD,train,e01099a683142fee,INATURALIST,https://www.inaturalist.org/observations/286742127,CC-BY-NC,REVIEW,"(c) kankandy, some rights reserved (CC BY-NC)",SELAR_KUNING/inaturalist/12a9bc6b-c2e4-4315-ba00-0a87e46bdb02.jpg,e01099a683142feeac1ab1e900dddceff89fe75d4003f0244686b529f61a7d77,source=INATURALIST; non-commercial licence
13117344-e3a5-4f02-b127-9915afd910ab,SF011,Selar Kuning,Selaroides leptolepis,WILD,train,455b83890c921c5e,INATURALIST,https://www.inaturalist.org/observations/213704746,CC-BY-NC,REVIEW,"(c) Tay Jing Xuan, some rights reserved (CC BY-NC)",SELAR_KUNING/inaturalist/13117344-e3a5-4f02-b127-9915afd910ab.jpg,455b83890c921c5e451cbef0e6c3af0a76a064fa4e35bc09f3f7b4877f8eab68,source=INATURALIST; non-commercial licence
16aaccf7-0599-4788-ab9e-7883d22d19a5,SF011,Selar Kuning,Selaroides leptolepis,WILD,test_clean,d8cf2f9ce939c828,ATLAS_OF_LIVING_AUSTRALIA,https://www.inaturalist.org/observations/140734481,CC-BY-NC,REVIEW,Matt Wilkie,SELAR_KUNING/atlas_of_living_australia/16aaccf7-0599-4788-ab9e-7883d22d19a5.jpg,d8cf2f9ce939c8282eb7ba61dc2ea7b747ce4056dd0ba41a43a7345394173094,source=ATLAS_OF_LIVING_AUSTRALIA; non-commercial licence
18d87733-0d99-433c-83c2-01fa4b36bade,SF011,Selar Kuning,Selaroides leptolepis,WILD,train,c966ec44e015f92c,ATLAS_OF_LIVING_AUSTRALIA,https://www.inaturalist.org/observations/140734481,CC-BY-NC,REVIEW,Matt Wilkie,SELAR_KUNING/atlas_of_living_australia/18d87733-0d99-433c-83c2-01fa4b36bade.jpg,c966ec44e015f92c3a7fc7336270bb40d9a1fbfb0762195aad4c0fb5a73dc1a0,source=ATLAS_OF_LIVING_AUSTRALIA; non-commercial licence
1a3692ac-afd3-4292-86ca-5ac068d26a64,SF011,Selar Kuning,Selaroides leptolepis,WILD,val,bb4b0ee02b05a07f,GBIF,https://www.inaturalist.org/observations/208451981,CC-BY-NC,REVIEW,Lumin Ong,SELAR_KUNING/gbif/1a3692ac-afd3-4292-86ca-5ac068d26a64.jpg,bb4b0ee02b05a07f04aac340de9d9bbb2a5181ab29fd2a4ee8c43b8a2e9351d7,source=GBIF; non-commercial licence
1afc1a9b-2a01-4610-84d7-6e85ed654eb3,SF011,Selar Kuning,Selaroides leptolepis,WILD,train,bbb70a03a2db8bf1,INATURALIST,https://www.inaturalist.org/observations/291706075,CC-BY-NC,REVIEW,"(c) caleidoskopable, some rights reserved (CC BY-NC)",SELAR_KUNING/inaturalist/1afc1a9b-2a01-4610-84d7-6e85ed654eb3.jpg,bbb70a03a2db8bf13370431196da000632269fd6dc48804232a3372d39aa1297,source=INATURALIST; non-commercial licence
1bea05ac-fedd-4ece-b040-5d787297cc3f,SF011,Selar Kuning,Selaroides leptolepis,WILD,test_clean,99f78b64356b9cb3,INATURALIST,https://www.inaturalist.org/observations/383270324,CC-BY-NC,REVIEW,"(c) Aiden Chong, some rights reserved (CC BY-NC)",SELAR_KUNING/inaturalist/1bea05ac-fedd-4ece-b040-5d787297cc3f.jpg,99f78b64356b9cb31eaaebe66f0dadeb803fab862aa4715d0069ea426410879b,source=INATURALIST; non-commercial licence
1d230895-53b5-43a2-b846-09edce381cf6,SF011,Selar Kuning,Selaroides leptolepis,WILD,train,a799dc15fb9f5904,INATURALIST,https://www.inaturalist.org/observations/221509746,CC-BY-NC,REVIEW,"(c) Axl P., some rights reserved (CC BY-NC)",SELAR_KUNING/inaturalist/1d230895-53b5-43a2-b846-09edce381cf6.jpg,a799dc15fb9f5904868b8db262b643f2e9883dddf5d8ce25e74893fac39a306b,source=INATURALIST; non-commercial licence
1e5c24ec-8fa4-4837-b402-26af1e18687c,SF011,Selar Kuning,Selaroides leptolepis,WILD,train,9bad0092f6d859b1,INATURALIST,https://www.inaturalist.org/observations/364226127,CC-BY-NC,REVIEW,"(c) sam_c_wilson, some rights reserved (CC BY-NC)",SELAR_KUNING/inaturalist/1e5c24ec-8fa4-4837-b402-26af1e18687c.jpg,9bad0092f6d859b16fbb4fe6da8e1925637ba3e3c8ea2ccbf32ec6e33ffe6846,source=INATURALIST; non-commercial licence
1e8d4c73-fc76-4fef-ab93-66019f836fd5,SF011,Selar Kuning,Selaroides leptolepis,WILD,val,8e35284046b7d014,INATURALIST,https://www.inaturalist.org/observations/297294339,CC-BY-NC,REVIEW,"(c) Aiden Chong, some rights reserved (CC BY-NC)",SELAR_KUNING/inaturalist/1e8d4c73-fc76-4fef-ab93-66019f836fd5.jpg,8e35284046b7d014f28efe3dc9a37a76fd3a71a8e1dd0bb0ffe0a57da9a4c669,source=INATURALIST; non-commercial licence
1eb6fc3a-efca-48d3-adfe-32d44e2552ba,SF011,Selar Kuning,Selaroides leptolepis,WILD,train,842e9aa33e2c140a,GBIF,https://www.inaturalist.org/observations/203774653,CC-BY-NC,REVIEW,Axl P.,SELAR_KUNING/gbif/1eb6fc3a-efca-48d3-adfe-32d44e2552ba.jpg,842e9aa33e2c140a072d23335d2272b18f3decb223120b0627062fd12d31cfbd,source=GBIF; non-commercial licence
1f066d70-0c9b-4b61-82c0-c2e2ebe1622e,SF011,Selar Kuning,Selaroides leptolepis,WILD,val,04ac3986c41061be,INATURALIST,https://www.inaturalist.org/observations/284709814,CC-BY-NC,REVIEW,"(c) dod_od, some rights reserved (CC BY-NC)",SELAR_KUNING/inaturalist/1f066d70-0c9b-4b61-82c0-c2e2ebe1622e.jpg,04ac3986c41061bed794893cc16054b8948449be1c8bf64a08201dd251fe867a,source=INATURALIST; non-commercial licence
1fd494d9-901d-49c0-92fc-d191ff111490,SF011,Selar Kuning,Selaroides leptolepis,WILD,train,cb64fe6a62b16ac9,INATURALIST,https://www.inaturalist.org/observations/297294339,CC-BY-NC,REVIEW,"(c) Aiden Chong, some rights reserved (CC BY-NC)",SELAR_KUNING/inaturalist/1fd494d9-901d-49c0-92fc-d191ff111490.jpg,cb64fe6a62b16ac9fb09f8dbf1362cbc6826b8a68569a4018672ce22385c52a6,source=INATURALIST; non-commercial licence
26355055-2b46-4d84-8eaf-5b41128b55c9,SF011,Selar Kuning,Selaroides leptolepis,WILD,train,7e68f258f85bdb63,INATURALIST,https://www.inaturalist.org/observations/329414330,CC-BY-NC,REVIEW,"(c) Alan Thomas Joshy, some rights reserved (CC BY-NC)",SELAR_KUNING/inaturalist/26355055-2b46-4d84-8eaf-5b41128b55c9.jpg,7e68f258f85bdb63505e48913f1dce2c614fc3381862b7d84cc2685e484faa5d,source=INATURALIST; non-commercial licence
279262f3-e14a-467d-a00d-3b558db0c413,SF011,Selar Kuning,Selaroides leptolepis,WILD,test_clean,9364be2c009bb303,INATURALIST,https://www.inaturalist.org/observations/269578017,CC-BY-NC,REVIEW,"(c) danish_alhadi, some rights reserved (CC BY-NC)",SELAR_KUNING/inaturalist/279262f3-e14a-467d-a00d-3b558db0c413.jpg,9364be2c009bb30366546183a1a6957bf4056ba6b159e43eb0243a63a2268231,source=INATURALIST; non-commercial licence
2a1f7d8b-cc4e-4555-abda-c92cc47524ba,SF011,Selar Kuning,Selaroides leptolepis,WILD,val,e37ca02a3a9f70f9,INATURALIST,https://www.inaturalist.org/observations/298379698,CC-BY-NC,REVIEW,"(c) dod_od, some rights reserved (CC BY-NC)",SELAR_KUNING/inaturalist/2a1f7d8b-cc4e-4555-abda-c92cc47524ba.jpg,e37ca02a3a9f70f9879408bcc8414431ad78cef45993f325581e485aa0c9f3e9,source=INATURALIST; non-commercial licence
2a621809-71c1-4de0-b1c6-542789526527,SF011,Selar Kuning,Selaroides leptolepis,WILD,train,7cfc0265a36b87a4,ATLAS_OF_LIVING_AUSTRALIA,https://www.inaturalist.org/observations/293631079,CC-BY-NC,REVIEW,slenderp51,SELAR_KUNING/atlas_of_living_australia/2a621809-71c1-4de0-b1c6-542789526527.jpg,7cfc0265a36b87a4d2b66ef71f677fb37750c31ee18f51dc836bb3150baef209,source=ATLAS_OF_LIVING_AUSTRALIA; non-commercial licence
2b3a0613-dfda-455e-80ba-3e232069bdf0,SF011,Selar Kuning,Selaroides leptolepis,WILD,train,cc967d54e000791a,INATURALIST,https://www.inaturalist.org/observations/291708003,CC-BY-NC-SA,REVIEW,"(c) sai_yeung_choi, some rights reserved (CC BY-NC-SA)",SELAR_KUNING/inaturalist/2b3a0613-dfda-455e-80ba-3e232069bdf0.jpg,cc967d54e000791aeef246a6e0df3c375137e1298a8bb89bf3814179a6801663,source=INATURALIST; non-commercial licence
2bcd95af-b715-4305-92d7-b26b3ba1cf38,SF011,Selar Kuning,Selaroides leptolepis,WILD,train,a4eda02c90f84d3b,INATURALIST,https://www.inaturalist.org/observations/244678439,CC-BY-NC,REVIEW,"(c) huangmingpan, some rights reserved (CC BY-NC)",SELAR_KUNING/inaturalist/2bcd95af-b715-4305-92d7-b26b3ba1cf38.jpg,a4eda02c90f84d3bea9ae720ac6e889e318ffde5d3268fe22397c195a8cfa73d,source=INATURALIST; non-commercial licence
2dffccc2-0649-4c6b-8117-779169b55e7b,SF011,Selar Kuning,Selaroides leptolepis,WILD,test_clean,228f36658ee73531,INATURALIST,https://www.inaturalist.org/observations/221509746,CC-BY-NC,REVIEW,"(c) Axl P., some rights reserved (CC BY-NC)",SELAR_KUNING/inaturalist/2dffccc2-0649-4c6b-8117-779169b55e7b.jpg,228f36658ee73531be03e8011898f3a5b5f6dbac1a45bdfb0b2ec6fbad29799f,source=INATURALIST; non-commercial licence
32f76f92-b2de-480d-9981-aa491d774a5c,SF011,Selar Kuning,Selaroides leptolepis,WILD,train,b7b2ff3a6a6aa727,ATLAS_OF_LIVING_AUSTRALIA,https://www.inaturalist.org/observations/140734481,CC-BY-NC,REVIEW,Matt Wilkie,SELAR_KUNING/atlas_of_living_australia/32f76f92-b2de-480d-9981-aa491d774a5c.jpg,b7b2ff3a6a6aa72753dc063fdc6b663dab901abe5f8fc6d8d7e1f0b790244125,source=ATLAS_OF_LIVING_AUSTRALIA; non-commercial licence
358f6ff2-798b-44d4-8c19-e6e7d2c37623,SF011,Selar Kuning,Selaroides leptolepis,WILD,train,3d455a61ebff8b1d,INATURALIST,https://www.inaturalist.org/observations/213704746,CC-BY-NC,REVIEW,"(c) Tay Jing Xuan, some rights reserved (CC BY-NC)",SELAR_KUNING/inaturalist/358f6ff2-798b-44d4-8c19-e6e7d2c37623.jpg,3d455a61ebff8b1d5e8519603e0d025e78e2989608da5417a64568d8f8565a6e,source=INATURALIST; non-commercial licence
3aa767cc-424a-43f4-bd80-a8bf79e16b17,SF011,Selar Kuning,Selaroides leptolepis,WILD,train,5d793989c61aeefd,INATURALIST,https://www.inaturalist.org/observations/221509746,CC-BY-NC,REVIEW,"(c) Axl P., some rights reserved (CC BY-NC)",SELAR_KUNING/inaturalist/3aa767cc-424a-43f4-bd80-a8bf79e16b17.jpg,5d793989c61aeefdc499fa5ace6ebdbf9e78b2b973ef5f4f4fbe5e2c6ea883e5,source=INATURALIST; non-commercial licence
3b14f355-9405-494b-9f25-0bfdd96a6109,SF011,Selar Kuning,Selaroides leptolepis,WILD,val,72bec79c25648d3c,GBIF,https://www.inaturalist.org/observations/195912991,CC-BY-NC,REVIEW,Samson,SELAR_KUNING/gbif/3b14f355-9405-494b-9f25-0bfdd96a6109.jpg,72bec79c25648d3cd6528e6a3ce9f9d217647a116526fcd0ec088a17a5600281,source=GBIF; non-commercial licence
3c4244dc-5f3a-4299-bab1-82718a88a21b,SF011,Selar Kuning,Selaroides leptolepis,WILD,train,f729c45449b26b9b,GBIF,https://www.inaturalist.org/observations/209060803,CC-BY-NC,REVIEW,Niran Anurakpongsathorn,SELAR_KUNING/gbif/3c4244dc-5f3a-4299-bab1-82718a88a21b.jpg,f729c45449b26b9b3aa77acd996006b6dd025699422b6543795d404bf7c5ade8,source=GBIF; non-commercial licence
3ebbdf85-6ea4-4ef2-925f-3eaa1c1426a6,SF011,Selar Kuning,Selaroides leptolepis,WILD,train,5a8f0c078c3f2d81,ATLAS_OF_LIVING_AUSTRALIA,https://www.inaturalist.org/observations/151784109,CC-BY-NC,REVIEW,Brenton Prigge,SELAR_KUNING/atlas_of_living_australia/3ebbdf85-6ea4-4ef2-925f-3eaa1c1426a6.jpg,5a8f0c078c3f2d81c39e54636c26d6936b7eb727a70fa4bd317f7ed370af72f7,source=ATLAS_OF_LIVING_AUSTRALIA; non-commercial licence
449d9798-c575-4d35-a7ea-0fd357dc5e92,SF011,Selar Kuning,Selaroides leptolepis,WILD,train,69b428ef41de3763,INATURALIST,https://www.inaturalist.org/observations/263738367,CC-BY-NC,REVIEW,"(c) LEE Yeung, Gabriel, some rights reserved (CC BY-NC)",SELAR_KUNING/inaturalist/449d9798-c575-4d35-a7ea-0fd357dc5e92.jpg,69b428ef41de376314f9759b6785bf15687e767ac60013a700fd7f7eedc8d7dc,source=INATURALIST; non-commercial licence
476119a4-d39a-4570-9f74-004780a94ba3,SF011,Selar Kuning,Selaroides leptolepis,WILD,val,f955a4ce8a9608be,GBIF,https://www.inaturalist.org/observations/200990276,CC-BY-NC,REVIEW,Andrew Holst,SELAR_KUNING/gbif/476119a4-d39a-4570-9f74-004780a94ba3.jpg,f955a4ce8a9608be4659302a638e968bb321015deecca3161e820e74307ebf3c,source=GBIF; non-commercial licence
48b00cbb-ea52-4083-a24f-6b00a5326aeb,SF011,Selar Kuning,Selaroides leptolepis,WILD,train,7fff445a14474daa,ATLAS_OF_LIVING_AUSTRALIA,https://www.inaturalist.org/observations/160511272,CC-BY-NC,REVIEW,Adam Smith,SELAR_KUNING/atlas_of_living_australia/48b00cbb-ea52-4083-a24f-6b00a5326aeb.jpg,7fff445a14474daa2ed6e489968080ae7b6eec0f567850432fb52ad41c22a837,source=ATLAS_OF_LIVING_AUSTRALIA; non-commercial licence
49bcea80-25fb-44a8-b3d2-7e9b5731f375,SF011,Selar Kuning,Selaroides leptolepis,WILD,train,35669041e081c413,INATURALIST,https://www.inaturalist.org/observations/244678439,CC-BY-NC,REVIEW,"(c) huangmingpan, some rights reserved (CC BY-NC)",SELAR_KUNING/inaturalist/49bcea80-25fb-44a8-b3d2-7e9b5731f375.jpg,35669041e081c41304f7103b3597807ccdac2aeada679e3fdc9dc28b1934e223,source=INATURALIST; non-commercial licence
4ce1dcb7-126e-4c34-a427-00805e34f508,SF011,Selar Kuning,Selaroides leptolepis,WILD,train,a27927ffc8fb6c39,ATLAS_OF_LIVING_AUSTRALIA,https://www.inaturalist.org/observations/107751116,CC-BY-NC,REVIEW,Ken Graham,SELAR_KUNING/atlas_of_living_australia/4ce1dcb7-126e-4c34-a427-00805e34f508.jpg,a27927ffc8fb6c3999fcfef5c0bc3f1baed3f05d9f752d310f38224c1dd364d7,source=ATLAS_OF_LIVING_AUSTRALIA; non-commercial licence
5371340d-e8ee-475d-971e-bbffe2b43c79,SF011,Selar Kuning,Selaroides leptolepis,WILD,train,b801cd741aaf9dce,INATURALIST,https://www.inaturalist.org/observations/343976517,CC-BY-NC,REVIEW,"(c) tubahaier, some rights reserved (CC BY-NC)",SELAR_KUNING/inaturalist/5371340d-e8ee-475d-971e-bbffe2b43c79.jpg,b801cd741aaf9dcede751668b0a84b493412aaa3fb02beb8a25937762b374191,source=INATURALIST; non-commercial licence
55ae6dae-ec4f-444d-ac3a-ceb5bbf43791,SF011,Selar Kuning,Selaroides leptolepis,WILD,train,20e9291eb112f7bc,INATURALIST,https://www.inaturalist.org/observations/303086695,CC-BY-NC,REVIEW,"(c) Vishwa Wishtohelp, some rights reserved (CC BY-NC)",SELAR_KUNING/inaturalist/55ae6dae-ec4f-444d-ac3a-ceb5bbf43791.jpg,20e9291eb112f7bc07696cb2348553f7b66ffb63120d834951cfaad6b7fd43a2,source=INATURALIST; non-commercial licence
56067d77-8654-40ea-982f-1c299159a7a8,SF011,Selar Kuning,Selaroides leptolepis,WILD,test_clean,f383b7a9fd21a86b,INATURALIST,https://www.inaturalist.org/observations/287494074,CC-BY-NC,REVIEW,"(c) Jordan H, some rights reserved (CC BY-NC)",SELAR_KUNING/inaturalist/56067d77-8654-40ea-982f-1c299159a7a8.jpg,f383b7a9fd21a86bd9b8bf0f6b7dfd202802f81dc69aad1c050b41a94dce9a72,source=INATURALIST; non-commercial licence
561c257e-140a-438d-8bf7-aa4ca1c6a9c5,SF011,Selar Kuning,Selaroides leptolepis,WILD,train,47e9e145257a7776,ATLAS_OF_LIVING_AUSTRALIA,https://www.inaturalist.org/observations/175905759,CC-BY-NC,REVIEW,Adam Smith,SELAR_KUNING/atlas_of_living_australia/561c257e-140a-438d-8bf7-aa4ca1c6a9c5.jpg,47e9e145257a7776551096bebdce3d8199dbb98c822ab78885b9c838bdb242c7,source=ATLAS_OF_LIVING_AUSTRALIA; non-commercial licence
57b2c677-2bba-4995-9fe1-33b371d979cd,SF011,Selar Kuning,Selaroides leptolepis,WILD,test_clean,c95c8da9a6a04bbc,INATURALIST,https://www.inaturalist.org/observations/286742127,CC-BY-NC,REVIEW,"(c) kankandy, some rights reserved (CC BY-NC)",SELAR_KUNING/inaturalist/57b2c677-2bba-4995-9fe1-33b371d979cd.jpg,c95c8da9a6a04bbca380f1e8cafa2792396f1c22c1508824028a9f3de842ff73,source=INATURALIST; non-commercial licence
58c89048-bbc1-4dc8-ab8f-8e25a976b4a4,SF011,Selar Kuning,Selaroides leptolepis,WILD,val,68fc4932b1d7d37e,GBIF,https://www.inaturalist.org/observations/203774653,CC-BY-NC,REVIEW,Axl P.,SELAR_KUNING/gbif/58c89048-bbc1-4dc8-ab8f-8e25a976b4a4.jpg,68fc4932b1d7d37ec2bde1cfbcb4037908a2471fbb9660a45ce8c0e92d49e16b,source=GBIF; non-commercial licence
597684f3-3097-44fe-9767-ac7b9dd3b8ad,SF011,Selar Kuning,Selaroides leptolepis,WILD,train,037b8ed67944ca9b,INATURALIST,https://www.inaturalist.org/observations/394145357,CC-BY-NC,REVIEW,"(c) Gomen See, some rights reserved (CC BY-NC)",SELAR_KUNING/inaturalist/597684f3-3097-44fe-9767-ac7b9dd3b8ad.jpg,037b8ed67944ca9b8608d594365bc1104fe67113322d8ad743790182ab07440d,source=INATURALIST; non-commercial licence
5a03dc3b-8ca6-420c-9a5b-f5209d1e2f25,SF011,Selar Kuning,Selaroides leptolepis,WILD,train,d98bfa824622d315,INATURALIST,https://www.inaturalist.org/observations/360134838,CC-BY-NC,REVIEW,"(c) Sagarika Gupta, some rights reserved (CC BY-NC)",SELAR_KUNING/inaturalist/5a03dc3b-8ca6-420c-9a5b-f5209d1e2f25.jpg,d98bfa824622d3156e4a55943ec5962e04f69bd6aa6ea0c4815def455ad7b13a,source=INATURALIST; non-commercial licence
5af8bdc0-2914-46f1-a058-299f633db2df,SF011,Selar Kuning,Selaroides leptolepis,WILD,train,2e359dce42fcba0e,INATURALIST,https://www.inaturalist.org/observations/335837859,CC-BY-NC,REVIEW,"(c) mulannn77, some rights reserved (CC BY-NC)",SELAR_KUNING/inaturalist/5af8bdc0-2914-46f1-a058-299f633db2df.jpg,2e359dce42fcba0e643e0effab1059b4fd254c29eaedd852724c6fa863b53a2e,source=INATURALIST; non-commercial licence
5f0bc0b0-506f-4b91-9ab1-f95b5b14989c,SF011,Selar Kuning,Selaroides leptolepis,WILD,train,c46787efcb82e5c4,INATURALIST,https://www.inaturalist.org/observations/264458852,CC-BY-NC,REVIEW,"(c) naturalistnkc, some rights reserved (CC BY-NC)",SELAR_KUNING/inaturalist/5f0bc0b0-506f-4b91-9ab1-f95b5b14989c.jpg,c46787efcb82e5c49e7cc874fab7bc9518f77e47528152bb30a1d068879b9eec,source=INATURALIST; non-commercial licence
5f6e04c3-6006-4715-9a68-6c03719d6f23,SF011,Selar Kuning,Selaroides leptolepis,WILD,train,fa6012dbbd726838,INATURALIST,https://www.inaturalist.org/observations/365011594,CC-BY-NC,REVIEW,"(c) Josy Lai, some rights reserved (CC BY-NC)",SELAR_KUNING/inaturalist/5f6e04c3-6006-4715-9a68-6c03719d6f23.jpg,fa6012dbbd7268386f37ed8ccf3ee4618cb4b1bec30314d18ac2963300ef8717,source=INATURALIST; non-commercial licence
600a4e8d-646b-4973-b998-b5099ba35a0d,SF011,Selar Kuning,Selaroides leptolepis,WILD,test_clean,9d75a69037b8d4c0,GBIF,https://www.inaturalist.org/observations/200990276,CC-BY-NC,REVIEW,Andrew Holst,SELAR_KUNING/gbif/600a4e8d-646b-4973-b998-b5099ba35a0d.jpg,9d75a69037b8d4c02245541f1e827cdbf064fc4d949882d0d35156e58647379f,source=GBIF; non-commercial licence
6615af4f-58f4-46ee-8a41-8cb75d251ed6,SF011,Selar Kuning,Selaroides leptolepis,WILD,train,20377be9ff123768,GBIF,https://www.inaturalist.org/observations/209060803,CC-BY-NC,REVIEW,Niran Anurakpongsathorn,SELAR_KUNING/gbif/6615af4f-58f4-46ee-8a41-8cb75d251ed6.jpg,20377be9ff1237689c48ac7b160082cff9d018f6919894dd8e4c1b2578acd785,source=GBIF; non-commercial licence
6762f242-d724-4f96-8ce9-122ed5c47344,SF011,Selar Kuning,Selaroides leptolepis,WILD,train,6938b11da6822750,GBIF,https://www.inaturalist.org/observations/195702004,CC-BY-NC,REVIEW,Jake Orthman,SELAR_KUNING/gbif/6762f242-d724-4f96-8ce9-122ed5c47344.jpg,6938b11da6822750819c9db95d81eff03c0d74faffaf28e9ebab54d4971a7e43,source=GBIF; non-commercial licence
681093ee-2d7e-4b5f-919c-d3b734c38b72,SF011,Selar Kuning,Selaroides leptolepis,WILD,train,400c3cd6f6297295,GBIF,https://www.inaturalist.org/observations/208670522,CC-BY-NC,REVIEW,Lumin Ong,SELAR_KUNING/gbif/681093ee-2d7e-4b5f-919c-d3b734c38b72.jpg,400c3cd6f629729538b13fbfe6696c42c25bd2694a51542a82f954d4b28c44c6,source=GBIF; non-commercial licence
695eb106-710a-4fde-a772-84bd6955a609,SF011,Selar Kuning,Selaroides leptolepis,WILD,val,7e22b22457e9f800,ATLAS_OF_LIVING_AUSTRALIA,https://www.inaturalist.org/observations/349732178,CC-BY-NC,REVIEW,Sam,SELAR_KUNING/atlas_of_living_australia/695eb106-710a-4fde-a772-84bd6955a609.jpg,7e22b22457e9f800e7e5c475518f45fb3f520ba1c2b5fb93aa7e1e36f5071cd7,source=ATLAS_OF_LIVING_AUSTRALIA; non-commercial licence
696302b1-945b-4161-be83-72e65cc1a64d,SF011,Selar Kuning,Selaroides leptolepis,WILD,train,91fb99d621c0e4d2,INATURALIST,https://www.inaturalist.org/observations/264458852,CC-BY-NC,REVIEW,"(c) naturalistnkc, some rights reserved (CC BY-NC)",SELAR_KUNING/inaturalist/696302b1-945b-4161-be83-72e65cc1a64d.jpg,91fb99d621c0e4d291c9c26a5e8ac5cacd9fce9b4641767244704cb0ebd92936,source=INATURALIST; non-commercial licence
6b34042b-2d7c-471a-8871-85832f66d7c8,SF011,Selar Kuning,Selaroides leptolepis,WILD,val,6f28534db165ea70,ATLAS_OF_LIVING_AUSTRALIA,https://biocache.ala.org.au/occurrences/6da9edf6-2ab5-4fff-8abe-7c1a1d359bc1,CC-BY-NC,REVIEW,ATLAS_OF_LIVING_AUSTRALIA occ:6da9edf6-2ab5-4fff-8abe-7c1a1d359bc1/image:e6904c7b-077f-48a2-9806-e6b6473520ab,SELAR_KUNING/atlas_of_living_australia/6b34042b-2d7c-471a-8871-85832f66d7c8.jpg,6f28534db165ea7076cb6f0378625d794e7bd674cfd4444c643a232cc0522e18,source=ATLAS_OF_LIVING_AUSTRALIA; non-commercial licence
70c3225b-abf3-4e82-8a79-26a14529d173,SF011,Selar Kuning,Selaroides leptolepis,WILD,train,9306904ec5ca79ad,INATURALIST,https://www.inaturalist.org/observations/211494403,CC-BY-NC,REVIEW,"(c) dod_od, some rights reserved (CC BY-NC)",SELAR_KUNING/inaturalist/70c3225b-abf3-4e82-8a79-26a14529d173.jpg,9306904ec5ca79ad07622133d770a5f9c121d985d678a482c7271371e4a2e396,source=INATURALIST; non-commercial licence
71574734-fd4d-4232-93a2-74f57b55b9eb,SF011,Selar Kuning,Selaroides leptolepis,WILD,train,4b377b11756ad8b4,INATURALIST,https://www.inaturalist.org/observations/333692690,CC-BY-NC,REVIEW,"(c) Niran Anurakpongsathorn, some rights reserved (CC BY-NC)",SELAR_KUNING/inaturalist/71574734-fd4d-4232-93a2-74f57b55b9eb.jpg,4b377b11756ad8b401c8af6df98dd0cbcd0fdf8dd1dc6e01379ab4dac62b8231,source=INATURALIST; non-commercial licence
7237f50a-e1cf-4ac8-8f73-0bff82238f7a,SF011,Selar Kuning,Selaroides leptolepis,WILD,val,1021c77327b18dcc,INATURALIST,https://www.inaturalist.org/observations/337417597,CC-BY-NC,REVIEW,"(c) tightontanago, some rights reserved (CC BY-NC)",SELAR_KUNING/inaturalist/7237f50a-e1cf-4ac8-8f73-0bff82238f7a.jpg,1021c77327b18dccf344da6a5842ba5d10e8fbcd5e90e5318d4ea27d8ef04aef,source=INATURALIST; non-commercial licence
73670078-2765-480d-b388-750606fa047b,SF011,Selar Kuning,Selaroides leptolepis,WILD,train,8f3c0db7dedb4f15,INATURALIST,https://www.inaturalist.org/observations/339887530,CC-BY-NC,REVIEW,"(c) Timothy E Myer, some rights reserved (CC BY-NC)",SELAR_KUNING/inaturalist/73670078-2765-480d-b388-750606fa047b.jpg,8f3c0db7dedb4f15e96db52101bfd03c4917c5a4b2985a1e924bd8744951bdad,source=INATURALIST; non-commercial licence
74265a21-a034-45f0-a844-0281938db7e4,SF011,Selar Kuning,Selaroides leptolepis,WILD,test_clean,da49c8a8fb0aba1b,ATLAS_OF_LIVING_AUSTRALIA,https://www.inaturalist.org/observations/111153501,CC-BY-NC,REVIEW,Alexandra Hoschke,SELAR_KUNING/atlas_of_living_australia/74265a21-a034-45f0-a844-0281938db7e4.jpg,da49c8a8fb0aba1bc39c384dd21e673aa84775a5b56ba8ada540fe69150de25a,source=ATLAS_OF_LIVING_AUSTRALIA; non-commercial licence
770fa48e-e60a-47c5-a8cb-adcd772d75ab,SF011,Selar Kuning,Selaroides leptolepis,WILD,train,5dd9a3561d8ace80,GBIF,https://www.inaturalist.org/observations/208670516,CC-BY-NC,REVIEW,Lumin Ong,SELAR_KUNING/gbif/770fa48e-e60a-47c5-a8cb-adcd772d75ab.jpg,5dd9a3561d8ace80c81fb330747fd8effd78ac7bbc147031d72deeaccc7b95b3,source=GBIF; non-commercial licence
79c38b5e-7524-4725-a6c7-3d259698101d,SF011,Selar Kuning,Selaroides leptolepis,WILD,train,e17c4b5f10abd850,GBIF,https://www.inaturalist.org/observations/210210765,CC-BY-NC,REVIEW,Lumin Ong,SELAR_KUNING/gbif/79c38b5e-7524-4725-a6c7-3d259698101d.jpg,e17c4b5f10abd850264f298ed1053acc4943751ecbec3d3f062a7867a3895418,source=GBIF; non-commercial licence
79ed8388-c1a1-498c-9649-3f358523fcfa,SF011,Selar Kuning,Selaroides leptolepis,WILD,train,fc6d09e31dac9e69,ATLAS_OF_LIVING_AUSTRALIA,https://www.inaturalist.org/observations/28192400,CC0,YES,Nigel Marsh,SELAR_KUNING/atlas_of_living_australia/79ed8388-c1a1-498c-9649-3f358523fcfa.jpg,fc6d09e31dac9e699e4f4579b5ceff427bf981bdf9d072ea0529f3ff5ca80a29,source=ATLAS_OF_LIVING_AUSTRALIA
7cb5b692-55a0-4dc3-b0bc-7e70a30fb230,SF011,Selar Kuning,Selaroides leptolepis,WILD,train,88603165f63a82e2,INATURALIST,https://www.inaturalist.org/observations/382465653,CC-BY-NC-SA,REVIEW,"(c) Vivek.N.Rathod, some rights reserved (CC BY-NC-SA)",SELAR_KUNING/inaturalist/7cb5b692-55a0-4dc3-b0bc-7e70a30fb230.jpg,88603165f63a82e238018a353d0e70803bd61f4ea411ec50f08164d3c0ab6b79,source=INATURALIST; non-commercial licence
7f077681-f2ee-43ee-ba86-fcaf9b4d8b0a,SF011,Selar Kuning,Selaroides leptolepis,WILD,train,8ad90fbf7cefea7f,GBIF,https://www.inaturalist.org/observations/210210889,CC-BY-NC,REVIEW,Lumin Ong,SELAR_KUNING/gbif/7f077681-f2ee-43ee-ba86-fcaf9b4d8b0a.jpg,8ad90fbf7cefea7f04bd8a6f236b5dd61dee334e825613bfcfee685f6dc11fc1,source=GBIF; non-commercial licence
7fa8288a-2741-4f3a-a1b0-d1ec41005cf8,SF011,Selar Kuning,Selaroides leptolepis,WILD,train,e65d5c90488cefb2,INATURALIST,https://www.inaturalist.org/observations/379398115,CC-BY-NC,REVIEW,"(c) Andriel Cheong, some rights reserved (CC BY-NC)",SELAR_KUNING/inaturalist/7fa8288a-2741-4f3a-a1b0-d1ec41005cf8.jpg,e65d5c90488cefb247e55093c3947220076eef07061feab07978b6d85d64d7a1,source=INATURALIST; non-commercial licence
801dd7c9-9bee-4a3b-8e1b-9998a72687f0,SF011,Selar Kuning,Selaroides leptolepis,WILD,train,47f840141ab4d907,INATURALIST,https://www.inaturalist.org/observations/337417597,CC-BY-NC,REVIEW,"(c) tightontanago, some rights reserved (CC BY-NC)",SELAR_KUNING/inaturalist/801dd7c9-9bee-4a3b-8e1b-9998a72687f0.jpg,47f840141ab4d907c115f34ab956eeaac75d4cb99a2857287ee2bcdda52ac218,source=INATURALIST; non-commercial licence
804ff722-a543-4093-a314-06acf1ec00de,SF011,Selar Kuning,Selaroides leptolepis,WILD,test_clean,fc06c6edf618a251,GBIF,https://www.inaturalist.org/observations/208452036,CC-BY-NC,REVIEW,Lumin Ong,SELAR_KUNING/gbif/804ff722-a543-4093-a314-06acf1ec00de.jpg,fc06c6edf618a25132d293d74be29820e3b9580daecd45d1059f126f3e75c36f,source=GBIF; non-commercial licence
80ce03e1-29b3-49e4-82c8-e72c6a21dc3c,SF011,Selar Kuning,Selaroides leptolepis,WILD,test_clean,2abd749a30156d4c,GBIF,https://www.inaturalist.org/observations/208670518,CC-BY-NC,REVIEW,Lumin Ong,SELAR_KUNING/gbif/80ce03e1-29b3-49e4-82c8-e72c6a21dc3c.jpg,2abd749a30156d4c53c1f79e289bb5d670c70841fdf3bc39b76420338c336ab6,source=GBIF; non-commercial licence
818fbcfb-539a-4b41-94a1-a43b3e7f14b2,SF011,Selar Kuning,Selaroides leptolepis,WILD,test_clean,5cbd3a766a8f2437,ATLAS_OF_LIVING_AUSTRALIA,https://www.inaturalist.org/observations/340572013,CC-BY-NC,REVIEW,Sue Churchill,SELAR_KUNING/atlas_of_living_australia/818fbcfb-539a-4b41-94a1-a43b3e7f14b2.jpg,5cbd3a766a8f24374ea3a8770000364545b2a254cf2e91269be328ec57c94d15,source=ATLAS_OF_LIVING_AUSTRALIA; non-commercial licence
848316b4-cb2f-4c14-ae36-e2993b8f78b5,SF011,Selar Kuning,Selaroides leptolepis,WILD,train,5866b43b8ba9fda7,GBIF,https://www.inaturalist.org/observations/200990276,CC-BY-NC,REVIEW,Andrew Holst,SELAR_KUNING/gbif/848316b4-cb2f-4c14-ae36-e2993b8f78b5.jpg,5866b43b8ba9fda738c722efa71fac8830e04f139f474f79e83fd04e359b1ae2,source=GBIF; non-commercial licence
857550c8-b43e-4101-ad26-16d13c3ec5b8,SF011,Selar Kuning,Selaroides leptolepis,WILD,train,02cdc6badc102049,INATURALIST,https://www.inaturalist.org/observations/244110887,CC-BY-NC,REVIEW,"(c) Lumin Ong, some rights reserved (CC BY-NC)",SELAR_KUNING/inaturalist/857550c8-b43e-4101-ad26-16d13c3ec5b8.jpg,02cdc6badc102049d05273597e2b4ef1008711c128f14e39b0042c3e6a7f573b,source=INATURALIST; non-commercial licence
88285550-6786-4686-a0a8-a51574e84570,SF011,Selar Kuning,Selaroides leptolepis,WILD,train,f7e8811e6c6a3f6a,GBIF,https://www.inaturalist.org/observations/210210735,CC-BY-NC,REVIEW,Lumin Ong,SELAR_KUNING/gbif/88285550-6786-4686-a0a8-a51574e84570.jpg,f7e8811e6c6a3f6a36f29222b79906d7f265852d6d6d01307d6f966f52e37bf3,source=GBIF; non-commercial licence
89813cdc-a3cf-49b0-9a96-cc3689870447,SF011,Selar Kuning,Selaroides leptolepis,WILD,train,777ed75d27e83fc9,INATURALIST,https://www.inaturalist.org/observations/366052222,CC-BY,YES,"(c) Vladislav Isaev, some rights reserved (CC BY)",SELAR_KUNING/inaturalist/89813cdc-a3cf-49b0-9a96-cc3689870447.jpg,777ed75d27e83fc9adde81dd22f577f05a2ff22b78b3e0dc2f0ec4125073c235,source=INATURALIST
8a6ace06-3cdd-4e69-bb7f-bc81f1c26bb2,SF011,Selar Kuning,Selaroides leptolepis,WILD,train,17ebda003ef445ec,INATURALIST,https://www.inaturalist.org/observations/334449455,CC-BY-NC,REVIEW,"(c) Nicolò Palumbo, some rights reserved (CC BY-NC)",SELAR_KUNING/inaturalist/8a6ace06-3cdd-4e69-bb7f-bc81f1c26bb2.jpg,17ebda003ef445ecdbd1dc44891a2c815127166c90cef7d6a8c3b1fa949a8d84,source=INATURALIST; non-commercial licence
8d527506-8187-496b-9315-9368eae6a114,SF011,Selar Kuning,Selaroides leptolepis,WILD,val,c8e2870942b92bdc,INATURALIST,https://www.inaturalist.org/observations/297294339,CC-BY-NC,REVIEW,"(c) Aiden Chong, some rights reserved (CC BY-NC)",SELAR_KUNING/inaturalist/8d527506-8187-496b-9315-9368eae6a114.jpg,c8e2870942b92bdc3dc6f315b3a4499041e1bef82e7230f723c5272a9f30b132,source=INATURALIST; non-commercial licence
8d6988cd-0e88-4045-9f7e-c84469462093,SF011,Selar Kuning,Selaroides leptolepis,WILD,train,e591aa97da1aa4c2,ATLAS_OF_LIVING_AUSTRALIA,https://biocache.ala.org.au/occurrences/67c5a263-5406-454a-a6f4-6c47258a4539,CC-BY-NC,REVIEW,ATLAS_OF_LIVING_AUSTRALIA occ:67c5a263-5406-454a-a6f4-6c47258a4539/image:bec944ae-0558-4b03-8a74-669d32dd14eb,SELAR_KUNING/atlas_of_living_australia/8d6988cd-0e88-4045-9f7e-c84469462093.jpg,e591aa97da1aa4c27b98a86687c1ea5b2d80f5e2f0e31f495b583b7052e0c0f5,source=ATLAS_OF_LIVING_AUSTRALIA; non-commercial licence
8f483b69-148b-43e7-bd54-e39ffcd27121,SF011,Selar Kuning,Selaroides leptolepis,WILD,test_clean,a1138d2884f872fe,INATURALIST,https://www.inaturalist.org/observations/332577789,CC-BY-NC,REVIEW,"(c) Martin Holladay, some rights reserved (CC BY-NC)",SELAR_KUNING/inaturalist/8f483b69-148b-43e7-bd54-e39ffcd27121.jpg,a1138d2884f872fed09294bc4cdcb641c9956e105962f015fd826bc5190cf92c,source=INATURALIST; non-commercial licence
93359ea2-550b-4a1d-b4db-0a85a69ea759,SF011,Selar Kuning,Selaroides leptolepis,WILD,train,14cb974ad5705890,INATURALIST,https://www.inaturalist.org/observations/213704746,CC-BY-NC,REVIEW,"(c) Tay Jing Xuan, some rights reserved (CC BY-NC)",SELAR_KUNING/inaturalist/93359ea2-550b-4a1d-b4db-0a85a69ea759.jpg,14cb974ad5705890845c54f4776719beacf68809b487a802bd490aeea3181ce7,source=INATURALIST; non-commercial licence
959fb943-4304-4f51-b199-980993603e69,SF011,Selar Kuning,Selaroides leptolepis,WILD,test_clean,50744a02d9812aba,INATURALIST,https://www.inaturalist.org/observations/291706075,CC-BY-NC,REVIEW,"(c) caleidoskopable, some rights reserved (CC BY-NC)",SELAR_KUNING/inaturalist/959fb943-4304-4f51-b199-980993603e69.jpg,50744a02d9812aba73cc7c323bbc6fd458f6231d0a2c2d11dbcd97d14d11e4ab,source=INATURALIST; non-commercial licence
9616c00f-5bb0-4065-abe9-4e388893bd5f,SF011,Selar Kuning,Selaroides leptolepis,WILD,test_clean,b7ad818a53cf6609,INATURALIST,https://www.inaturalist.org/observations/291706075,CC-BY-NC,REVIEW,"(c) caleidoskopable, some rights reserved (CC BY-NC)",SELAR_KUNING/inaturalist/9616c00f-5bb0-4065-abe9-4e388893bd5f.jpg,b7ad818a53cf66098a11c8d0bc66126209214fe2018607e18a8b5545ed486543,source=INATURALIST; non-commercial licence
96950dfe-aa5d-4081-8de2-0bffdc446b30,SF011,Selar Kuning,Selaroides leptolepis,WILD,train,af37fc09046791a6,INATURALIST,https://www.inaturalist.org/observations/244110922,CC-BY-NC,REVIEW,"(c) Lumin Ong, some rights reserved (CC BY-NC)",SELAR_KUNING/inaturalist/96950dfe-aa5d-4081-8de2-0bffdc446b30.jpg,af37fc09046791a6e7635146cafa57838aaa069ba40699ddfef7432b3ad6bb1b,source=INATURALIST; non-commercial licence
971983ea-bfbe-4379-bc20-05b570c0a7aa,SF011,Selar Kuning,Selaroides leptolepis,WILD,train,be0639e3155c4bf8,INATURALIST,https://www.inaturalist.org/observations/256605740,CC-BY-NC-SA,REVIEW,"(c) Vivek.N.Rathod, some rights reserved (CC BY-NC-SA)",SELAR_KUNING/inaturalist/971983ea-bfbe-4379-bc20-05b570c0a7aa.jpg,be0639e3155c4bf8745c55326b2aa371a791fc7c60836fc4af4f796521b4262b,source=INATURALIST; non-commercial licence
99ca9401-4b10-45bb-8a51-6c90f751f09d,SF011,Selar Kuning,Selaroides leptolepis,WILD,train,337d03a2cebfea15,GBIF,https://www.inaturalist.org/observations/208670542,CC-BY-NC,REVIEW,Lumin Ong,SELAR_KUNING/gbif/99ca9401-4b10-45bb-8a51-6c90f751f09d.jpg,337d03a2cebfea157ab3017e6d8059504bae113af7a3588476970e5f909020e7,source=GBIF; non-commercial licence
9a207d01-2a7a-42fc-96df-8b4e6c97c75e,SF011,Selar Kuning,Selaroides leptolepis,WILD,val,ca8ae24c0ec3cfbb,INATURALIST,https://www.inaturalist.org/observations/378699877,CC-BY-NC,REVIEW,"(c) Andriel Cheong, some rights reserved (CC BY-NC)",SELAR_KUNING/inaturalist/9a207d01-2a7a-42fc-96df-8b4e6c97c75e.jpg,ca8ae24c0ec3cfbba6a631cc8f3f0e59b788719b672144f9970a71c66ba8ead6,source=INATURALIST; non-commercial licence
9d06b093-cce0-4294-adb1-996adef118f4,SF011,Selar Kuning,Selaroides leptolepis,WILD,train,de34989c0fb49344,INATURALIST,https://www.inaturalist.org/observations/221509746,CC-BY-NC,REVIEW,"(c) Axl P., some rights reserved (CC BY-NC)",SELAR_KUNING/inaturalist/9d06b093-cce0-4294-adb1-996adef118f4.jpg,de34989c0fb49344a82a4a34263bcb4d13b5212e47faa0d2e3aa40fa42f125dc,source=INATURALIST; non-commercial licence
9ed5d5b2-71a2-42b6-953d-a744ccc36ecf,SF011,Selar Kuning,Selaroides leptolepis,WILD,val,f7c7bb0e23e39a9f,INATURALIST,https://www.inaturalist.org/observations/297294339,CC-BY-NC,REVIEW,"(c) Aiden Chong, some rights reserved (CC BY-NC)",SELAR_KUNING/inaturalist/9ed5d5b2-71a2-42b6-953d-a744ccc36ecf.jpg,f7c7bb0e23e39a9f6ffd362d9284bf5f575176aba567d1c9a5e294571b3e1d80,source=INATURALIST; non-commercial licence
9eea17af-9673-48ee-8d06-0a6ff25c45ae,SF011,Selar Kuning,Selaroides leptolepis,WILD,val,98a1813ea591557d,INATURALIST,https://www.inaturalist.org/observations/256605740,CC-BY-NC-SA,REVIEW,"(c) Vivek.N.Rathod, some rights reserved (CC BY-NC-SA)",SELAR_KUNING/inaturalist/9eea17af-9673-48ee-8d06-0a6ff25c45ae.jpg,98a1813ea591557dd2859bb859c69679459bc238288c7a8b9df49c25c68296e3,source=INATURALIST; non-commercial licence
a3541bd3-7046-4742-9d12-f1c846c731a5,SF011,Selar Kuning,Selaroides leptolepis,WILD,train,dde1993faf1f0cbe,INATURALIST,https://www.inaturalist.org/observations/382465653,CC-BY-NC-SA,REVIEW,"(c) Vivek.N.Rathod, some rights reserved (CC BY-NC-SA)",SELAR_KUNING/inaturalist/a3541bd3-7046-4742-9d12-f1c846c731a5.jpg,dde1993faf1f0cbea953ef3d24786c481ca48336c38bbbaf8fcb046b099db5d4,source=INATURALIST; non-commercial licence
a371313d-5578-44e6-a9d5-772d1346cfe8,SF011,Selar Kuning,Selaroides leptolepis,WILD,train,4adc68ac43b555d3,INATURALIST,https://www.inaturalist.org/observations/210210964,CC-BY-NC,REVIEW,"(c) Lumin Ong, some rights reserved (CC BY-NC)",SELAR_KUNING/inaturalist/a371313d-5578-44e6-a9d5-772d1346cfe8.jpg,4adc68ac43b555d34c373a83fddfbec814720ecefbb847d5652ac678dd1f9f13,source=INATURALIST; non-commercial licence
a5f0ac0a-011c-41ff-8429-aa154f47896b,SF011,Selar Kuning,Selaroides leptolepis,WILD,train,6f44b2ae8d9777ab,INATURALIST,https://www.inaturalist.org/observations/297294339,CC-BY-NC,REVIEW,"(c) Aiden Chong, some rights reserved (CC BY-NC)",SELAR_KUNING/inaturalist/a5f0ac0a-011c-41ff-8429-aa154f47896b.jpg,6f44b2ae8d9777ab2305e0e16aa1a2316eba4d68655f454a4829ca9b80b852b9,source=INATURALIST; non-commercial licence
a7ea7ee1-19a7-48fe-b34a-eed1d8df4ca9,SF011,Selar Kuning,Selaroides leptolepis,WILD,train,ae7569d5b36c3da5,INATURALIST,https://www.inaturalist.org/observations/342517390,CC-BY-NC,REVIEW,"(c) shunchuxia1729, some rights reserved (CC BY-NC)",SELAR_KUNING/inaturalist/a7ea7ee1-19a7-48fe-b34a-eed1d8df4ca9.jpg,ae7569d5b36c3da513fa570b1fb3124d61f3101f2031f44361fedca69892a6a9,source=INATURALIST; non-commercial licence
aca8e24e-1e64-4077-8201-678c1b495728,SF011,Selar Kuning,Selaroides leptolepis,WILD,train,29017a8d6334639a,INATURALIST,https://www.inaturalist.org/observations/244110944,CC-BY-NC,REVIEW,"(c) Lumin Ong, some rights reserved (CC BY-NC)",SELAR_KUNING/inaturalist/aca8e24e-1e64-4077-8201-678c1b495728.jpg,29017a8d6334639a1d129a47b7210433a0afa94951679bf65c16960e5db26320,source=INATURALIST; non-commercial licence
ad5517a9-a0a8-4305-92a4-9902d67fe5ca,SF011,Selar Kuning,Selaroides leptolepis,WILD,test_clean,cc05b288e569a648,INATURALIST,https://www.inaturalist.org/observations/281859437,CC-BY-NC,REVIEW,"(c) Jiayuan Lin, some rights reserved (CC BY-NC)",SELAR_KUNING/inaturalist/ad5517a9-a0a8-4305-92a4-9902d67fe5ca.jpg,cc05b288e569a648e7e26b1f5b11741ddf4330bc6abeb9650efe70da043a7a47,source=INATURALIST; non-commercial licence
ae95b723-d50d-48af-8581-9d246e6ea304,SF011,Selar Kuning,Selaroides leptolepis,WILD,train,1134ae4d50a738d3,GBIF,https://www.inaturalist.org/observations/210210867,CC-BY-NC,REVIEW,Lumin Ong,SELAR_KUNING/gbif/ae95b723-d50d-48af-8581-9d246e6ea304.jpg,1134ae4d50a738d31ccba340cdf7d2595950f2a62ecb419cad86cbd13ed5b398,source=GBIF; non-commercial licence
aeb7fff1-66fa-4dfd-99f9-70c8daf9415c,SF011,Selar Kuning,Selaroides leptolepis,WILD,train,0aaaf25d2b9e5c73,INATURALIST,https://www.inaturalist.org/observations/391365378,CC-BY-NC,REVIEW,"(c) LEE Yeung, Gabriel, some rights reserved (CC BY-NC)",SELAR_KUNING/inaturalist/aeb7fff1-66fa-4dfd-99f9-70c8daf9415c.jpg,0aaaf25d2b9e5c73b797149b53f1fac111aa8fba8136522d056a805aae97a5a5,source=INATURALIST; non-commercial licence
b23fbf98-3bb9-4f60-bdd1-5756063b375a,SF011,Selar Kuning,Selaroides leptolepis,WILD,train,5fdd55dc43f88448,INATURALIST,https://www.inaturalist.org/observations/210210969,CC-BY-NC,REVIEW,"(c) Lumin Ong, some rights reserved (CC BY-NC)",SELAR_KUNING/inaturalist/b23fbf98-3bb9-4f60-bdd1-5756063b375a.jpg,5fdd55dc43f884480aaf935a826be77f07c263c98bcda082ce910bf4a5671e11,source=INATURALIST; non-commercial licence
b34a4114-06f0-41af-bcbf-0caa0eae2c06,SF011,Selar Kuning,Selaroides leptolepis,WILD,train,4d4eb6af8c6245df,INATURALIST,https://www.inaturalist.org/observations/381152685,CC-BY,YES,"(c) Ashwin Srinivasan, some rights reserved (CC BY)",SELAR_KUNING/inaturalist/b34a4114-06f0-41af-bcbf-0caa0eae2c06.jpg,4d4eb6af8c6245dfe090142535ddabac9567038a68eee201b4b84d7ba0ff8449,source=INATURALIST
b40657cd-af2d-44ac-8992-69de5c39102c,SF011,Selar Kuning,Selaroides leptolepis,WILD,train,c4f0f433fc298c93,INATURALIST,https://www.inaturalist.org/observations/343976517,CC-BY-NC,REVIEW,"(c) tubahaier, some rights reserved (CC BY-NC)",SELAR_KUNING/inaturalist/b40657cd-af2d-44ac-8992-69de5c39102c.jpg,c4f0f433fc298c93dc3bd72ff392c6d0bd5ceccbdc0821e286b92e8066568bf9,source=INATURALIST; non-commercial licence
b7b66707-14c3-486f-ad7f-14241df952e1,SF011,Selar Kuning,Selaroides leptolepis,WILD,train,8fc8ec4775d6b004,INATURALIST,https://www.inaturalist.org/observations/286742127,CC-BY-NC,REVIEW,"(c) kankandy, some rights reserved (CC BY-NC)",SELAR_KUNING/inaturalist/b7b66707-14c3-486f-ad7f-14241df952e1.jpg,8fc8ec4775d6b0044d9a6d8458785eedbb42fbf84b70a6aaeb65d007b0ff9df6,source=INATURALIST; non-commercial licence
b960d381-014f-49ed-99e2-f2f2bb3a59ba,SF011,Selar Kuning,Selaroides leptolepis,WILD,train,f1fccbbb11791b06,ATLAS_OF_LIVING_AUSTRALIA,https://www.inaturalist.org/observations/131408995,CC-BY-NC,REVIEW,Adam Smith,SELAR_KUNING/atlas_of_living_australia/b960d381-014f-49ed-99e2-f2f2bb3a59ba.jpg,f1fccbbb11791b061f9fe20340ea1e558d67ace4d7e526ab9039060668ae560f,source=ATLAS_OF_LIVING_AUSTRALIA; non-commercial licence
b974c506-9a7d-4eea-b908-e992dc02ed99,SF011,Selar Kuning,Selaroides leptolepis,WILD,train,83ae8fd2a86dc24a,GBIF,https://www.inaturalist.org/observations/210210624,CC-BY-NC,REVIEW,Lumin Ong,SELAR_KUNING/gbif/b974c506-9a7d-4eea-b908-e992dc02ed99.jpg,83ae8fd2a86dc24af7e39c949a69e895b0170ea16e1ec23f9dbb6f9631d5c190,source=GBIF; non-commercial licence
ba1a9e9a-308d-41e2-a9f7-28cc60aa3364,SF011,Selar Kuning,Selaroides leptolepis,WILD,test_clean,7d1555b19cf309ff,INATURALIST,https://www.inaturalist.org/observations/394277761,CC-BY-NC-SA,REVIEW,"(c) sai_yeung_choi, some rights reserved (CC BY-NC-SA)",SELAR_KUNING/inaturalist/ba1a9e9a-308d-41e2-a9f7-28cc60aa3364.jpg,7d1555b19cf309ff4ee4e10724e808a6284a593f4622e658a09e63a1442a97da,source=INATURALIST; non-commercial licence
bb59f17a-4d32-410a-94f1-8c3139e6a81b,SF011,Selar Kuning,Selaroides leptolepis,WILD,train,2766400de33044da,INATURALIST,https://www.inaturalist.org/observations/380727061,CC-BY-NC,REVIEW,"(c) Hugo Lee, some rights reserved (CC BY-NC)",SELAR_KUNING/inaturalist/bb59f17a-4d32-410a-94f1-8c3139e6a81b.jpg,2766400de33044da03aa250bee07388a4ec099b053c56af762c9f91ff49d0967,source=INATURALIST; non-commercial licence
bbcbe55a-429e-4b10-9a2b-3df37052a17c,SF011,Selar Kuning,Selaroides leptolepis,WILD,val,5901b0325b2c2508,INATURALIST,https://www.inaturalist.org/observations/244110941,CC-BY-NC,REVIEW,"(c) Lumin Ong, some rights reserved (CC BY-NC)",SELAR_KUNING/inaturalist/bbcbe55a-429e-4b10-9a2b-3df37052a17c.jpg,5901b0325b2c2508b28cc0fc227533b08a85bbe17ff0d5287cf19a4e3e665b19,source=INATURALIST; non-commercial licence
bcad6705-a09d-4228-8257-e8a6ce2fbea9,SF011,Selar Kuning,Selaroides leptolepis,WILD,train,6f7f62793d5776a9,GBIF,https://www.inaturalist.org/observations/208670521,CC-BY-NC,REVIEW,Lumin Ong,SELAR_KUNING/gbif/bcad6705-a09d-4228-8257-e8a6ce2fbea9.jpg,6f7f62793d5776a9c81725a6ad5a3c9430868c32c5734f5c3c8e96713917e264,source=GBIF; non-commercial licence
c7c0ba7c-9f42-4381-a162-5c16fdccd229,SF011,Selar Kuning,Selaroides leptolepis,WILD,train,f6de1e9a305e80ef,INATURALIST,https://www.inaturalist.org/observations/221509746,CC-BY-NC,REVIEW,"(c) Axl P., some rights reserved (CC BY-NC)",SELAR_KUNING/inaturalist/c7c0ba7c-9f42-4381-a162-5c16fdccd229.jpg,f6de1e9a305e80eff6c1d93fa3e2dd06c0db1cb4f64b53d23636a81350dc123f,source=INATURALIST; non-commercial licence
c7d32428-b34f-46b6-a22d-da53ff5e9521,SF011,Selar Kuning,Selaroides leptolepis,WILD,train,c69d75c7b244a8a1,INATURALIST,https://www.inaturalist.org/observations/347988776,CC-BY-NC,REVIEW,"(c) Lap Wan, some rights reserved (CC BY-NC)",SELAR_KUNING/inaturalist/c7d32428-b34f-46b6-a22d-da53ff5e9521.jpg,c69d75c7b244a8a111ed6cdfe95c4d8da81751689cff22c2dc3f912a18143115,source=INATURALIST; non-commercial licence
cacf757d-a4c1-4f5e-885f-4d5532ef473a,SF011,Selar Kuning,Selaroides leptolepis,WILD,train,cac5dc8508c1793a,ATLAS_OF_LIVING_AUSTRALIA,https://www.inaturalist.org/observations/42926000,CC-BY-NC,REVIEW,Bob Joynes,SELAR_KUNING/atlas_of_living_australia/cacf757d-a4c1-4f5e-885f-4d5532ef473a.jpg,cac5dc8508c1793a2b632b847abf329996c36e4805c3c2019fed2f925bf2b207,source=ATLAS_OF_LIVING_AUSTRALIA; non-commercial licence
cb990073-4c5b-4b52-bb24-6a486c37985f,SF011,Selar Kuning,Selaroides leptolepis,WILD,val,d5e8b1dbcf179ba0,INATURALIST,https://www.inaturalist.org/observations/286742127,CC-BY-NC,REVIEW,"(c) kankandy, some rights reserved (CC BY-NC)",SELAR_KUNING/inaturalist/cb990073-4c5b-4b52-bb24-6a486c37985f.jpg,d5e8b1dbcf179ba00bf1dd701b0c7e9494629d7e2098202bc069e6ece2d93e9c,source=INATURALIST; non-commercial licence
cde95c2b-0a03-474a-a77b-1c5855dd7fb6,SF011,Selar Kuning,Selaroides leptolepis,WILD,val,128957e42d93b144,INATURALIST,https://www.inaturalist.org/observations/210211018,CC-BY-NC,REVIEW,"(c) Lumin Ong, some rights reserved (CC BY-NC)",SELAR_KUNING/inaturalist/cde95c2b-0a03-474a-a77b-1c5855dd7fb6.jpg,128957e42d93b1440494792a2bdb1f56c388ff0a377fd001bf2ad70275347704,source=INATURALIST; non-commercial licence
cfa800ef-a33d-4665-8208-008c410e7e07,SF011,Selar Kuning,Selaroides leptolepis,WILD,train,73cc42f1350e5eef,INATURALIST,https://www.inaturalist.org/observations/213704746,CC-BY-NC,REVIEW,"(c) Tay Jing Xuan, some rights reserved (CC BY-NC)",SELAR_KUNING/inaturalist/cfa800ef-a33d-4665-8208-008c410e7e07.jpg,73cc42f1350e5eef57378fb4270c4e64c0070463b0fb9434b7491e392e3321db,source=INATURALIST; non-commercial licence
cfcaa37b-dbf9-4038-a9e9-d696a6c4ca51,SF011,Selar Kuning,Selaroides leptolepis,WILD,train,ad9473f102cf7aba,GBIF,https://www.inaturalist.org/observations/210210888,CC-BY-NC,REVIEW,Lumin Ong,SELAR_KUNING/gbif/cfcaa37b-dbf9-4038-a9e9-d696a6c4ca51.jpg,ad9473f102cf7abafe1dad20f8c682e86458bcca402dc9d9627c40abad477c3c,source=GBIF; non-commercial licence
cfd8a61f-2a23-4127-adc2-ab80a5a832f9,SF011,Selar Kuning,Selaroides leptolepis,WILD,train,6bdcf5d6c774d8c6,INATURALIST,https://www.inaturalist.org/observations/217688327,CC-BY-NC,REVIEW,"(c) Lily Yeung, some rights reserved (CC BY-NC)",SELAR_KUNING/inaturalist/cfd8a61f-2a23-4127-adc2-ab80a5a832f9.jpg,6bdcf5d6c774d8c6b311a98fcfd5619c25d482716b3a068dd2d9b275e999b7a6,source=INATURALIST; non-commercial licence
d0e0bb30-6c4d-4a37-9a9d-30cf606f2e86,SF011,Selar Kuning,Selaroides leptolepis,WILD,val,890a20e31df22e6d,GBIF,https://www.inaturalist.org/observations/208452033,CC-BY-NC,REVIEW,Lumin Ong,SELAR_KUNING/gbif/d0e0bb30-6c4d-4a37-9a9d-30cf606f2e86.jpg,890a20e31df22e6d6175ec58c8cbacf173e1481ad51eaa1104ed9ff7591a53b8,source=GBIF; non-commercial licence
d13bf85d-ef0b-484e-b8ac-a8a2146aa938,SF011,Selar Kuning,Selaroides leptolepis,WILD,train,6ed9e9633e64adfc,INATURALIST,https://www.inaturalist.org/observations/256605740,CC-BY-NC-SA,REVIEW,"(c) Vivek.N.Rathod, some rights reserved (CC BY-NC-SA)",SELAR_KUNING/inaturalist/d13bf85d-ef0b-484e-b8ac-a8a2146aa938.jpg,6ed9e9633e64adfcbaa2eff706a273fc8d331f94a5f4500ce1b388752a4b64eb,source=INATURALIST; non-commercial licence
d552b942-7d60-4590-bb21-551c2d3e66fa,SF011,Selar Kuning,Selaroides leptolepis,WILD,train,160d63259852a107,INATURALIST,https://www.inaturalist.org/observations/254485134,CC-BY-NC,REVIEW,"(c) A. R. Javanica, some rights reserved (CC BY-NC)",SELAR_KUNING/inaturalist/d552b942-7d60-4590-bb21-551c2d3e66fa.jpg,160d63259852a107fce28dce74a610b6711055a5c577556569d4171ead4a069d,source=INATURALIST; non-commercial licence
daeb26bf-03f7-445a-8367-77b343a2e373,SF011,Selar Kuning,Selaroides leptolepis,WILD,train,d616d7d6e1d8da81,GBIF,https://www.inaturalist.org/observations/207885704,CC-BY-NC,REVIEW,denis_v,SELAR_KUNING/gbif/daeb26bf-03f7-445a-8367-77b343a2e373.jpg,d616d7d6e1d8da81f0702adee5a0af728e7ec08f907df7e31a7ffbd2aed3256f,source=GBIF; non-commercial licence
db13eaaf-d826-47f2-9a17-2f184daba8d1,SF011,Selar Kuning,Selaroides leptolepis,WILD,test_clean,d8e3555f40e6c91b,INATURALIST,https://www.inaturalist.org/observations/368301839,CC-BY-NC,REVIEW,"(c) Timothy Loh, some rights reserved (CC BY-NC)",SELAR_KUNING/inaturalist/db13eaaf-d826-47f2-9a17-2f184daba8d1.jpg,d8e3555f40e6c91ba85dc52122ad19b4c1e0af04f717a170b2f39f172d00cc2d,source=INATURALIST; non-commercial licence
dc0b9ace-dc13-40a4-b72e-c41b348ee1b1,SF011,Selar Kuning,Selaroides leptolepis,WILD,train,b31005db3e6db6f9,INATURALIST,https://www.inaturalist.org/observations/244110941,CC-BY-NC,REVIEW,"(c) Lumin Ong, some rights reserved (CC BY-NC)",SELAR_KUNING/inaturalist/dc0b9ace-dc13-40a4-b72e-c41b348ee1b1.jpg,b31005db3e6db6f91184b2745bbfa5593d88f6c8b7b627aba47dc0e7ec24238f,source=INATURALIST; non-commercial licence
dc3441ab-2a0d-428b-bcbf-08a0517caa6d,SF011,Selar Kuning,Selaroides leptolepis,WILD,train,f01a01208b6d7de2,GBIF,https://www.inaturalist.org/observations/208670552,CC-BY-NC,REVIEW,Lumin Ong,SELAR_KUNING/gbif/dc3441ab-2a0d-428b-bcbf-08a0517caa6d.jpg,f01a01208b6d7de2c4c2f316d2e329d64db199522c377d03c6d882e7d7829710,source=GBIF; non-commercial licence
de2095db-d439-4929-897f-f122cbadfea2,SF011,Selar Kuning,Selaroides leptolepis,WILD,train,e6d90406f5a3f124,ATLAS_OF_LIVING_AUSTRALIA,https://biocache.ala.org.au/occurrences/ff0a4fee-f00d-4b4a-be86-fa246a5fb0bc,CC-BY,YES,ATLAS_OF_LIVING_AUSTRALIA occ:ff0a4fee-f00d-4b4a-be86-fa246a5fb0bc/image:f5b36230-a4af-4218-99ef-b86e6c402c15,SELAR_KUNING/atlas_of_living_australia/de2095db-d439-4929-897f-f122cbadfea2.jpg,e6d90406f5a3f12452bf865e4cdc8512b7483f1f0e9b871a74f25a385aeb0539,source=ATLAS_OF_LIVING_AUSTRALIA
de503dca-7dac-4507-92f3-e4a7bdfaa210,SF011,Selar Kuning,Selaroides leptolepis,WILD,train,534d4da0467aabde,INATURALIST,https://www.inaturalist.org/observations/380727081,CC-BY-NC,REVIEW,"(c) Hugo Lee, some rights reserved (CC BY-NC)",SELAR_KUNING/inaturalist/de503dca-7dac-4507-92f3-e4a7bdfaa210.jpg,534d4da0467aabde656e50a3022c404813910cf160a55096ec03f83d9bec4133,source=INATURALIST; non-commercial licence
df91fd7e-58dc-46f6-9b18-ce0004c1091d,SF011,Selar Kuning,Selaroides leptolepis,WILD,train,3d9dcd1b332f1d4c,GBIF,https://www.inaturalist.org/observations/210915208,CC-BY-NC,REVIEW,Phakawat Kittikhunodom,SELAR_KUNING/gbif/df91fd7e-58dc-46f6-9b18-ce0004c1091d.jpg,3d9dcd1b332f1d4ca0c35fc6653a21478485455465d547261a12037aea3f6f01,source=GBIF; non-commercial licence
e048edd8-08ff-4b52-a98a-d365d29ab2c3,SF011,Selar Kuning,Selaroides leptolepis,WILD,val,7df9aa2db3b65630,INATURALIST,https://www.inaturalist.org/observations/259057336,CC-BY-NC,REVIEW,"(c) Rinaldi Gotama, some rights reserved (CC BY-NC)",SELAR_KUNING/inaturalist/e048edd8-08ff-4b52-a98a-d365d29ab2c3.jpg,7df9aa2db3b656307ed1e2872e7e5b0892bba68f84d3dbf04e0e4f33aa88db5d,source=INATURALIST; non-commercial licence
e7c87013-e3b4-4a04-83ee-1277dae55753,SF011,Selar Kuning,Selaroides leptolepis,WILD,train,f5696b42367944ed,INATURALIST,https://www.inaturalist.org/observations/382465653,CC-BY-NC-SA,REVIEW,"(c) Vivek.N.Rathod, some rights reserved (CC BY-NC-SA)",SELAR_KUNING/inaturalist/e7c87013-e3b4-4a04-83ee-1277dae55753.jpg,f5696b42367944ed38dec184b73fff7160f9ea3e4f2d2863128d0538b754e300,source=INATURALIST; non-commercial licence
e7e0813a-89c2-4754-9e5b-36a689530733,SF011,Selar Kuning,Selaroides leptolepis,WILD,train,42412f9a6fc08fce,GBIF,https://www.inaturalist.org/observations/203774653,CC-BY-NC,REVIEW,Axl P.,SELAR_KUNING/gbif/e7e0813a-89c2-4754-9e5b-36a689530733.jpg,42412f9a6fc08fce68661a3af12a397011a58460145b7e059057a6bf6f6f7906,source=GBIF; non-commercial licence
ea4131e3-93ad-44bc-8c54-beade1cfd072,SF011,Selar Kuning,Selaroides leptolepis,WILD,train,2c6ca0303adf7ddd,INATURALIST,https://www.inaturalist.org/observations/253514442,CC-BY-NC,REVIEW,"(c) barthazes, some rights reserved (CC BY-NC)",SELAR_KUNING/inaturalist/ea4131e3-93ad-44bc-8c54-beade1cfd072.jpg,2c6ca0303adf7ddd6c82c3cf531c1976149b36e1490ddedeb50a2931ecf973c4,source=INATURALIST; non-commercial licence
ea8c5c9b-4b68-4f08-8cdf-a12cf5e1932e,SF011,Selar Kuning,Selaroides leptolepis,WILD,test_clean,abea116a86b838a0,INATURALIST,https://www.inaturalist.org/observations/354247130,CC-BY-NC,REVIEW,"(c) ilia_mitin, some rights reserved (CC BY-NC)",SELAR_KUNING/inaturalist/ea8c5c9b-4b68-4f08-8cdf-a12cf5e1932e.jpg,abea116a86b838a0abd70a4b3dafedd03f549ecae303afe3b4262ec874a93856,source=INATURALIST; non-commercial licence
ed559bc7-99da-4456-88e0-01c5abef08fb,SF011,Selar Kuning,Selaroides leptolepis,WILD,train,3ff5b4b877cb4c60,INATURALIST,https://www.inaturalist.org/observations/348893215,CC-BY-NC,REVIEW,"(c) Niran Anurakpongsathorn, some rights reserved (CC BY-NC)",SELAR_KUNING/inaturalist/ed559bc7-99da-4456-88e0-01c5abef08fb.jpg,3ff5b4b877cb4c603053368de8b1cb7afcd77b8c8073814e0b6159978be132d4,source=INATURALIST; non-commercial licence
ef6de0de-11b5-46f4-a908-4939a1da9fd5,SF011,Selar Kuning,Selaroides leptolepis,WILD,train,d6256c0b5480dc3e,INATURALIST,https://www.inaturalist.org/observations/355022513,CC-BY-NC,REVIEW,"(c) charlie33931, some rights reserved (CC BY-NC)",SELAR_KUNING/inaturalist/ef6de0de-11b5-46f4-a908-4939a1da9fd5.jpg,d6256c0b5480dc3e793f36a7641facc2ded847fa623fbd66cf8ca9cfdeaf7fae,source=INATURALIST; non-commercial licence
f1de3446-ba2e-43db-9c3c-e999711015ec,SF011,Selar Kuning,Selaroides leptolepis,WILD,train,dbc26932bbeafe4d,ATLAS_OF_LIVING_AUSTRALIA,https://www.inaturalist.org/observations/349732178,CC-BY-NC,REVIEW,Sam,SELAR_KUNING/atlas_of_living_australia/f1de3446-ba2e-43db-9c3c-e999711015ec.jpg,dbc26932bbeafe4d817cc4ca5d01228f271bcface8e9fc41a0c8ecb42636c01b,source=ATLAS_OF_LIVING_AUSTRALIA; non-commercial licence
f25a9002-f963-4e2d-b05e-cdc9324513e0,SF011,Selar Kuning,Selaroides leptolepis,WILD,val,637217c9cb4cc842,GBIF,https://www.inaturalist.org/observations/208670518,CC-BY-NC,REVIEW,Lumin Ong,SELAR_KUNING/gbif/f25a9002-f963-4e2d-b05e-cdc9324513e0.jpg,637217c9cb4cc842c76bf7454672b2dbec43e9b96acd308026970ab205aa4080,source=GBIF; non-commercial licence
f34c84c4-8f1f-42ac-ad5d-dd4182c45c92,SF011,Selar Kuning,Selaroides leptolepis,WILD,train,d51b7623f6a1e71a,GBIF,https://www.inaturalist.org/observations/208670551,CC-BY-NC,REVIEW,Lumin Ong,SELAR_KUNING/gbif/f34c84c4-8f1f-42ac-ad5d-dd4182c45c92.jpg,d51b7623f6a1e71af8957c0bb8b91ab6028a1bd636560ff65efd4e5ec59e3469,source=GBIF; non-commercial licence
f500f4b5-8527-4dde-88be-1cb90d519bab,SF011,Selar Kuning,Selaroides leptolepis,WILD,train,2b8e22ea6661e0ee,INATURALIST,https://www.inaturalist.org/observations/331617140,CC-BY-NC,REVIEW,"(c) 小戴菊, some rights reserved (CC BY-NC)",SELAR_KUNING/inaturalist/f500f4b5-8527-4dde-88be-1cb90d519bab.jpg,2b8e22ea6661e0ee6dcbf16ae3d3aacb87eb87e8b370216b8d0b60a50b7db9d3,source=INATURALIST; non-commercial licence
f5ab18f2-e957-4a5a-afbd-a1f4348e4d3c,SF011,Selar Kuning,Selaroides leptolepis,WILD,val,3ae61417627a395c,INATURALIST,https://www.inaturalist.org/observations/333569064,CC-BY-NC,REVIEW,"(c) Niran Anurakpongsathorn, some rights reserved (CC BY-NC)",SELAR_KUNING/inaturalist/f5ab18f2-e957-4a5a-afbd-a1f4348e4d3c.jpg,3ae61417627a395c1d7a370258a1fc13f3d978c15a1110192b9b435d225cc670,source=INATURALIST; non-commercial licence
f893da24-4932-45be-a000-16c1da2fb6a8,SF011,Selar Kuning,Selaroides leptolepis,WILD,test_clean,d24ac0dbee845c28,ATLAS_OF_LIVING_AUSTRALIA,https://www.inaturalist.org/observations/225249285,CC-BY-NC,REVIEW,Adam Smith,SELAR_KUNING/atlas_of_living_australia/f893da24-4932-45be-a000-16c1da2fb6a8.jpg,d24ac0dbee845c284dbb39e39674ebc985e7dc045477a44f35c1127028493849,source=ATLAS_OF_LIVING_AUSTRALIA; non-commercial licence
fae041b0-7a1b-4746-9368-559c1e5a4ef3,SF011,Selar Kuning,Selaroides leptolepis,WILD,test_clean,bfdab88c421bd424,INATURALIST,https://www.inaturalist.org/observations/210211003,CC-BY-NC,REVIEW,"(c) Lumin Ong, some rights reserved (CC BY-NC)",SELAR_KUNING/inaturalist/fae041b0-7a1b-4746-9368-559c1e5a4ef3.jpg,bfdab88c421bd424b8b6ffb5411c938052816c42c8a4191099abb85e31a9014f,source=INATURALIST; non-commercial licence
fb5b336f-409c-4a11-81d4-950a88211ab9,SF011,Selar Kuning,Selaroides leptolepis,WILD,train,4da164647d179811,INATURALIST,https://www.inaturalist.org/observations/394277761,CC-BY-NC-SA,REVIEW,"(c) sai_yeung_choi, some rights reserved (CC BY-NC-SA)",SELAR_KUNING/inaturalist/fb5b336f-409c-4a11-81d4-950a88211ab9.jpg,4da164647d179811f3e29b8d087d42731695862a9d93318094bc91f78cfd828b,source=INATURALIST; non-commercial licence
fc0bfa00-9923-44d0-b3ba-e9d8cacd69bb,SF011,Selar Kuning,Selaroides leptolepis,WILD,val,21e498e192f95a72,INATURALIST,https://www.inaturalist.org/observations/291708003,CC-BY-NC-SA,REVIEW,"(c) sai_yeung_choi, some rights reserved (CC BY-NC-SA)",SELAR_KUNING/inaturalist/fc0bfa00-9923-44d0-b3ba-e9d8cacd69bb.jpg,21e498e192f95a72a9a7714af2ed53f2cd9c46279894055da743af83007cdd60,source=INATURALIST; non-commercial licence
fc822253-0dc7-4803-8de2-ab21bb92777f,SF011,Selar Kuning,Selaroides leptolepis,WILD,train,ec3787831b500f74,WIKIMEDIA_COMMONS,https://commons.wikimedia.org/wiki/File:Selaro_leptole_100812-6048_tdp.jpg,CC-BY-SA,YES,Own work,SELAR_KUNING/wikimedia_commons/fc822253-0dc7-4803-8de2-ab21bb92777f.jpg,ec3787831b500f74291b3746b9f4e8e829d6b7d8e4264a65ce17020cf64c7354,source=WIKIMEDIA_COMMONS; taxon_match=EXACT_CATEGORY
fca3390d-bab9-4b95-9e4a-9ab3b8b7a866,SF011,Selar Kuning,Selaroides leptolepis,WILD,test_clean,1d28a0dad9750ef8,INATURALIST,https://www.inaturalist.org/observations/392039160,CC-BY-NC,REVIEW,"(c) dod_od, some rights reserved (CC BY-NC)",SELAR_KUNING/inaturalist/fca3390d-bab9-4b95-9e4a-9ab3b8b7a866.jpg,1d28a0dad9750ef81979e07cabe757dc4e9123111cb8f717947ebef8287645f8,source=INATURALIST; non-commercial licence
fd021711-ad99-4e01-99b3-24fa7fba22d6,SF011,Selar Kuning,Selaroides leptolepis,WILD,train,8cd024f8a5b1583e,WIKIMEDIA_COMMONS,https://commons.wikimedia.org/wiki/File:Selaroides_leptolepis_distribution.png,CC-BY-SA,YES,Own work,SELAR_KUNING/wikimedia_commons/fd021711-ad99-4e01-99b3-24fa7fba22d6.jpg,8cd024f8a5b1583e99e56a1e2f82f2ab58bc0e2c0b45851e2df8f10abe7ad65f,source=WIKIMEDIA_COMMONS; taxon_match=EXACT_CATEGORY
fee222bf-5083-4bc3-bb39-9477384776bc,SF011,Selar Kuning,Selaroides leptolepis,WILD,train,4cb1161e1b634caf,GBIF,https://www.inaturalist.org/observations/210210725,CC-BY-NC,REVIEW,Lumin Ong,SELAR_KUNING/gbif/fee222bf-5083-4bc3-bb39-9477384776bc.jpg,4cb1161e1b634caf37c1f3df4358073312b1a17a2216729f291eba1ec6ab6ff8,source=GBIF; non-commercial licence
fff25733-1f43-487a-a9ad-e28e403a5a9e,SF011,Selar Kuning,Selaroides leptolepis,WILD,train,f92eb1ab0606acf6,INATURALIST,https://www.inaturalist.org/observations/291708003,CC-BY-NC-SA,REVIEW,"(c) sai_yeung_choi, some rights reserved (CC BY-NC-SA)",SELAR_KUNING/inaturalist/fff25733-1f43-487a-a9ad-e28e403a5a9e.jpg,f92eb1ab0606acf68a4e0ff0dcdca39dba9f0e58015d38897c6b0386366c227a,source=INATURALIST; non-commercial licence
00831157-5df3-408c-8324-91561b7d79c2,SF006,Bawal Putih,Pampus argenteus,WILD,train,b292d7c514d8c0a6,WIKIMEDIA_COMMONS,https://commons.wikimedia.org/wiki/File:A_Steam_Silver_pomfret_at_Hong_Kong_style_restaurant.jpg,CC-BY-SA,YES,Own work,BAWAL_PUTIH/wikimedia_commons/00831157-5df3-408c-8324-91561b7d79c2.jpg,b292d7c514d8c0a6eced57db4d1a376ba7954127547f7239f22784f081588cf2,source=WIKIMEDIA_COMMONS; taxon_match=EXACT_CATEGORY
01765290-638c-4ba8-adbb-d2701cab6e83,SF006,Bawal Putih,Pampus argenteus,WILD,val,629f79c4662a14e6,INATURALIST,https://www.inaturalist.org/observations/179475509,CC-BY-NC-SA,REVIEW,"(c) Vivek.N.Rathod, some rights reserved (CC BY-NC-SA)",BAWAL_PUTIH/inaturalist/01765290-638c-4ba8-adbb-d2701cab6e83.jpg,629f79c4662a14e633d3348f77a81644c598f8b7d8813af2d1c6b5074a3cf485,source=INATURALIST; non-commercial licence
0ac20bd2-60e5-45bd-9f54-a7cd45c737d7,SF006,Bawal Putih,Pampus argenteus,WILD,train,0d6615fcc1e5841e,GBIF,https://www.gbif.org/occurrence/890186014,CC-BY-NC,REVIEW,Stromateidae Pampus argenteus,BAWAL_PUTIH/gbif/0ac20bd2-60e5-45bd-9f54-a7cd45c737d7.jpg,0d6615fcc1e5841ec9753e8d5c47a6470f2db39558bb4d7ec766688f8faeaeec,source=GBIF; non-commercial licence
0ae54b9c-e761-4484-8de9-4f465de5a548,SF006,Bawal Putih,Pampus argenteus,WILD,train,4000756cf323c477,GBIF,https://www.gbif.org/occurrence/1055770211,CC-BY,YES,Zoology Accessions Register: Fishes: 1971 - 1985: page 379,BAWAL_PUTIH/gbif/0ae54b9c-e761-4484-8de9-4f465de5a548.jpg,4000756cf323c477065bac53429e6c3edff0c8f1ffab8196e07b921f2daf13b8,source=GBIF
0fee4216-569f-46a5-913a-2c5487e6d62a,SF006,Bawal Putih,Pampus argenteus,WILD,train,5098deb7363a9e9f,GBIF,https://biocase.snsb.info/wrapper/querytool/details.cgi?dsa=SAPMpiscescoll&detail=unit&wrapper_url=http://biocase.snsb.info/wrapper/pywrapper.cgi?dsa=SAPMpiscescoll&schema=http://www.tdwg.org/schemas/abcd/2.06&col=SAPMpiscescoll&cat=SAPM-PI-01953%20/%20536497%20/%20220101,CC-BY-SA,YES,GBIF occ:1851316057/media:http://pictures.snsb.info/SAPMpiscescoll/web/SAPM-PI-019/SAPM-PI-01953_20130710_121008.jpg,BAWAL_PUTIH/gbif/0fee4216-569f-46a5-913a-2c5487e6d62a.jpg,5098deb7363a9e9fb34a6591d7b941727c92e9fc12dfc9811139873d799e6fcb,source=GBIF
109761f1-08f0-44a2-a2a3-fafe3d298d78,SF006,Bawal Putih,Pampus argenteus,WILD,train,b7846a4b09446f9c,GBIF,https://www.gbif.org/occurrence/1055423391,CC-BY,YES,Zoology Accessions Register: Fishes: 1971 - 1985: page 381,BAWAL_PUTIH/gbif/109761f1-08f0-44a2-a2a3-fafe3d298d78.jpg,b7846a4b09446f9c80af3f1ed4ecbf7fa66e8b7c013295162670ecf4dc2a5b72,source=GBIF
1434b681-96e2-4e62-9dac-4c7e3e2eba22,SF006,Bawal Putih,Pampus argenteus,WILD,val,9a61780467f7479c,INATURALIST,https://www.inaturalist.org/observations/188831399,CC-BY-NC,REVIEW,"(c) guanhong, some rights reserved (CC BY-NC)",BAWAL_PUTIH/inaturalist/1434b681-96e2-4e62-9dac-4c7e3e2eba22.jpg,9a61780467f7479c94d6e15b621e86cf429f93be99bfe6578152f4937261fd49,source=INATURALIST; non-commercial licence
165cbf77-6ae5-441a-950a-57330aa23f8e,SF006,Bawal Putih,Pampus argenteus,WILD,train,1cbaf6a7f0410467,INATURALIST,https://www.inaturalist.org/observations/281750241,CC-BY-NC,REVIEW,"(c) 李博恒, some rights reserved (CC BY-NC)",BAWAL_PUTIH/inaturalist/165cbf77-6ae5-441a-950a-57330aa23f8e.jpg,1cbaf6a7f041046703d962195c65c3c5ca6d92e92468779843c9b01506122ec2,source=INATURALIST; non-commercial licence
1df7685f-8554-42e4-b723-b1fbcba115c4,SF006,Bawal Putih,Pampus argenteus,WILD,train,ee43cc6cba3b5880,INATURALIST,https://www.inaturalist.org/observations/100200585,CC-BY-SA,YES,"(c) Ong Jyh Seng, some rights reserved (CC BY-SA)",BAWAL_PUTIH/inaturalist/1df7685f-8554-42e4-b723-b1fbcba115c4.jpg,ee43cc6cba3b5880c196f870072ef6da615dca6076537290778cc10d9affde29,source=INATURALIST
1ec4ac79-8ff6-4e7e-9020-c03109eaf289,SF006,Bawal Putih,Pampus argenteus,WILD,train,d0750bae8884c57c,FISH_VISTA,https://fishair.org/hdr-share/ftp/ark/89609/iDigBio/mnhn/6h63pb31.jpg,CC-BY,YES,mnhn,BAWAL_PUTIH/fish_vista/1ec4ac79-8ff6-4e7e-9020-c03109eaf289.jpg,d0750bae8884c57c7b1470be64c6fe69e7087d534f71edb2f7a42e0acffd2c75,source=FISH_VISTA
2e1b7144-0817-40ee-936d-e368a800b250,SF006,Bawal Putih,Pampus argenteus,WILD,train,b65835dc0a468641,GBIF,https://biocase.snsb.info/wrapper/querytool/details.cgi?dsa=SAPMpiscescoll&detail=unit&wrapper_url=http://biocase.snsb.info/wrapper/pywrapper.cgi?dsa=SAPMpiscescoll&schema=http://www.tdwg.org/schemas/abcd/2.06&col=SAPMpiscescoll&cat=SAPM-PI-01955%20/%20536499%20/%20220104,CC-BY-SA,YES,GBIF occ:1851316210/media:http://pictures.snsb.info/SAPMpiscescoll/web/SAPM-PI-019/SAPM-PI-01955_20130214_110110.jpg,BAWAL_PUTIH/gbif/2e1b7144-0817-40ee-936d-e368a800b250.jpg,b65835dc0a46864126a2b9fcb6c153062aaeb22c1760a2ff901af9b2c2f714b0,source=GBIF
2f589397-f1f4-4325-874d-1b0b9c305a23,SF006,Bawal Putih,Pampus argenteus,WILD,train,0d6ef40290750abd,INATURALIST,https://www.inaturalist.org/observations/103471562,CC-BY-NC-SA,REVIEW,"(c) J. Martin Crossley, some rights reserved (CC BY-NC-SA)",BAWAL_PUTIH/inaturalist/2f589397-f1f4-4325-874d-1b0b9c305a23.jpg,0d6ef40290750abd4f3ef28b70ce87e0ec66379d65c45209675bfd1758a86a11,source=INATURALIST; non-commercial licence
32406e7f-38e9-4272-bef0-5181d51d238f,SF006,Bawal Putih,Pampus argenteus,WILD,val,d2edfb7be1b47ec4,GBIF,https://www.gbif.org/occurrence/1056194997,CC-BY,YES,"BMNH 1889.2.1.3308-3309, Stromateus cinereus b",BAWAL_PUTIH/gbif/32406e7f-38e9-4272-bef0-5181d51d238f.jpg,d2edfb7be1b47ec4d042d431fa5da59c350ccdfbdd4f2caddc3c85f01a9a9732,source=GBIF
35fc3ec6-ff39-45cd-95d5-057baac8b2fb,SF006,Bawal Putih,Pampus argenteus,WILD,test_clean,e5bd7b2c53331664,INATURALIST,https://www.inaturalist.org/observations/312369348,CC-BY-NC,REVIEW,"(c) orcinusss, some rights reserved (CC BY-NC)",BAWAL_PUTIH/inaturalist/35fc3ec6-ff39-45cd-95d5-057baac8b2fb.jpg,e5bd7b2c53331664c2cbd30034446a5d219e443978038527013c2ac4dda15053,source=INATURALIST; non-commercial licence
3b54922b-fddc-4ec6-9145-e0ee742ceb61,SF006,Bawal Putih,Pampus argenteus,WILD,train,501fa74974544829,FISH_VISTA,https://fishair.org/hdr-share/ftp/ark/89609/iDigBio/mnhn/36823k9b.jpg,CC-BY,YES,mnhn,BAWAL_PUTIH/fish_vista/3b54922b-fddc-4ec6-9145-e0ee742ceb61.jpg,501fa74974544829e22862e2ecc97bbab66e131ac4d27b00544544e5eec7d245,source=FISH_VISTA
3d7c22ba-b4e5-4691-933d-4fd75c3fea67,SF006,Bawal Putih,Pampus argenteus,WILD,train,2e7b83aff7b168ea,GBIF,https://biocase.snsb.info/wrapper/querytool/details.cgi?dsa=SAPMpiscescoll&detail=unit&wrapper_url=http://biocase.snsb.info/wrapper/pywrapper.cgi?dsa=SAPMpiscescoll&schema=http://www.tdwg.org/schemas/abcd/2.06&col=SAPMpiscescoll&cat=SAPM-PI-01954%20/%20536498%20/%20SAPM-PI-03733,CC-BY-SA,YES,GBIF occ:1851316154/media:http://pictures.snsb.info/SAPMpiscescoll/web/SAPM-PI-019/SAPM-PI-01954_20130905_170828.jpg,BAWAL_PUTIH/gbif/3d7c22ba-b4e5-4691-933d-4fd75c3fea67.jpg,2e7b83aff7b168eaac595c76e93b4902534360f25d41942b1970e588a08d756b,source=GBIF
44560f2e-efab-433b-b94a-99b9e0e966c2,SF006,Bawal Putih,Pampus argenteus,WILD,train,4feb1e1f18510880,GBIF,https://biocase.snsb.info/wrapper/querytool/details.cgi?dsa=SAPMpiscescoll&detail=unit&wrapper_url=http://biocase.snsb.info/wrapper/pywrapper.cgi?dsa=SAPMpiscescoll&schema=http://www.tdwg.org/schemas/abcd/2.06&col=SAPMpiscescoll&cat=SAPM-PI-01955%20/%20536499%20/%20SAPM-PI-03734,CC-BY-SA,YES,GBIF occ:1851316214/media:http://pictures.snsb.info/SAPMpiscescoll/web/SAPM-PI-019/SAPM-PI-01955_20130905_171022.jpg,BAWAL_PUTIH/gbif/44560f2e-efab-433b-b94a-99b9e0e966c2.jpg,4feb1e1f18510880b3883979fc37ca06ae74644728a6c7bd1fd0b7c97ff820fc,source=GBIF
47c360a5-82c6-424c-ac75-0cd593f001c5,SF006,Bawal Putih,Pampus argenteus,WILD,test_clean,35063955247d7642,GBIF,https://www.gbif.org/occurrence/1057428625,CC-BY,YES,Zoology Accessions Register: Fishes: 1986 - 1994: page 38,BAWAL_PUTIH/gbif/47c360a5-82c6-424c-ac75-0cd593f001c5.jpg,35063955247d7642752ff3fd4a00eeb73231e16a1a56e449d3d7485714e4ab41,source=GBIF
49480f66-63fb-4cee-85f9-11a3484bb785,SF006,Bawal Putih,Pampus argenteus,WILD,test_clean,cd4f2180ef1cb60b,INATURALIST,https://www.inaturalist.org/observations/312600465,CC-BY-NC,REVIEW,"(c) orcinusss, some rights reserved (CC BY-NC)",BAWAL_PUTIH/inaturalist/49480f66-63fb-4cee-85f9-11a3484bb785.jpg,cd4f2180ef1cb60b90695f51855f378505c8b0bfe11cdc860b2b6b05123b62f8,source=INATURALIST; non-commercial licence
567b8053-55ac-4ff6-81ec-cb6ce047310b,SF006,Bawal Putih,Pampus argenteus,WILD,val,a8be8b58781a3030,GBIF,https://www.gbif.org/occurrence/890186014,CC-BY-NC,REVIEW,Stromateidae Pampus argenteus,BAWAL_PUTIH/gbif/567b8053-55ac-4ff6-81ec-cb6ce047310b.jpg,a8be8b58781a303085508653db403c46946b10a9f48abd20c1bdd5e170b1b241,source=GBIF; non-commercial licence
5997ec31-c9b9-4f2b-9c0c-2282edba28d0,SF006,Bawal Putih,Pampus argenteus,WILD,train,7294b095f3795c7e,GBIF,https://www.gbif.org/occurrence/1056194997,CC-BY,YES,Zoology Accessions Register: Reptiles & Fishes: 1878 - 1892: page 290,BAWAL_PUTIH/gbif/5997ec31-c9b9-4f2b-9c0c-2282edba28d0.jpg,7294b095f3795c7e5d9ebe9fa23800b42076ddce9d4fdc6013849e1544968a92,source=GBIF
5a79f62e-eeeb-49a1-9f44-405eeae022a8,SF006,Bawal Putih,Pampus argenteus,WILD,train,af373e508d33f473,INATURALIST,https://www.inaturalist.org/observations/126769161,CC-BY-NC,REVIEW,"(c) Ganjar Cahyadi, some rights reserved (CC BY-NC)",BAWAL_PUTIH/inaturalist/5a79f62e-eeeb-49a1-9f44-405eeae022a8.jpg,af373e508d33f473058146a1ffaad08b907a7b7f1be4d78aee4a3e9bf843ab90,source=INATURALIST; non-commercial licence
5ef4ddd4-a857-4e52-93a0-73aae7ca6e38,SF006,Bawal Putih,Pampus argenteus,WILD,val,458c3dc14bf9938e,GBIF,https://www.gbif.org/occurrence/1055498519,CC-BY,YES,Zoology Accessions Register: Reptiles & Fishes: 1893 - 1903: page 341,BAWAL_PUTIH/gbif/5ef4ddd4-a857-4e52-93a0-73aae7ca6e38.jpg,458c3dc14bf9938edbf2be3b74f8ebe8b22afe0ac8f07312c1304495bffe8d11,source=GBIF
67c14731-c799-46ce-b258-ad42af99c29b,SF006,Bawal Putih,Pampus argenteus,WILD,train,0fbadb466dc6949a,GBIF,https://biocase.snsb.info/wrapper/querytool/details.cgi?dsa=SAPMpiscescoll&detail=unit&wrapper_url=http://biocase.snsb.info/wrapper/pywrapper.cgi?dsa=SAPMpiscescoll&schema=http://www.tdwg.org/schemas/abcd/2.06&col=SAPMpiscescoll&cat=SAPM-PI-01956%20/%20536500%20/%20220105,CC-BY-SA,YES,GBIF occ:1851316142/media:http://pictures.snsb.info/SAPMpiscescoll/web/SAPM-PI-019/SAPM-PI-01956_20130214_110700.jpg,BAWAL_PUTIH/gbif/67c14731-c799-46ce-b258-ad42af99c29b.jpg,0fbadb466dc6949a21dddb16022e497c2e3f912ae3e92819642fcaa73d41fc69,source=GBIF
68271176-ba4d-4452-a81d-30893116fe71,SF006,Bawal Putih,Pampus argenteus,WILD,train,55bf525d484d60db,INATURALIST,https://www.inaturalist.org/observations/188831399,CC-BY-NC,REVIEW,"(c) guanhong, some rights reserved (CC BY-NC)",BAWAL_PUTIH/inaturalist/68271176-ba4d-4452-a81d-30893116fe71.jpg,55bf525d484d60db656ad7d8d1147ca0b4a8d00752b62d71d275fcccf5d5af2f,source=INATURALIST; non-commercial licence
6a736f2e-e221-4f5a-b05b-7728fcb5568d,SF006,Bawal Putih,Pampus argenteus,WILD,val,6ccdbb03dc58d7c6,INATURALIST,https://www.inaturalist.org/observations/302555175,CC-BY-NC-SA,REVIEW,"(c) Vivek.N.Rathod, some rights reserved (CC BY-NC-SA)",BAWAL_PUTIH/inaturalist/6a736f2e-e221-4f5a-b05b-7728fcb5568d.jpg,6ccdbb03dc58d7c6ee03afb6f0fbe5220240840bb94a4677fb96fcbf42714f7f,source=INATURALIST; non-commercial licence
6ca6a33b-8944-4e28-bc18-44154d33a05e,SF006,Bawal Putih,Pampus argenteus,WILD,train,a2755a810b61d988,GBIF,https://biocase.snsb.info/wrapper/querytool/details.cgi?dsa=SAPMpiscescoll&detail=unit&wrapper_url=http://biocase.snsb.info/wrapper/pywrapper.cgi?dsa=SAPMpiscescoll&schema=http://www.tdwg.org/schemas/abcd/2.06&col=SAPMpiscescoll&cat=SAPM-PI-01956%20/%20536500%20/%20SAPM-PI-03735,CC-BY-SA,YES,GBIF occ:1851316156/media:http://pictures.snsb.info/SAPMpiscescoll/web/SAPM-PI-019/SAPM-PI-01956_20130905_171514.jpg,BAWAL_PUTIH/gbif/6ca6a33b-8944-4e28-bc18-44154d33a05e.jpg,a2755a810b61d9884287479b292ac8abc06b373e28baf46bedb8909689c272c9,source=GBIF
6d180e33-b371-4ba2-bd5c-7aac2b4f0bb1,SF006,Bawal Putih,Pampus argenteus,WILD,train,fbf7006ce3d392eb,INATURALIST,https://www.inaturalist.org/observations/62263265,CC-BY-NC,REVIEW,"(c) tern911, some rights reserved (CC BY-NC)",BAWAL_PUTIH/inaturalist/6d180e33-b371-4ba2-bd5c-7aac2b4f0bb1.jpg,fbf7006ce3d392eb3a2ccd5ffc0926ef7d6ac5631dc00f41dde9a9618f89f073,source=INATURALIST; non-commercial licence
7853162b-6429-40c5-8db2-bb41ab6b8cf2,SF006,Bawal Putih,Pampus argenteus,WILD,train,80081851184627bd,INATURALIST,https://www.inaturalist.org/observations/60994337,CC-BY-NC,REVIEW,"(c) Kaustubh Sandip Warde, some rights reserved (CC BY-NC)",BAWAL_PUTIH/inaturalist/7853162b-6429-40c5-8db2-bb41ab6b8cf2.jpg,80081851184627bdfdaf66181b37ea53de48f491b4fa47ee1e5eea65fc4db76d,source=INATURALIST; non-commercial licence
790ec922-e3c5-46b4-9eea-782a5747dcb2,SF006,Bawal Putih,Pampus argenteus,WILD,train,234e0101df1a3776,GBIF,https://www.gbif.org/occurrence/1056798029,CC-BY,YES,Zoology Accessions Register: Mammals: 1846 - 1849: page 44,BAWAL_PUTIH/gbif/790ec922-e3c5-46b4-9eea-782a5747dcb2.jpg,234e0101df1a3776babb6ba408447354b916b70676b969ae911c3ed4c289ce07,source=GBIF
7d9b03e7-8faf-4cbd-bef2-e21c0c3aa1dd,SF006,Bawal Putih,Pampus argenteus,WILD,train,c03b7a14df8a7664,WIKIMEDIA_COMMONS,https://commons.wikimedia.org/wiki/File:White_Pomfret.JPG,CC-BY-SA,YES,Own work,BAWAL_PUTIH/wikimedia_commons/7d9b03e7-8faf-4cbd-bef2-e21c0c3aa1dd.jpg,c03b7a14df8a7664cd469958b585af1955a0e1775500006d1238787cdcdeb640,source=WIKIMEDIA_COMMONS; taxon_match=EXACT_CATEGORY
82e652ad-73e2-400e-aeaa-5b7f1007a939,SF006,Bawal Putih,Pampus argenteus,WILD,train,17b2c4d79e6ba9d6,INATURALIST,https://www.inaturalist.org/observations/64661328,CC-BY-NC,REVIEW,"(c) tern911, some rights reserved (CC BY-NC)",BAWAL_PUTIH/inaturalist/82e652ad-73e2-400e-aeaa-5b7f1007a939.jpg,17b2c4d79e6ba9d6a6531ff8fbb87dd818bfcb0d3e1015b8f6d1e2da753e062d,source=INATURALIST; non-commercial licence
87037f3e-68ef-461f-89f2-e06b16e73c1f,SF006,Bawal Putih,Pampus argenteus,WILD,test_clean,9d7f9085328a705c,INATURALIST,https://www.inaturalist.org/observations/62961775,CC-BY,YES,"(c) Navaneeth Sini George, some rights reserved (CC BY)",BAWAL_PUTIH/inaturalist/87037f3e-68ef-461f-89f2-e06b16e73c1f.jpg,9d7f9085328a705c432af0d2d5d70f233f6fa4560b108e8602d6a415afff8728,source=INATURALIST
94549f58-0c2c-469a-a7af-1ab7c4d3c24c,SF006,Bawal Putih,Pampus argenteus,WILD,val,95f171d6d0f7946f,INATURALIST,https://www.inaturalist.org/observations/179475509,CC-BY-NC-SA,REVIEW,"(c) Vivek.N.Rathod, some rights reserved (CC BY-NC-SA)",BAWAL_PUTIH/inaturalist/94549f58-0c2c-469a-a7af-1ab7c4d3c24c.jpg,95f171d6d0f7946fbdc717299978767db9868b43c51003cce60a0c58a9b6059d,source=INATURALIST; non-commercial licence
95ba98b3-540d-47bc-8b56-147644b28229,SF006,Bawal Putih,Pampus argenteus,WILD,train,e7871b593b1e9fef,FISH_VISTA,https://fishair.org/hdr-share/ftp/ark/89609/morphbank/h327s94z.jpeg,CC-BY-NC-SA,REVIEW,Morphbank,BAWAL_PUTIH/fish_vista/95ba98b3-540d-47bc-8b56-147644b28229.jpg,e7871b593b1e9fef1e142d4d2d02cfcd385e2b919b69feae7cf3056552245407,source=FISH_VISTA; non-commercial licence
9ae9e96f-1381-4b77-bc46-e43afb69a249,SF006,Bawal Putih,Pampus argenteus,WILD,train,0ce1545d8f070aa4,GBIF,https://biocase.snsb.info/wrapper/querytool/details.cgi?dsa=SAPMpiscescoll&detail=unit&wrapper_url=http://biocase.snsb.info/wrapper/pywrapper.cgi?dsa=SAPMpiscescoll&schema=http://www.tdwg.org/schemas/abcd/2.06&col=SAPMpiscescoll&cat=SAPM-PI-01954%20/%20536498%20/%20SAPM-PI-03733,CC-BY-SA,YES,GBIF occ:1851316154/media:http://pictures.snsb.info/SAPMpiscescoll/web/SAPM-PI-019/SAPM-PI-01954_20130905_170652.jpg,BAWAL_PUTIH/gbif/9ae9e96f-1381-4b77-bc46-e43afb69a249.jpg,0ce1545d8f070aa4edf0670b5971b9ade2e65efa337e701c0ef37b2b32701fbd,source=GBIF
9b4f0e8a-2773-41a2-9dd9-82217f50d41e,SF006,Bawal Putih,Pampus argenteus,WILD,train,0997fd26e5e6c09e,INATURALIST,https://www.inaturalist.org/observations/257431193,CC-BY-NC,REVIEW,"(c) JIN Pin-Tsen, some rights reserved (CC BY-NC)",BAWAL_PUTIH/inaturalist/9b4f0e8a-2773-41a2-9dd9-82217f50d41e.jpg,0997fd26e5e6c09e1e2e495baa590ce529276ce1be261541d216af2137815ab8,source=INATURALIST; non-commercial licence
9cf9686a-bef4-46e0-bf5f-2a9b0e19c207,SF006,Bawal Putih,Pampus argenteus,WILD,train,5205acb05b9a3823,INATURALIST,https://www.inaturalist.org/observations/226410357,CC-BY-NC,REVIEW,"(c) Niran Anurakpongsathorn, some rights reserved (CC BY-NC)",BAWAL_PUTIH/inaturalist/9cf9686a-bef4-46e0-bf5f-2a9b0e19c207.jpg,5205acb05b9a3823c45bfabf1fc9b5410f82646d033b074c4ccfc8af161745b1,source=INATURALIST; non-commercial licence
9ea4b2db-460e-48e6-bc38-a79fc70df074,SF006,Bawal Putih,Pampus argenteus,WILD,train,7212097b71db9107,INATURALIST,https://www.inaturalist.org/observations/169504677,CC-BY-SA,YES,"(c) Ong Jyh Seng, some rights reserved (CC BY-SA)",BAWAL_PUTIH/inaturalist/9ea4b2db-460e-48e6-bc38-a79fc70df074.jpg,7212097b71db91076bb093214a476c8398ca1e2429d8da8da1074266d692a396,source=INATURALIST
a1f2e55c-b691-451f-92ec-c9d52c14d3f9,SF006,Bawal Putih,Pampus argenteus,WILD,train,763192607a7c3a4f,GBIF,https://biocase.snsb.info/wrapper/querytool/details.cgi?dsa=SAPMpiscescoll&detail=unit&wrapper_url=http://biocase.snsb.info/wrapper/pywrapper.cgi?dsa=SAPMpiscescoll&schema=http://www.tdwg.org/schemas/abcd/2.06&col=SAPMpiscescoll&cat=SAPM-PI-01955%20/%20536499%20/%20SAPM-PI-03734,CC-BY-SA,YES,GBIF occ:1851316214/media:http://pictures.snsb.info/SAPMpiscescoll/web/SAPM-PI-019/SAPM-PI-01955_20130905_171245.jpg,BAWAL_PUTIH/gbif/a1f2e55c-b691-451f-92ec-c9d52c14d3f9.jpg,763192607a7c3a4f6e51d9dd86a20493164165ddad32b9946235d8146b63bfce,source=GBIF
a7ed034f-216c-4ee4-9469-917ede09a921,SF006,Bawal Putih,Pampus argenteus,WILD,train,50aca1b698763399,WIKIMEDIA_COMMONS,https://commons.wikimedia.org/wiki/File:Pampus_argenteus_1.jpg,CC-BY,YES,http://fishbase.de/photos/thumbnailssummary.php?Genus=Pampus&Species=argenteus#,BAWAL_PUTIH/wikimedia_commons/a7ed034f-216c-4ee4-9469-917ede09a921.jpg,50aca1b698763399685c1f0613e95f0f6b081a548b4e903f6eeaf9705ee57b01,source=WIKIMEDIA_COMMONS; taxon_match=EXACT_CATEGORY
afd92d53-8be5-41d2-b9ee-d79c1777dcb3,SF006,Bawal Putih,Pampus argenteus,WILD,train,86320dfd50c97ba0,GBIF,https://www.gbif.org/occurrence/1055423391,CC-BY,YES,Zoology Accessions Register: Fishes: 1971 - 1985: page 381B,BAWAL_PUTIH/gbif/afd92d53-8be5-41d2-b9ee-d79c1777dcb3.jpg,86320dfd50c97ba0f354902cf2e9cfccd8264a112dc97b2ad0f3f2df37dba011,source=GBIF
b8c027d8-3336-4ec6-bf60-cdf8290d2f80,SF006,Bawal Putih,Pampus argenteus,WILD,test_clean,ef7b2368a569e19d,INATURALIST,https://www.inaturalist.org/observations/155860510,CC-BY-NC,REVIEW,"(c) Niran Anurakpongsathorn, some rights reserved (CC BY-NC)",BAWAL_PUTIH/inaturalist/b8c027d8-3336-4ec6-bf60-cdf8290d2f80.jpg,ef7b2368a569e19db2d0ece557cc7e1a1083605744163a27f7e05b6c0a6af582,source=INATURALIST; non-commercial licence
bb065bff-d415-4983-bd5f-6a333eebdc94,SF006,Bawal Putih,Pampus argenteus,WILD,test_clean,6b3a4371841edf08,FISH_VISTA,https://fishair.org/hdr-share/ftp/ark/89609/iDigBio/nhmuk/j244df51.jpg,CC-BY,YES,nhmuk,BAWAL_PUTIH/fish_vista/bb065bff-d415-4983-bd5f-6a333eebdc94.jpg,6b3a4371841edf08231ee9df25cd58b3239af7cc447f78ba6b8edaff49b78488,source=FISH_VISTA
bd03f7de-8194-41eb-9285-855aacd12113,SF006,Bawal Putih,Pampus argenteus,WILD,train,91464f980ee44e75,INATURALIST,https://www.inaturalist.org/observations/62961775,CC-BY,YES,"(c) Navaneeth Sini George, some rights reserved (CC BY)",BAWAL_PUTIH/inaturalist/bd03f7de-8194-41eb-9285-855aacd12113.jpg,91464f980ee44e75528f3395a75b2a24ba45bbf4d3ddb3c7357fbef9f7d82854,source=INATURALIST
c0071bce-1f8d-4adf-b776-2fd872f13626,SF006,Bawal Putih,Pampus argenteus,WILD,train,6fb5ad1f864af235,GBIF,https://biocase.snsb.info/wrapper/querytool/details.cgi?dsa=SAPMpiscescoll&detail=unit&wrapper_url=http://biocase.snsb.info/wrapper/pywrapper.cgi?dsa=SAPMpiscescoll&schema=http://www.tdwg.org/schemas/abcd/2.06&col=SAPMpiscescoll&cat=SAPM-PI-01956%20/%20536500%20/%20SAPM-PI-03735,CC-BY-SA,YES,GBIF occ:1851316156/media:http://pictures.snsb.info/SAPMpiscescoll/web/SAPM-PI-019/SAPM-PI-01956_20130905_171922.jpg,BAWAL_PUTIH/gbif/c0071bce-1f8d-4adf-b776-2fd872f13626.jpg,6fb5ad1f864af23506714c3306cf3e61b042a7f8cd32a9f4fc8694b58bbc0b15,source=GBIF
c118589d-9c67-4c9a-a62d-21d43f52256f,SF006,Bawal Putih,Pampus argenteus,WILD,train,735b4bbe2035d8d3,INATURALIST,https://www.inaturalist.org/observations/104938739,CC-BY-NC,REVIEW,"(c) sergeymakeev, some rights reserved (CC BY-NC)",BAWAL_PUTIH/inaturalist/c118589d-9c67-4c9a-a62d-21d43f52256f.jpg,735b4bbe2035d8d3f657071afd1ad7bce40adbbcf8539dae18ce48c280065397,source=INATURALIST; non-commercial licence
c2f1d444-0663-4a9d-bbbe-9d33eb1d25c3,SF006,Bawal Putih,Pampus argenteus,WILD,test_clean,841f72e5fa09a1fb,INATURALIST,https://www.inaturalist.org/observations/179475509,CC-BY-NC-SA,REVIEW,"(c) Vivek.N.Rathod, some rights reserved (CC BY-NC-SA)",BAWAL_PUTIH/inaturalist/c2f1d444-0663-4a9d-bbbe-9d33eb1d25c3.jpg,841f72e5fa09a1fb0fe0ac06ec12650fec6c8ed070398fac0935477b956ec866,source=INATURALIST; non-commercial licence
c50f4ca5-128f-4a48-830e-bb249a203190,SF006,Bawal Putih,Pampus argenteus,WILD,test_clean,11f08a0412991c13,WIKIMEDIA_COMMONS,https://commons.wikimedia.org/wiki/File:Pampus_argenteus_Saigon_market.JPG,CC-BY-SA,YES,Own work,BAWAL_PUTIH/wikimedia_commons/c50f4ca5-128f-4a48-830e-bb249a203190.jpg,11f08a0412991c13d55cffa4f1f7a1b983b02d4163737d3ced24cf7db6bac80b,source=WIKIMEDIA_COMMONS; taxon_match=EXACT_CATEGORY
cdadafec-64fb-437c-8d5b-dc66859df71a,SF006,Bawal Putih,Pampus argenteus,WILD,train,cb91d8f850cc9bdf,GBIF,https://biocase.snsb.info/wrapper/querytool/details.cgi?dsa=SAPMpiscescoll&detail=unit&wrapper_url=http://biocase.snsb.info/wrapper/pywrapper.cgi?dsa=SAPMpiscescoll&schema=http://www.tdwg.org/schemas/abcd/2.06&col=SAPMpiscescoll&cat=SAPM-PI-01954%20/%20536498%20/%20SAPM-PI-03733,CC-BY-SA,YES,GBIF occ:1851316154/media:http://pictures.snsb.info/SAPMpiscescoll/web/SAPM-PI-019/SAPM-PI-01954_20130214_110246.jpg,BAWAL_PUTIH/gbif/cdadafec-64fb-437c-8d5b-dc66859df71a.jpg,cb91d8f850cc9bdf4d8f7c780c710bf53cd0849ff54899f39f77c4fbda6ec063,source=GBIF
efe7c916-6671-4445-bc9d-6f74d02ee877,SF006,Bawal Putih,Pampus argenteus,WILD,val,c5a77da995670d46,INATURALIST,https://www.inaturalist.org/observations/60439815,CC-BY-NC,REVIEW,"(c) Kaustubh Sandip Warde, some rights reserved (CC BY-NC)",BAWAL_PUTIH/inaturalist/efe7c916-6671-4445-bc9d-6f74d02ee877.jpg,c5a77da995670d46e3c860fbcc163f443de692bf195319ea5085758295178cea,source=INATURALIST; non-commercial licence
f4f0715d-b0ce-4c1f-8087-fad03cc42859,SF006,Bawal Putih,Pampus argenteus,WILD,train,02c8a9013807d6bb,GBIF,https://www.inaturalist.org/observations/252362460,CC-BY-NC,REVIEW,pelagis_05,BAWAL_PUTIH/gbif/f4f0715d-b0ce-4c1f-8087-fad03cc42859.jpg,02c8a9013807d6bb576cc56dd2600376fc0bacc78aca5885de1f1e5a39463ab3,source=GBIF; non-commercial licence
fbe568b7-ace2-463a-94a5-c3b1a92b3eaa,SF006,Bawal Putih,Pampus argenteus,WILD,train,4ae12e638050e795,GBIF,https://www.gbif.org/occurrence/1056194997,CC-BY,YES,"BMNH 1889.2.1.3308-3309, Stromateus cinereus a",BAWAL_PUTIH/gbif/fbe568b7-ace2-463a-94a5-c3b1a92b3eaa.jpg,4ae12e638050e795ddefe445f408149a1a2673ef522e9ee82b532e4a3526f14a,source=GBIF
05904c70-080a-400a-a0c8-d99fff271f71,SF002,Bawal Hitam,Parastromateus niger,WILD,train,872fab9ee9d45539,INATURALIST,https://www.inaturalist.org/observations/364141578,CC-BY-NC,REVIEW,"(c) Dr. Karri Rama Rao, some rights reserved (CC BY-NC)",BAWAL_HITAM/inaturalist/05904c70-080a-400a-a0c8-d99fff271f71.jpg,872fab9ee9d45539418798498ab64f4eb05607493cf166717832ef85caf6ed52,source=INATURALIST; non-commercial licence
061b7a89-4d11-4228-9337-fa032c5dfab9,SF002,Bawal Hitam,Parastromateus niger,WILD,train,7d460c12686a5e39,INATURALIST,https://www.inaturalist.org/observations/146991379,CC-BY-SA,YES,"(c) Ong Jyh Seng, some rights reserved (CC BY-SA)",BAWAL_HITAM/inaturalist/061b7a89-4d11-4228-9337-fa032c5dfab9.jpg,7d460c12686a5e39ca54c0db82b0bebe7293ae51b9aa0c7c0b18ac2caaead7b7,source=INATURALIST
091d565b-e18d-4b67-bd4e-28a893cf2f91,SF002,Bawal Hitam,Parastromateus niger,WILD,train,fc863776fc056621,GBIF,https://portal.boldsystems.org/record/PHILU032-18,CC-BY-NC,REVIEW,PHILU032-18 Lateral,BAWAL_HITAM/gbif/091d565b-e18d-4b67-bd4e-28a893cf2f91.jpg,fc863776fc0566213474abc0b941489837881e0d09eaa3956392fdbc13b5a9d7,source=GBIF; non-commercial licence
09b83e32-8388-44ec-808d-a9f157f1fb27,SF002,Bawal Hitam,Parastromateus niger,WILD,train,0808c029bc067971,GBIF,https://www.gbif.org/occurrence/1320714342,CC0,YES,Parastromateus niger RAD126935-001,BAWAL_HITAM/gbif/09b83e32-8388-44ec-808d-a9f157f1fb27.jpg,0808c029bc067971b476f3d75cf63b5103cc420981812257120092475bf1e3c2,source=GBIF
0a64e6da-4ca0-4884-a6c2-55a1cc52aa8e,SF002,Bawal Hitam,Parastromateus niger,WILD,val,930d1e88f60ee2aa,INATURALIST,https://www.inaturalist.org/observations/316019993,CC-BY-NC-SA,REVIEW,"(c) Vivek.N.Rathod, some rights reserved (CC BY-NC-SA)",BAWAL_HITAM/inaturalist/0a64e6da-4ca0-4884-a6c2-55a1cc52aa8e.jpg,930d1e88f60ee2aa5fb3c32c2fbf9213f6c793543df55d05f8e333af3e986f80,source=INATURALIST; non-commercial licence
0c4d0cab-bd8b-4711-891a-ec4479e0e9e3,SF002,Bawal Hitam,Parastromateus niger,WILD,train,1239089935d314b9,INATURALIST,https://www.inaturalist.org/observations/291122721,CC-BY-NC-SA,REVIEW,"(c) Vivek.N.Rathod, some rights reserved (CC BY-NC-SA)",BAWAL_HITAM/inaturalist/0c4d0cab-bd8b-4711-891a-ec4479e0e9e3.jpg,1239089935d314b92b236a28e1c57e76ad182c1ba1eaecdffdaa84d495995f3a,source=INATURALIST; non-commercial licence
0e1eb084-ee6a-4247-a3f1-e4ff924f40b9,SF002,Bawal Hitam,Parastromateus niger,WILD,train,428e9cc8e5051046,INATURALIST,https://www.inaturalist.org/observations/211353430,CC-BY-NC,REVIEW,"(c) Phuwarin Suchartbunmak, some rights reserved (CC BY-NC)",BAWAL_HITAM/inaturalist/0e1eb084-ee6a-4247-a3f1-e4ff924f40b9.jpg,428e9cc8e5051046d63c36c43d333d06b7cfd2222c6ff76f2b69055c86611710,source=INATURALIST; non-commercial licence
0ec99a32-0f9f-4bda-8124-b6b15c003d83,SF002,Bawal Hitam,Parastromateus niger,WILD,train,9cf356771f0eaf8a,INATURALIST,https://www.inaturalist.org/observations/145654799,CC-BY-SA,YES,"(c) Ong Jyh Seng, some rights reserved (CC BY-SA)",BAWAL_HITAM/inaturalist/0ec99a32-0f9f-4bda-8124-b6b15c003d83.jpg,9cf356771f0eaf8a2468341bf13547fdce53ffe71ba74bc617b04e285fff1539,source=INATURALIST
0ed684d0-d5d6-4383-ad4d-d6e84c2ecbe9,SF002,Bawal Hitam,Parastromateus niger,WILD,train,37be17ea28b1029f,INATURALIST,https://www.inaturalist.org/observations/169519524,CC-BY-NC,REVIEW,"(c) Niran Anurakpongsathorn, some rights reserved (CC BY-NC)",BAWAL_HITAM/inaturalist/0ed684d0-d5d6-4383-ad4d-d6e84c2ecbe9.jpg,37be17ea28b1029f441cef948c21ebcfae77aa45aa3ff6326378dc8c2a2c2fd6,source=INATURALIST; non-commercial licence
0ef32ba4-2cff-4ecd-9c52-065203511005,SF002,Bawal Hitam,Parastromateus niger,WILD,train,72fbaba963052829,INATURALIST,https://www.inaturalist.org/observations/202015714,CC-BY-NC-SA,REVIEW,"(c) Vivek.N.Rathod, some rights reserved (CC BY-NC-SA)",BAWAL_HITAM/inaturalist/0ef32ba4-2cff-4ecd-9c52-065203511005.jpg,72fbaba96305282906dda914695ac3cbdbecfaa27fce6282c9842af6a8fba013,source=INATURALIST; non-commercial licence
0ef6a778-6673-4179-bd25-282e337d0bca,SF002,Bawal Hitam,Parastromateus niger,WILD,train,c200c72bfcb57505,INATURALIST,https://www.inaturalist.org/observations/197996112,CC0,YES,no rights reserved,BAWAL_HITAM/inaturalist/0ef6a778-6673-4179-bd25-282e337d0bca.jpg,c200c72bfcb57505a2b6b613cab7b3b888df00c28bf41370b8e3003af815e712,source=INATURALIST
0fed06aa-ff8c-45c7-bafb-9f7a250a0255,SF002,Bawal Hitam,Parastromateus niger,WILD,val,93c1985538dcbbb8,GBIF,https://portal.boldsystems.org/record/SAIAD332-11,CC-BY-NC-SA,REVIEW,SAIAD332-11 Lateral,BAWAL_HITAM/gbif/0fed06aa-ff8c-45c7-bafb-9f7a250a0255.jpg,93c1985538dcbbb8b4572c7b2c072528b60b059aef2dc709b0f56fff25fc097e,source=GBIF; non-commercial licence
12217f38-cc72-4af1-bc0c-bc1888cbf550,SF002,Bawal Hitam,Parastromateus niger,WILD,test_clean,fb4fe7079b9c8c1b,ATLAS_OF_LIVING_AUSTRALIA,https://www.inaturalist.org/observations/338267457,CC-BY,YES,James H,BAWAL_HITAM/atlas_of_living_australia/12217f38-cc72-4af1-bc0c-bc1888cbf550.jpg,fb4fe7079b9c8c1b58f3e502943c445e5bcbec956201b77470948d42807274d7,source=ATLAS_OF_LIVING_AUSTRALIA
134ca602-ad30-44c7-828b-cec816370ed1,SF002,Bawal Hitam,Parastromateus niger,WILD,train,fc7bbe5e76712f8d,FISH_VISTA,https://fishair.org/hdr-share/ftp/ark/89609/iDigBio/uf/qt87sj12.jpg,CC-BY-NC,REVIEW,uf,BAWAL_HITAM/fish_vista/134ca602-ad30-44c7-828b-cec816370ed1.jpg,fc7bbe5e76712f8dc628d808644420c3e95a469c86f13a72825714d74fa1b2e4,source=FISH_VISTA; non-commercial licence
13e3e4b1-1d3b-42a1-bdde-d936fe62deaf,SF002,Bawal Hitam,Parastromateus niger,WILD,train,a9a59422b7a7e473,INATURALIST,https://www.inaturalist.org/observations/210918775,CC-BY-NC,REVIEW,"(c) Phakawat Kittikhunodom, some rights reserved (CC BY-NC)",BAWAL_HITAM/inaturalist/13e3e4b1-1d3b-42a1-bdde-d936fe62deaf.jpg,a9a59422b7a7e473ef514f188316be3d23776dc2caf02c5809ab48f7495b3b87,source=INATURALIST; non-commercial licence
1417b319-9580-4ec9-b0c4-03da4f226217,SF002,Bawal Hitam,Parastromateus niger,WILD,train,ceb71fddac0e5855,INATURALIST,https://www.inaturalist.org/observations/381152085,CC-BY,YES,"(c) Ashwin Srinivasan, some rights reserved (CC BY)",BAWAL_HITAM/inaturalist/1417b319-9580-4ec9-b0c4-03da4f226217.jpg,ceb71fddac0e5855964c09c1365f1f8e5b00a04a3b4a2fd0a6f60d36634d2d4a,source=INATURALIST
1565e56d-ca81-41b6-b6dc-aa3b4aaf1ae7,SF002,Bawal Hitam,Parastromateus niger,WILD,test_clean,a5501f2543447d3f,INATURALIST,https://www.inaturalist.org/observations/253726205,CC-BY-NC-SA,REVIEW,"(c) Vivek.N.Rathod, some rights reserved (CC BY-NC-SA)",BAWAL_HITAM/inaturalist/1565e56d-ca81-41b6-b6dc-aa3b4aaf1ae7.jpg,a5501f2543447d3f4e100f0b01ef3f40a1ce2a15a64d4f3ccb2b755b605a9baf,source=INATURALIST; non-commercial licence
1583df5b-0099-4ac8-8048-ddeac881b98f,SF002,Bawal Hitam,Parastromateus niger,WILD,train,475ad6f98b0ed9ba,ATLAS_OF_LIVING_AUSTRALIA,https://www.inaturalist.org/observations/163772396,CC-BY-NC,REVIEW,Andrejs Medenis,BAWAL_HITAM/atlas_of_living_australia/1583df5b-0099-4ac8-8048-ddeac881b98f.jpg,475ad6f98b0ed9baaccbca8b4fabd4f2b887266ec11ddcce84cb843c7f2d04ce,source=ATLAS_OF_LIVING_AUSTRALIA; non-commercial licence
18129f3b-1ccd-41db-a907-76956558658b,SF002,Bawal Hitam,Parastromateus niger,WILD,train,d3225dbaa48fdb21,INATURALIST,https://www.inaturalist.org/observations/140601234,CC-BY-NC,REVIEW,"(c) Ganjar Cahyadi, some rights reserved (CC BY-NC)",BAWAL_HITAM/inaturalist/18129f3b-1ccd-41db-a907-76956558658b.jpg,d3225dbaa48fdb214f0b08af0595c727d2ee5500f8742a70f6e890e3e742ff3f,source=INATURALIST; non-commercial licence
1b22d8cb-659f-4aa2-8d37-9a4ccc819603,SF002,Bawal Hitam,Parastromateus niger,WILD,train,bc801a757a4ed2ae,GBIF,https://www.gbif.org/occurrence/1318534190,CC0,YES,Parastromateus niger RAD117356-002,BAWAL_HITAM/gbif/1b22d8cb-659f-4aa2-8d37-9a4ccc819603.jpg,bc801a757a4ed2ae21d3913be490404421a366de1cc73759653210b2c0a0fa46,source=GBIF
1bf17c3a-41eb-486d-8173-178e079fc86b,SF002,Bawal Hitam,Parastromateus niger,WILD,test_clean,a89d59dd5a17d992,INATURALIST,https://www.inaturalist.org/observations/389939045,CC-BY-NC,REVIEW,"(c) LEE Yeung, Gabriel, some rights reserved (CC BY-NC)",BAWAL_HITAM/inaturalist/1bf17c3a-41eb-486d-8173-178e079fc86b.jpg,a89d59dd5a17d992ab0abf8fa2b889eaa15cfb9f978655b9e6f1af969bb7f715,source=INATURALIST; non-commercial licence
1fc6a8b9-f1a3-49e8-807c-c6352293ba50,SF002,Bawal Hitam,Parastromateus niger,WILD,val,9ade4ca426ba5824,INATURALIST,https://www.inaturalist.org/observations/253719185,CC-BY-NC,REVIEW,"(c) A. R. Javanica, some rights reserved (CC BY-NC)",BAWAL_HITAM/inaturalist/1fc6a8b9-f1a3-49e8-807c-c6352293ba50.jpg,9ade4ca426ba58246620499b3dce0dd7139eca8a2d06abae5436e7064fc956c8,source=INATURALIST; non-commercial licence
1fede2b9-0c67-4d64-8ae0-2c786475cf79,SF002,Bawal Hitam,Parastromateus niger,WILD,val,66ef756570d8f2c7,INATURALIST,https://www.inaturalist.org/observations/169519524,CC-BY-NC,REVIEW,"(c) Niran Anurakpongsathorn, some rights reserved (CC BY-NC)",BAWAL_HITAM/inaturalist/1fede2b9-0c67-4d64-8ae0-2c786475cf79.jpg,66ef756570d8f2c76d5e456468677a0b9d58f51bb348cc7ad36cdc79baa1823b,source=INATURALIST; non-commercial licence
209aa0d0-caa5-434a-b899-8a0aeee6944a,SF002,Bawal Hitam,Parastromateus niger,WILD,test_clean,ef210f81fa58a6b0,INATURALIST,https://www.inaturalist.org/observations/352148752,CC-BY,YES,"(c) TonyT, some rights reserved (CC BY)",BAWAL_HITAM/inaturalist/209aa0d0-caa5-434a-b899-8a0aeee6944a.jpg,ef210f81fa58a6b08935ee72b96cf03bd75918579f827823a7430d2c9ac0f8c3,source=INATURALIST
20f0f169-4374-4cd7-89a1-e0eb0c2e659c,SF002,Bawal Hitam,Parastromateus niger,WILD,train,f145b599b6dbe256,INATURALIST,https://www.inaturalist.org/observations/253842285,CC-BY-NC-SA,REVIEW,"(c) Vivek.N.Rathod, some rights reserved (CC BY-NC-SA)",BAWAL_HITAM/inaturalist/20f0f169-4374-4cd7-89a1-e0eb0c2e659c.jpg,f145b599b6dbe25673ff02c3fbdc362116fb91b45e900d5539f8d10830213074,source=INATURALIST; non-commercial licence
214dd772-0ac3-408b-83ee-a2040671b41d,SF002,Bawal Hitam,Parastromateus niger,WILD,train,df110a8f2c55c0b5,INATURALIST,https://www.inaturalist.org/observations/251965059,CC-BY-NC,REVIEW,"(c) pelagis_05, some rights reserved (CC BY-NC)",BAWAL_HITAM/inaturalist/214dd772-0ac3-408b-83ee-a2040671b41d.jpg,df110a8f2c55c0b52b0d18d1a1b5cac1fbd6618b4ae59246bef59f2f55404fba,source=INATURALIST; non-commercial licence
21ffd694-d616-45a5-884f-55d292e1c9c7,SF002,Bawal Hitam,Parastromateus niger,WILD,train,b383f355fdaf3bc1,INATURALIST,https://www.inaturalist.org/observations/346961300,CC-BY-NC,REVIEW,"(c) Henrik Bjerresø, some rights reserved (CC BY-NC)",BAWAL_HITAM/inaturalist/21ffd694-d616-45a5-884f-55d292e1c9c7.jpg,b383f355fdaf3bc1af01f9e29e38b1ffae9918ae0f453953c153beba4de3c21b,source=INATURALIST; non-commercial licence
232cfdf1-b059-4bf1-b310-b6201fd2ebb1,SF002,Bawal Hitam,Parastromateus niger,WILD,train,1087ae2ea7e34e92,GBIF,https://www.gbif.org/occurrence/1230406330,CC-BY,YES,DNA tags,BAWAL_HITAM/gbif/232cfdf1-b059-4bf1-b310-b6201fd2ebb1.jpg,1087ae2ea7e34e921c1858276840bd0474e9e27a4bac83d97fc31c989b6e13d6,source=GBIF
236968b2-e37f-45d6-b3a0-b61e076fc722,SF002,Bawal Hitam,Parastromateus niger,WILD,train,28bb33507c194c1e,INATURALIST,https://www.inaturalist.org/observations/202028267,CC-BY,YES,"(c) Sindhu Haridas, some rights reserved (CC BY)",BAWAL_HITAM/inaturalist/236968b2-e37f-45d6-b3a0-b61e076fc722.jpg,28bb33507c194c1ebefcfde1afae5843f9310d9379d6d031db22cc92a5cda6bf,source=INATURALIST
279173b1-876b-45f9-9ba2-8d118f595b84,SF002,Bawal Hitam,Parastromateus niger,WILD,test_clean,44d8fc80fb3f21c6,ATLAS_OF_LIVING_AUSTRALIA,https://www.inaturalist.org/observations/163772396,CC-BY-NC,REVIEW,Andrejs Medenis,BAWAL_HITAM/atlas_of_living_australia/279173b1-876b-45f9-9ba2-8d118f595b84.jpg,44d8fc80fb3f21c6fef6125b411336a98faaa70082fd612c2694a955fb10f593,source=ATLAS_OF_LIVING_AUSTRALIA; non-commercial licence
2b9f0f7e-a8ff-48d2-92c4-f9c7663d2017,SF002,Bawal Hitam,Parastromateus niger,WILD,train,91523b744aecadd1,INATURALIST,https://www.inaturalist.org/observations/335563432,CC-BY-NC,REVIEW,"(c) 048 Eden Rozario, some rights reserved (CC BY-NC)",BAWAL_HITAM/inaturalist/2b9f0f7e-a8ff-48d2-92c4-f9c7663d2017.jpg,91523b744aecadd14c6f2ce9c16d950dad74e630153346f3e032f938bd37e765,source=INATURALIST; non-commercial licence
2fd905cb-e5ea-4ff4-a74d-d3645f862cd6,SF002,Bawal Hitam,Parastromateus niger,WILD,val,b26eb61f7420307f,INATURALIST,https://www.inaturalist.org/observations/253842285,CC-BY-NC-SA,REVIEW,"(c) Vivek.N.Rathod, some rights reserved (CC BY-NC-SA)",BAWAL_HITAM/inaturalist/2fd905cb-e5ea-4ff4-a74d-d3645f862cd6.jpg,b26eb61f7420307fe2a8c077631baca706ed5293c5c476e3c3436c34eff04e9a,source=INATURALIST; non-commercial licence
32ea1c45-7fc7-43b7-be45-cdfcced9a1b7,SF002,Bawal Hitam,Parastromateus niger,WILD,train,aa58ac7291115b03,INATURALIST,https://www.inaturalist.org/observations/311405733,CC-BY-NC-SA,REVIEW,"(c) Vivek.N.Rathod, some rights reserved (CC BY-NC-SA)",BAWAL_HITAM/inaturalist/32ea1c45-7fc7-43b7-be45-cdfcced9a1b7.jpg,aa58ac7291115b030df097abfe125fc74d01dd888ea8cbc530b4a63a0a6425c7,source=INATURALIST; non-commercial licence
38d07834-6cc9-40cc-bc2e-89993d1cb997,SF002,Bawal Hitam,Parastromateus niger,WILD,train,85c7ce7095afd6cb,INATURALIST,https://www.inaturalist.org/observations/260370508,CC-BY-NC,REVIEW,"(c) 游魂, some rights reserved (CC BY-NC)",BAWAL_HITAM/inaturalist/38d07834-6cc9-40cc-bc2e-89993d1cb997.jpg,85c7ce7095afd6cb904834285891021619834e89ea46506373c5e0562f27c61f,source=INATURALIST; non-commercial licence
3b6d7b39-c36a-4f44-8e08-3b9443b94988,SF002,Bawal Hitam,Parastromateus niger,WILD,train,cdd96e5b87c064bd,INATURALIST,https://www.inaturalist.org/observations/308414339,CC-BY-NC,REVIEW,"(c) Irvin Sabastian, some rights reserved (CC BY-NC)",BAWAL_HITAM/inaturalist/3b6d7b39-c36a-4f44-8e08-3b9443b94988.jpg,cdd96e5b87c064bd17bf03d796abe125ad234071898892ece7abc92a26af98f3,source=INATURALIST; non-commercial licence
3e6ce167-c9de-4710-9cbc-215ca8c81937,SF002,Bawal Hitam,Parastromateus niger,WILD,train,72cec724364a4dc2,INATURALIST,https://www.inaturalist.org/observations/202015714,CC-BY-NC-SA,REVIEW,"(c) Vivek.N.Rathod, some rights reserved (CC BY-NC-SA)",BAWAL_HITAM/inaturalist/3e6ce167-c9de-4710-9cbc-215ca8c81937.jpg,72cec724364a4dc23466847b0b803035075092dbc608d18abb3ff730759764d6,source=INATURALIST; non-commercial licence
3e7de377-f607-4a56-a17e-556104b49eaf,SF002,Bawal Hitam,Parastromateus niger,WILD,train,85d0aab2800c7006,INATURALIST,https://www.inaturalist.org/observations/276486672,CC-BY-NC,REVIEW,"(c) anvar1071, some rights reserved (CC BY-NC)",BAWAL_HITAM/inaturalist/3e7de377-f607-4a56-a17e-556104b49eaf.jpg,85d0aab2800c700657dce3e5441fb0879cbf7e946e0f93b6d812a5f6d3ad83b8,source=INATURALIST; non-commercial licence
3fe567bc-a911-4af8-bac7-85ff2f112843,SF002,Bawal Hitam,Parastromateus niger,WILD,train,79c4a04e50c40108,INATURALIST,https://www.inaturalist.org/observations/201464259,CC-BY-NC-SA,REVIEW,"(c) Vivek.N.Rathod, some rights reserved (CC BY-NC-SA)",BAWAL_HITAM/inaturalist/3fe567bc-a911-4af8-bac7-85ff2f112843.jpg,79c4a04e50c4010865271c0a90a2a0ceb910148bb670c5791d76b4e4b6282993,source=INATURALIST; non-commercial licence
43a1e0b4-3851-446d-9df1-c6f1e137625c,SF002,Bawal Hitam,Parastromateus niger,WILD,train,073378e435be887f,INATURALIST,https://www.inaturalist.org/observations/291122721,CC-BY-NC-SA,REVIEW,"(c) Vivek.N.Rathod, some rights reserved (CC BY-NC-SA)",BAWAL_HITAM/inaturalist/43a1e0b4-3851-446d-9df1-c6f1e137625c.jpg,073378e435be887f3e1c7432b5408157cd803e7bedcd866fca1278e2f1cd0d7e,source=INATURALIST; non-commercial licence
43fe09bc-0c07-459b-ac47-6ff7cf3aafd1,SF002,Bawal Hitam,Parastromateus niger,WILD,train,d14c9894e49e9aea,INATURALIST,https://www.inaturalist.org/observations/389581294,CC-BY-NC-SA,REVIEW,"(c) sai_yeung_choi, some rights reserved (CC BY-NC-SA)",BAWAL_HITAM/inaturalist/43fe09bc-0c07-459b-ac47-6ff7cf3aafd1.jpg,d14c9894e49e9aea0a43137a63a8214cdb52995ddf46a0809cf15415af0dc0dc,source=INATURALIST; non-commercial licence
448dddc8-ff7f-4287-a10b-6ee3ab027ea6,SF002,Bawal Hitam,Parastromateus niger,WILD,train,2653e85abc5bff8e,INATURALIST,https://www.inaturalist.org/observations/383529991,CC-BY-NC,REVIEW,"(c) Niran Anurakpongsathorn, some rights reserved (CC BY-NC)",BAWAL_HITAM/inaturalist/448dddc8-ff7f-4287-a10b-6ee3ab027ea6.jpg,2653e85abc5bff8e08f8383775fd143c40552b7f21e6e938c2f931b66fd6a588,source=INATURALIST; non-commercial licence
4649a3b7-99e1-4c9b-a368-f0b3fc1c008f,SF002,Bawal Hitam,Parastromateus niger,WILD,train,840027ed3728f56f,GBIF,https://www.gbif.org/occurrence/1318534190,CC0,YES,Parastromateus niger RAD126932-001,BAWAL_HITAM/gbif/4649a3b7-99e1-4c9b-a368-f0b3fc1c008f.jpg,840027ed3728f56f1b4b62b677131b7d3b9b6e89d113efdd627bfbb0dea47386,source=GBIF
4be92ec0-6003-4eee-b657-731df8eca71d,SF002,Bawal Hitam,Parastromateus niger,WILD,train,be887cb2effd5967,ATLAS_OF_LIVING_AUSTRALIA,https://www.inaturalist.org/observations/36788836,CC-BY-NC,REVIEW,ricktate,BAWAL_HITAM/atlas_of_living_australia/4be92ec0-6003-4eee-b657-731df8eca71d.jpg,be887cb2effd596738922ea200d70819d73aa571c17d4bff2370354386e30c19,source=ATLAS_OF_LIVING_AUSTRALIA; non-commercial licence
4db261ba-1eb1-4120-aa7b-a33a7c1f25a1,SF002,Bawal Hitam,Parastromateus niger,WILD,train,31764a3db6fc5ae4,ATLAS_OF_LIVING_AUSTRALIA,https://www.inaturalist.org/observations/163772396,CC-BY-NC,REVIEW,Andrejs Medenis,BAWAL_HITAM/atlas_of_living_australia/4db261ba-1eb1-4120-aa7b-a33a7c1f25a1.jpg,31764a3db6fc5ae403c5038102efc512f3fb16a71de1a24756e18243edc8387a,source=ATLAS_OF_LIVING_AUSTRALIA; non-commercial licence
4e912ca9-9aa9-4503-a9d6-45ee72fc242c,SF002,Bawal Hitam,Parastromateus niger,WILD,train,74f3b0d1923d26f2,GBIF,https://www.gbif.org/occurrence/1319626845,CC0,YES,Parastromateus niger RAD126933-002,BAWAL_HITAM/gbif/4e912ca9-9aa9-4503-a9d6-45ee72fc242c.jpg,74f3b0d1923d26f22039d6c54ba21fa823e2e14d223292dd65892a1e84c62e7a,source=GBIF
502a7c85-2951-4af0-97ef-e8b9b8f08121,SF002,Bawal Hitam,Parastromateus niger,WILD,train,6a417819383770f8,GBIF,https://portal.boldsystems.org/record/PHILA1714-16,CC-BY-NC,REVIEW,PHILA1714-16 Lateral,BAWAL_HITAM/gbif/502a7c85-2951-4af0-97ef-e8b9b8f08121.jpg,6a417819383770f8eb14264115adac6acf1b864385beb9aa9881671d909a9dc4,source=GBIF; non-commercial licence
58d0f178-245f-46ca-a866-2a696e8c94b4,SF002,Bawal Hitam,Parastromateus niger,WILD,val,8e20da841b68ea7c,INATURALIST,https://www.inaturalist.org/observations/139942561,CC-BY-NC,REVIEW,"(c) Dickson Wong, some rights reserved (CC BY-NC)",BAWAL_HITAM/inaturalist/58d0f178-245f-46ca-a866-2a696e8c94b4.jpg,8e20da841b68ea7cd3e48a567c09cf658aab0f410d7063d2f00318f73e59e500,source=INATURALIST; non-commercial licence
5a65c7f6-6661-47e5-bb8b-86993c8568f0,SF002,Bawal Hitam,Parastromateus niger,WILD,train,307ffbeda57da079,INATURALIST,https://www.inaturalist.org/observations/61543778,CC-BY,YES,"(c) Navaneeth Sini George, some rights reserved (CC BY)",BAWAL_HITAM/inaturalist/5a65c7f6-6661-47e5-bb8b-86993c8568f0.jpg,307ffbeda57da079dc47f8c817460d2d5bf6b90f69b38a2e9c9645de780eb89b,source=INATURALIST
5b69bfa7-caac-4015-bd2d-5e2bc2887ab7,SF002,Bawal Hitam,Parastromateus niger,WILD,val,68b133535c5609e4,ATLAS_OF_LIVING_AUSTRALIA,https://www.inaturalist.org/observations/351837186,CC-BY-NC,REVIEW,Hiroya Kidoguchi,BAWAL_HITAM/atlas_of_living_australia/5b69bfa7-caac-4015-bd2d-5e2bc2887ab7.jpg,68b133535c5609e425301079d64021f3a950126f1dafabe36dbbe07de2d53826,source=ATLAS_OF_LIVING_AUSTRALIA; non-commercial licence
5b991653-a6a3-4ccf-abd5-a439d56502de,SF002,Bawal Hitam,Parastromateus niger,WILD,val,a23873b7c38cb222,INATURALIST,https://www.inaturalist.org/observations/393450316,CC-BY-NC,REVIEW,"(c) Sagarika Gupta, some rights reserved (CC BY-NC)",BAWAL_HITAM/inaturalist/5b991653-a6a3-4ccf-abd5-a439d56502de.jpg,a23873b7c38cb2229b848f319e56f489336b3a7942453b0c98518965deb6b391,source=INATURALIST; non-commercial licence
5bc64a16-3c7b-4ce1-9442-b1443f38116e,SF002,Bawal Hitam,Parastromateus niger,WILD,test_clean,11cf7e5fe1ca98bb,ATLAS_OF_LIVING_AUSTRALIA,https://www.inaturalist.org/observations/36788836,CC-BY-NC,REVIEW,ricktate,BAWAL_HITAM/atlas_of_living_australia/5bc64a16-3c7b-4ce1-9442-b1443f38116e.jpg,11cf7e5fe1ca98bb9038fe22f5016304542bebf093550c6802590a3729b8e2da,source=ATLAS_OF_LIVING_AUSTRALIA; non-commercial licence
609fe084-e217-451b-b1e7-ffb06cf58922,SF002,Bawal Hitam,Parastromateus niger,WILD,train,1ea7dc37f6598fc3,GBIF,https://portal.boldsystems.org/record/PHILA175-13,CC-BY-NC,REVIEW,PHILA175-13 Lateral,BAWAL_HITAM/gbif/609fe084-e217-451b-b1e7-ffb06cf58922.jpg,1ea7dc37f6598fc3de0a6f49c7ff81f4ac5463364465581d1f11b7718c8cf53a,source=GBIF; non-commercial licence
62dccde0-87a4-4241-aa78-9d8facc6d9b6,SF002,Bawal Hitam,Parastromateus niger,WILD,val,f186d0e3eb17e0b2,GBIF,https://portal.boldsystems.org/record/SAIAD333-11,CC-BY-NC-SA,REVIEW,SAIAD333-11 Lateral,BAWAL_HITAM/gbif/62dccde0-87a4-4241-aa78-9d8facc6d9b6.jpg,f186d0e3eb17e0b239c1453d5d30afeb97ab8de21c0745a1c5eec5b90d0d21ab,source=GBIF; non-commercial licence
6507ba2e-e0ff-4910-acb9-8e3b8da2e6a5,SF002,Bawal Hitam,Parastromateus niger,WILD,val,56252dec7bbc8f6d,INATURALIST,https://www.inaturalist.org/observations/107809618,CC-BY-NC,REVIEW,"(c) Ken Graham, some rights reserved (CC BY-NC)",BAWAL_HITAM/inaturalist/6507ba2e-e0ff-4910-acb9-8e3b8da2e6a5.jpg,56252dec7bbc8f6d2087a88d93ebc8ecabc3ce9e5b14b365ceefe257a1aed145,source=INATURALIST; non-commercial licence
659e70a7-cca8-40ae-91d4-97a5aaa37154,SF002,Bawal Hitam,Parastromateus niger,WILD,train,c2447cd14f25b4cb,INATURALIST,https://www.inaturalist.org/observations/218565366,CC-BY-NC,REVIEW,"(c) Niran Anurakpongsathorn, some rights reserved (CC BY-NC)",BAWAL_HITAM/inaturalist/659e70a7-cca8-40ae-91d4-97a5aaa37154.jpg,c2447cd14f25b4cba24a6e0e0cedcf3c01cc26aa88a907f498fc35cd15343048,source=INATURALIST; non-commercial licence
65d12dd8-c90f-4aee-b5b2-1eed1183b978,SF002,Bawal Hitam,Parastromateus niger,WILD,train,d0ae2420618862ad,ATLAS_OF_LIVING_AUSTRALIA,https://www.inaturalist.org/observations/107798380,CC-BY-NC,REVIEW,Ken Graham,BAWAL_HITAM/atlas_of_living_australia/65d12dd8-c90f-4aee-b5b2-1eed1183b978.jpg,d0ae2420618862ad572452fec7dafd2333f4a7fc6445729a108b8c22fcd12fa9,source=ATLAS_OF_LIVING_AUSTRALIA; non-commercial licence
66ecf7b6-ec14-4307-917d-5828d352f946,SF002,Bawal Hitam,Parastromateus niger,WILD,train,aaff558c383ee2a2,INATURALIST,https://www.inaturalist.org/observations/316890242,CC-BY-NC,REVIEW,"(c) bastyanpradystyanurwantoro_25, some rights reserved (CC BY-NC)",BAWAL_HITAM/inaturalist/66ecf7b6-ec14-4307-917d-5828d352f946.jpg,aaff558c383ee2a256f439ebf4618b1abecccd7cacface54e81a958f2226bcde,source=INATURALIST; non-commercial licence
67cfc60d-aa3f-4fec-a9fc-930193a4baf6,SF002,Bawal Hitam,Parastromateus niger,WILD,train,59083ab697796642,INATURALIST,https://www.inaturalist.org/observations/332275730,CC-BY-NC-SA,REVIEW,"(c) Vivek.N.Rathod, some rights reserved (CC BY-NC-SA)",BAWAL_HITAM/inaturalist/67cfc60d-aa3f-4fec-a9fc-930193a4baf6.jpg,59083ab697796642a3eed60606274e147b6a890aafa8fee9552bebd0aa574576,source=INATURALIST; non-commercial licence
69fd7866-86b7-49bf-a96b-701d87f3f69e,SF002,Bawal Hitam,Parastromateus niger,WILD,test_clean,2e4c21c102a29fd5,INATURALIST,https://www.inaturalist.org/observations/197206127,CC-BY,YES,"(c) James H, some rights reserved (CC BY)",BAWAL_HITAM/inaturalist/69fd7866-86b7-49bf-a96b-701d87f3f69e.jpg,2e4c21c102a29fd578527f7fdeac63b59c72f9f31dbbb8cff8b6be10fdfeb802,source=INATURALIST
6d242dd4-37dc-4302-a517-e783022fcc38,SF002,Bawal Hitam,Parastromateus niger,WILD,test_clean,2f165375a03119c3,GBIF,https://www.gbif.org/occurrence/1320714342,CC0,YES,Parastromateus niger RAD126935-002,BAWAL_HITAM/gbif/6d242dd4-37dc-4302-a517-e783022fcc38.jpg,2f165375a03119c31221e036a8deef8590c0241d17af724f5bdfea0eba99d33e,source=GBIF
6d65d25d-f07b-44f7-9448-0a1fc12c8eb1,SF002,Bawal Hitam,Parastromateus niger,WILD,test_clean,7f26b8a7cb075531,INATURALIST,https://www.inaturalist.org/observations/330090197,CC-BY-NC,REVIEW,"(c) Aditya Satish, some rights reserved (CC BY-NC)",BAWAL_HITAM/inaturalist/6d65d25d-f07b-44f7-9448-0a1fc12c8eb1.jpg,7f26b8a7cb075531dd395e0a53493d977be02b722175274468e2d4f27e7e8e60,source=INATURALIST; non-commercial licence
6e8a4e14-23ce-40af-bcff-2766dae6f566,SF002,Bawal Hitam,Parastromateus niger,WILD,train,d98560dd36dfdcf9,INATURALIST,https://www.inaturalist.org/observations/339851897,CC-BY-NC-SA,REVIEW,"(c) Vivek.N.Rathod, some rights reserved (CC BY-NC-SA)",BAWAL_HITAM/inaturalist/6e8a4e14-23ce-40af-bcff-2766dae6f566.jpg,d98560dd36dfdcf96407648148ef39e172e037170e739175dd7c044eb55a2c07,source=INATURALIST; non-commercial licence
7003b6f0-4c0b-4b2e-9b09-d629b8328274,SF002,Bawal Hitam,Parastromateus niger,WILD,train,55615a6df7d8b565,INATURALIST,https://www.inaturalist.org/observations/351399235,CC-BY-NC,REVIEW,"(c) M Nur Yahya, some rights reserved (CC BY-NC)",BAWAL_HITAM/inaturalist/7003b6f0-4c0b-4b2e-9b09-d629b8328274.jpg,55615a6df7d8b565545de828c26b3e97c758ab7f2c9f0d4df95d5012db5e60e1,source=INATURALIST; non-commercial licence
70110f85-c178-4be2-88dc-89c97f710549,SF002,Bawal Hitam,Parastromateus niger,WILD,test_clean,30b59ce9d7f61ae3,FISH_VISTA,https://fishair.org/hdr-share/ftp/ark/89609/morphbank/7069fb2t.jpeg,CC-BY-NC-SA,REVIEW,Morphbank,BAWAL_HITAM/fish_vista/70110f85-c178-4be2-88dc-89c97f710549.jpg,30b59ce9d7f61ae3ab73e88b8326e059cb4f55e669dd30ab37afddd9e836db76,source=FISH_VISTA; non-commercial licence
78e2222a-d60f-43ff-bbe0-9146557bb07c,SF002,Bawal Hitam,Parastromateus niger,WILD,train,faea40993c298516,GBIF,https://www.gbif.org/occurrence/1318534190,CC0,YES,Parastromateus niger USNM 139116 Radiograph lateral view,BAWAL_HITAM/gbif/78e2222a-d60f-43ff-bbe0-9146557bb07c.jpg,faea40993c298516d2402629499c4b1aa868a1c637f14fdf4aa8aa41f31837fa,source=GBIF
79472cdb-e50f-4870-9a34-4da41dc830e5,SF002,Bawal Hitam,Parastromateus niger,WILD,test_clean,6dc5fe7af02873f9,INATURALIST,https://www.inaturalist.org/observations/252348441,CC-BY-NC,REVIEW,"(c) pelagis04, some rights reserved (CC BY-NC)",BAWAL_HITAM/inaturalist/79472cdb-e50f-4870-9a34-4da41dc830e5.jpg,6dc5fe7af02873f98c105d3611c84aed252a60ba9394fbeebd7fe2195c1c57b0,source=INATURALIST; non-commercial licence
7bcfb333-7a37-4c6a-9037-287000792471,SF002,Bawal Hitam,Parastromateus niger,WILD,train,6114fb47b92b3e6d,INATURALIST,https://www.inaturalist.org/observations/333291807,CC-BY-NC-SA,REVIEW,"(c) Vivek.N.Rathod, some rights reserved (CC BY-NC-SA)",BAWAL_HITAM/inaturalist/7bcfb333-7a37-4c6a-9037-287000792471.jpg,6114fb47b92b3e6df40e2027ff717726d0ba1621bc7b7299f4a67da0f3753562,source=INATURALIST; non-commercial licence
7f4fe94b-93d9-45df-997c-a508b8a7bc0a,SF002,Bawal Hitam,Parastromateus niger,WILD,val,cf3b64b8aade5935,INATURALIST,https://www.inaturalist.org/observations/316020214,CC-BY-NC-SA,REVIEW,"(c) Vivek.N.Rathod, some rights reserved (CC BY-NC-SA)",BAWAL_HITAM/inaturalist/7f4fe94b-93d9-45df-997c-a508b8a7bc0a.jpg,cf3b64b8aade59359f5f1d9be2c412ca9fd223f569bd0a111ed03b7ef4f559c2,source=INATURALIST; non-commercial licence
80f1d3c3-9e71-41f2-a8a3-76673e0165a7,SF002,Bawal Hitam,Parastromateus niger,WILD,val,f186d0e3eb17e0b2,GBIF,https://www.gbif.org/occurrence/1230411309,CC-BY,YES,Apolectus niger 77mmFL AV2010-16-145,BAWAL_HITAM/gbif/80f1d3c3-9e71-41f2-a8a3-76673e0165a7.jpg,b2e9d7511cf6f47d192c03aec335a6084f3af0086f43166d7d71cfd5781c5822,source=GBIF
812fbec1-e802-4b84-b6e9-780bf85384a3,SF002,Bawal Hitam,Parastromateus niger,WILD,test_clean,5bc54778257d6646,GBIF,https://www.gbif.org/occurrence/1320714342,CC0,YES,Parastromateus niger RAD117359-001,BAWAL_HITAM/gbif/812fbec1-e802-4b84-b6e9-780bf85384a3.jpg,5bc54778257d6646a79134ddbbba4d87f3940e22ab662189bbcd87e76c8489f1,source=GBIF
86a84a2c-d233-4bdf-8c08-e7d4a458a700,SF002,Bawal Hitam,Parastromateus niger,WILD,train,5b73add6c67c5037,GBIF,https://www.gbif.org/occurrence/1319626845,CC0,YES,Parastromateus niger RAD126933-001,BAWAL_HITAM/gbif/86a84a2c-d233-4bdf-8c08-e7d4a458a700.jpg,5b73add6c67c50375103e9861b1a870af37f72b93fb3428c550ee0a7e8f7b0ed,source=GBIF
8801cb04-4247-4338-867e-b94bcb2e873c,SF002,Bawal Hitam,Parastromateus niger,WILD,train,de2938a667d65847,INATURALIST,https://www.inaturalist.org/observations/201464259,CC-BY-NC-SA,REVIEW,"(c) Vivek.N.Rathod, some rights reserved (CC BY-NC-SA)",BAWAL_HITAM/inaturalist/8801cb04-4247-4338-867e-b94bcb2e873c.jpg,de2938a667d65847a63703f04b4482470ac516a63626f9bd6e876ad409d69345,source=INATURALIST; non-commercial licence
8ab9a920-4fca-4999-af78-f340af3c6948,SF002,Bawal Hitam,Parastromateus niger,WILD,train,50b4b93268f3d863,INATURALIST,https://www.inaturalist.org/observations/243606871,CC-BY-NC,REVIEW,"(c) Sunilkumar Gupta, some rights reserved (CC BY-NC)",BAWAL_HITAM/inaturalist/8ab9a920-4fca-4999-af78-f340af3c6948.jpg,50b4b93268f3d863efd62e0e97d6fcfbe1c101ae6b637e3fc37f5c9696369922,source=INATURALIST; non-commercial licence
8ad9eb59-2139-4dbf-a905-d51a7ed96e1a,SF002,Bawal Hitam,Parastromateus niger,WILD,train,9d37849dc3ff735f,ATLAS_OF_LIVING_AUSTRALIA,https://www.inaturalist.org/observations/163772396,CC-BY-NC,REVIEW,Andrejs Medenis,BAWAL_HITAM/atlas_of_living_australia/8ad9eb59-2139-4dbf-a905-d51a7ed96e1a.jpg,9d37849dc3ff735f55d97562dfb7f2d5b2dcf463b9c37954d6f0a0401543b719,source=ATLAS_OF_LIVING_AUSTRALIA; non-commercial licence
8c6535b3-c75a-480e-87a5-1b188c0f1a7c,SF002,Bawal Hitam,Parastromateus niger,WILD,train,b7c2d1fab546c0db,INATURALIST,https://www.inaturalist.org/observations/139942561,CC-BY-NC,REVIEW,"(c) Dickson Wong, some rights reserved (CC BY-NC)",BAWAL_HITAM/inaturalist/8c6535b3-c75a-480e-87a5-1b188c0f1a7c.jpg,b7c2d1fab546c0db3383f7a7562bfdd71479d0edd6583fd903773831c59ea20b,source=INATURALIST; non-commercial licence
8da688e3-b50f-43f7-8c99-fb9e5cfe4cc8,SF002,Bawal Hitam,Parastromateus niger,WILD,train,e0894384f40b932b,GBIF,https://www.gbif.org/occurrence/1319626845,CC0,YES,Parastromateus niger RAD117357-001,BAWAL_HITAM/gbif/8da688e3-b50f-43f7-8c99-fb9e5cfe4cc8.jpg,e0894384f40b932b47f15187deb8333af38a9b688cbc3f93a6304e8303cd7268,source=GBIF
8dd8e351-1f13-41cf-bff1-8a73bb2f7448,SF002,Bawal Hitam,Parastromateus niger,WILD,train,244188d71e806631,WIKIMEDIA_COMMONS,https://commons.wikimedia.org/wiki/File:Parastromateus_niger_Pakistan.jpg,CC-BY,YES,http://www.fishbase.us/photos/thumbnailssummary.php?Genus=Parastromateus&Species=niger#,BAWAL_HITAM/wikimedia_commons/8dd8e351-1f13-41cf-bff1-8a73bb2f7448.jpg,244188d71e806631dfe441f85c379f8705c09246b69af08e793a3c9d1af2d1a1,source=WIKIMEDIA_COMMONS; taxon_match=EXACT_CATEGORY
8e7064e9-e03f-420e-9abd-6cba02a78387,SF002,Bawal Hitam,Parastromateus niger,WILD,train,3e3b21828e7551a8,INATURALIST,https://www.inaturalist.org/observations/210917378,CC-BY-NC,REVIEW,"(c) Phakawat Kittikhunodom, some rights reserved (CC BY-NC)",BAWAL_HITAM/inaturalist/8e7064e9-e03f-420e-9abd-6cba02a78387.jpg,3e3b21828e7551a80aad49ff5fcd4fdd708eba457f2b524cae916192defa373a,source=INATURALIST; non-commercial licence
8f7c09b3-260f-47c6-97d7-8993bab3f03d,SF002,Bawal Hitam,Parastromateus niger,WILD,train,fb110c3e9f56369b,INATURALIST,https://www.inaturalist.org/observations/352148752,CC-BY,YES,"(c) TonyT, some rights reserved (CC BY)",BAWAL_HITAM/inaturalist/8f7c09b3-260f-47c6-97d7-8993bab3f03d.jpg,fb110c3e9f56369b26240c1cd8cbced4381071df71b2b83f798494902fc8408c,source=INATURALIST
9011ad00-6274-456f-8422-1615dab73f5a,SF002,Bawal Hitam,Parastromateus niger,WILD,train,16fd034b00f959ca,GBIF,https://www.inaturalist.org/observations/36788836,CC-BY-NC,REVIEW,ricktate,BAWAL_HITAM/gbif/9011ad00-6274-456f-8422-1615dab73f5a.jpg,16fd034b00f959cae952482d6c92393b3203ad06b7acdddbc5ac6d4d2c770df7,source=GBIF; non-commercial licence
9247315b-32bd-4b4b-8a24-cade21da1a9c,SF002,Bawal Hitam,Parastromateus niger,WILD,test_clean,61574ec570a3ec35,INATURALIST,https://www.inaturalist.org/observations/253726583,CC-BY-NC-SA,REVIEW,"(c) Vivek.N.Rathod, some rights reserved (CC BY-NC-SA)",BAWAL_HITAM/inaturalist/9247315b-32bd-4b4b-8a24-cade21da1a9c.jpg,61574ec570a3ec35fb5cff25199ff1dd70aa7097eb2508ce2edd88117db1c5f6,source=INATURALIST; non-commercial licence
93aef8bc-9064-4724-9881-4dff477a4a56,SF002,Bawal Hitam,Parastromateus niger,WILD,val,61556f6ed275030d,INATURALIST,https://www.inaturalist.org/observations/313284092,CC-BY-NC-SA,REVIEW,"(c) Vivek.N.Rathod, some rights reserved (CC BY-NC-SA)",BAWAL_HITAM/inaturalist/93aef8bc-9064-4724-9881-4dff477a4a56.jpg,61556f6ed275030d36034f93a7f4663bb0bed5fb4073d4df967a00f66c7eedc6,source=INATURALIST; non-commercial licence
96c031e5-42ed-4fed-849c-4a121faf82e9,SF002,Bawal Hitam,Parastromateus niger,WILD,train,6d38b58846b0ab76,INATURALIST,https://www.inaturalist.org/observations/92879049,CC-BY-NC,REVIEW,"(c) moovendankings, some rights reserved (CC BY-NC)",BAWAL_HITAM/inaturalist/96c031e5-42ed-4fed-849c-4a121faf82e9.jpg,6d38b58846b0ab7610080c1eed1f2c88a28b8e51cc27ac8bcfbcdc4ebc5ee74a,source=INATURALIST; non-commercial licence
9afecbb2-b752-437c-9305-1eb942383b1e,SF002,Bawal Hitam,Parastromateus niger,WILD,test_clean,04bf729eecaddfaf,INATURALIST,https://www.inaturalist.org/observations/258919826,CC-BY-NC-SA,REVIEW,"(c) Vivek.N.Rathod, some rights reserved (CC BY-NC-SA)",BAWAL_HITAM/inaturalist/9afecbb2-b752-437c-9305-1eb942383b1e.jpg,04bf729eecaddfafedbde5390804c7554dbf1edf3413b94f1ad399b9fc1ddc47,source=INATURALIST; non-commercial licence
9ccfba4f-d6d9-4515-b6bb-583f25129e5e,SF002,Bawal Hitam,Parastromateus niger,WILD,train,3c3267ec7ccae07e,INATURALIST,https://www.inaturalist.org/observations/258097286,CC-BY-NC,REVIEW,"(c) brock, some rights reserved (CC BY-NC)",BAWAL_HITAM/inaturalist/9ccfba4f-d6d9-4515-b6bb-583f25129e5e.jpg,3c3267ec7ccae07e82dd2295ee093ea913824547f4f78db9c91d70af15377709,source=INATURALIST; non-commercial licence
9f797cf3-d747-4876-9081-f53e0de2d7ef,SF002,Bawal Hitam,Parastromateus niger,WILD,train,00fadc698ddd11d8,INATURALIST,https://www.inaturalist.org/observations/201464259,CC-BY-NC-SA,REVIEW,"(c) Vivek.N.Rathod, some rights reserved (CC BY-NC-SA)",BAWAL_HITAM/inaturalist/9f797cf3-d747-4876-9081-f53e0de2d7ef.jpg,00fadc698ddd11d8d3c84fc4dcd007a00b83519a6408991b323d8b2849944a5a,source=INATURALIST; non-commercial licence
a0d97eac-121a-4423-bc21-c56503946f03,SF002,Bawal Hitam,Parastromateus niger,WILD,train,9c5b4ce6c183c69f,INATURALIST,https://www.inaturalist.org/observations/333556030,CC-BY-SA,YES,"(c) Dr. Guido Bohne, some rights reserved (CC BY-SA)",BAWAL_HITAM/inaturalist/a0d97eac-121a-4423-bc21-c56503946f03.jpg,9c5b4ce6c183c69f02b7bb2174bf547c79b878efc00d2d08b8c699524186a2bb,source=INATURALIST
a1a97542-1a5c-494a-a48e-35f0ee2cdcf4,SF002,Bawal Hitam,Parastromateus niger,WILD,test_clean,934653e9c66fe583,INATURALIST,https://www.inaturalist.org/observations/163772396,CC-BY-NC,REVIEW,"(c) Andrejs Medenis, some rights reserved (CC BY-NC)",BAWAL_HITAM/inaturalist/a1a97542-1a5c-494a-a48e-35f0ee2cdcf4.jpg,934653e9c66fe583d9eeeeb7ae4f885bb1a9283c4c7d22818a7cf4db0d7f8a97,source=INATURALIST; non-commercial licence
a2b91fe6-0a51-468d-87f8-dc6ff8e1c018,SF002,Bawal Hitam,Parastromateus niger,WILD,val,6eb04b5a157298ba,INATURALIST,https://www.inaturalist.org/observations/139942561,CC-BY-NC,REVIEW,"(c) Dickson Wong, some rights reserved (CC BY-NC)",BAWAL_HITAM/inaturalist/a2b91fe6-0a51-468d-87f8-dc6ff8e1c018.jpg,6eb04b5a157298babd57ba8f1f65adfd5d9186b479b8a1f3c9fac7532da61add,source=INATURALIST; non-commercial licence
a4151d24-8a9d-4b68-9cb7-aeef5474fc7c,SF002,Bawal Hitam,Parastromateus niger,WILD,train,18933ef0075c20b8,ATLAS_OF_LIVING_AUSTRALIA,https://www.inaturalist.org/observations/163772396,CC-BY-NC,REVIEW,Andrejs Medenis,BAWAL_HITAM/atlas_of_living_australia/a4151d24-8a9d-4b68-9cb7-aeef5474fc7c.jpg,18933ef0075c20b803f8482f7311e8df1702723fd7bd168bf63e3981d6275203,source=ATLAS_OF_LIVING_AUSTRALIA; non-commercial licence
a4aca3f3-fb96-462b-bfd9-39ab97eb0c2a,SF002,Bawal Hitam,Parastromateus niger,WILD,train,e32474535d59750f,INATURALIST,https://www.inaturalist.org/observations/279617206,CC-BY,YES,"(c) Ashwit Shetty, some rights reserved (CC BY)",BAWAL_HITAM/inaturalist/a4aca3f3-fb96-462b-bfd9-39ab97eb0c2a.jpg,e32474535d59750f0e1e92a100562803e89b011f357cf944fc1509c3e01ba844,source=INATURALIST
a4b780c7-55b0-4a62-901d-7476c6aa32bc,SF002,Bawal Hitam,Parastromateus niger,WILD,train,b0fa98f20ea5423d,INATURALIST,https://www.inaturalist.org/observations/338020187,CC-BY-NC,REVIEW,"(c) mymonkey123, some rights reserved (CC BY-NC)",BAWAL_HITAM/inaturalist/a4b780c7-55b0-4a62-901d-7476c6aa32bc.jpg,b0fa98f20ea5423d0d7e0e2c22deb1cb692863061704432432da7abbd2f139c3,source=INATURALIST; non-commercial licence
a90744b2-3f38-4bd8-8f41-24d86c524376,SF002,Bawal Hitam,Parastromateus niger,WILD,train,e8dfc60fd57fb697,INATURALIST,https://www.inaturalist.org/observations/332275730,CC-BY-NC-SA,REVIEW,"(c) Vivek.N.Rathod, some rights reserved (CC BY-NC-SA)",BAWAL_HITAM/inaturalist/a90744b2-3f38-4bd8-8f41-24d86c524376.jpg,e8dfc60fd57fb6973992527236cbf9106e9e2ef2be54915b4dec3f2cf8a111a4,source=INATURALIST; non-commercial licence
aaec62a7-0cac-4797-9d02-57e294e46194,SF002,Bawal Hitam,Parastromateus niger,WILD,val,76692621883b4659,INATURALIST,https://www.inaturalist.org/observations/202493268,CC-BY-NC-SA,REVIEW,"(c) Vivek.N.Rathod, some rights reserved (CC BY-NC-SA)",BAWAL_HITAM/inaturalist/aaec62a7-0cac-4797-9d02-57e294e46194.jpg,76692621883b465948a015bc0ac998153f885e74da8bbf361dc9be3a0a6eb1b9,source=INATURALIST; non-commercial licence
ac2d8b31-bc58-45e1-96ca-b90e86fca020,SF002,Bawal Hitam,Parastromateus niger,WILD,train,dc95f1336d45d97f,INATURALIST,https://www.inaturalist.org/observations/389581294,CC-BY-NC-SA,REVIEW,"(c) sai_yeung_choi, some rights reserved (CC BY-NC-SA)",BAWAL_HITAM/inaturalist/ac2d8b31-bc58-45e1-96ca-b90e86fca020.jpg,dc95f1336d45d97f4c4bf54b9010e7482fc97441144e60c24bef0549ff915bc2,source=INATURALIST; non-commercial licence
ace3f90d-fb25-4de2-baa8-d22455851b3f,SF002,Bawal Hitam,Parastromateus niger,WILD,train,a4796ff0f0c7a2fc,INATURALIST,https://www.inaturalist.org/observations/281680311,CC-BY-NC,REVIEW,"(c) K.L. Chew, some rights reserved (CC BY-NC)",BAWAL_HITAM/inaturalist/ace3f90d-fb25-4de2-baa8-d22455851b3f.jpg,a4796ff0f0c7a2fcd6064361648829641735bf94df77f194d8d3ca58e2752423,source=INATURALIST; non-commercial licence
ade52267-7323-4ce4-97a5-b16df51741f4,SF002,Bawal Hitam,Parastromateus niger,WILD,test_clean,2a380c198a46837e,GBIF,https://www.inaturalist.org/observations/33517830,CC-BY-NC,REVIEW,jidean,BAWAL_HITAM/gbif/ade52267-7323-4ce4-97a5-b16df51741f4.jpg,2a380c198a46837e8d7d29cc9e224f68e88c788fd14585152a375d00988573ce,source=GBIF; non-commercial licence
b2a1251c-c105-4389-b921-27f2949d6134,SF002,Bawal Hitam,Parastromateus niger,WILD,train,77d5ea3a4ac13801,INATURALIST,https://www.inaturalist.org/observations/251119521,CC-BY-NC,REVIEW,"(c) 李博恒, some rights reserved (CC BY-NC)",BAWAL_HITAM/inaturalist/b2a1251c-c105-4389-b921-27f2949d6134.jpg,77d5ea3a4ac138017af81250a9dbe487a58b4c8e4bb688853f143d880f3639a2,source=INATURALIST; non-commercial licence
b4fdd16d-7af0-448b-a68c-72ace1fc4fa3,SF002,Bawal Hitam,Parastromateus niger,WILD,train,f08c857eb1a746fd,ATLAS_OF_LIVING_AUSTRALIA,https://www.inaturalist.org/observations/351837186,CC-BY-NC,REVIEW,Hiroya Kidoguchi,BAWAL_HITAM/atlas_of_living_australia/b4fdd16d-7af0-448b-a68c-72ace1fc4fa3.jpg,f08c857eb1a746fd392f03ed3585410d91dddd44a14acd4dedab2df253748fec,source=ATLAS_OF_LIVING_AUSTRALIA; non-commercial licence
b596cc5b-27a1-47c3-abdd-ecf0f5e1a25b,SF002,Bawal Hitam,Parastromateus niger,WILD,test_clean,81d4deb1d1fd82c6,FISH_VISTA,https://fishair.org/hdr-share/ftp/ark/89609/morphbank/pr372v0p.jpeg,CC-BY-NC-SA,REVIEW,Morphbank,BAWAL_HITAM/fish_vista/b596cc5b-27a1-47c3-abdd-ecf0f5e1a25b.jpg,81d4deb1d1fd82c6518361502720db68cf9a1c3083010e1301bceee9a62998ad,source=FISH_VISTA; non-commercial licence
b5ae58ff-78f7-400d-a1bc-931008a7bdfd,SF002,Bawal Hitam,Parastromateus niger,WILD,train,e1357922d698ff42,INATURALIST,https://www.inaturalist.org/observations/313769943,CC-BY-NC-SA,REVIEW,"(c) Vivek.N.Rathod, some rights reserved (CC BY-NC-SA)",BAWAL_HITAM/inaturalist/b5ae58ff-78f7-400d-a1bc-931008a7bdfd.jpg,e1357922d698ff42fcad2a20f7293b2a6c1c5c9da4654cad93ab0e7e9360bdc7,source=INATURALIST; non-commercial licence
b657b7fe-1441-42f6-9bc3-a8f05d29945b,SF002,Bawal Hitam,Parastromateus niger,WILD,val,628f5b8a7a2fd095,INATURALIST,https://www.inaturalist.org/observations/258919826,CC-BY-NC-SA,REVIEW,"(c) Vivek.N.Rathod, some rights reserved (CC BY-NC-SA)",BAWAL_HITAM/inaturalist/b657b7fe-1441-42f6-9bc3-a8f05d29945b.jpg,628f5b8a7a2fd0959cd0abfbbbb8880d2d2db97f0eb45645933870bf998bb096,source=INATURALIST; non-commercial licence
b947f784-e2ad-4495-84ff-566d1eb1ef93,SF002,Bawal Hitam,Parastromateus niger,WILD,train,9ea6b80e659bf51d,INATURALIST,https://www.inaturalist.org/observations/334567606,CC-BY-NC,REVIEW,"(c) JIN Pin-Tsen, some rights reserved (CC BY-NC)",BAWAL_HITAM/inaturalist/b947f784-e2ad-4495-84ff-566d1eb1ef93.jpg,9ea6b80e659bf51d749dd37ec1d703d8591945deb03df5739b69cf199b06a4b1,source=INATURALIST; non-commercial licence
b976d020-4270-4ced-a8ce-415911b51c8e,SF002,Bawal Hitam,Parastromateus niger,WILD,train,5f39456883e7f163,INATURALIST,https://www.inaturalist.org/observations/310947322,CC-BY,YES,"(c) Ong Jyh Seng, some rights reserved (CC BY)",BAWAL_HITAM/inaturalist/b976d020-4270-4ced-a8ce-415911b51c8e.jpg,5f39456883e7f163cbc1000fc8892dfb46d93371f3230858bfc7906e09b18c22,source=INATURALIST
ba3b5237-9c7a-40ad-8eb4-2e776b16ad49,SF002,Bawal Hitam,Parastromateus niger,WILD,train,f376520c67168594,INATURALIST,https://www.inaturalist.org/observations/85892277,CC-BY-NC,REVIEW,"(c) Nanditha Ram Satagopan, some rights reserved (CC BY-NC)",BAWAL_HITAM/inaturalist/ba3b5237-9c7a-40ad-8eb4-2e776b16ad49.jpg,f376520c67168594a9866fb5111378f4685dc84349e3da53675ad64b70aeb237,source=INATURALIST; non-commercial licence
bc24d882-0047-4cc6-b733-2442a60d0445,SF002,Bawal Hitam,Parastromateus niger,WILD,train,b5ad97de6ee65c44,FISH_VISTA,https://fishair.org/hdr-share/ftp/ark/89609/iDigBio/uf/j3597z4g.jpg,CC-BY-NC,REVIEW,uf,BAWAL_HITAM/fish_vista/bc24d882-0047-4cc6-b733-2442a60d0445.jpg,b5ad97de6ee65c449eb3428ca089304b75732a4a46f5be754cbfb21df8588a4f,source=FISH_VISTA; non-commercial licence
bc848a99-86f3-496b-bd62-639db5a267ca,SF002,Bawal Hitam,Parastromateus niger,WILD,train,dd9c6bb7a87b4b3c,INATURALIST,https://www.inaturalist.org/observations/389581294,CC-BY-NC-SA,REVIEW,"(c) sai_yeung_choi, some rights reserved (CC BY-NC-SA)",BAWAL_HITAM/inaturalist/bc848a99-86f3-496b-bd62-639db5a267ca.jpg,dd9c6bb7a87b4b3c95a5242e8fe7e9b600d65fa024de9fa0e5b3bf40dc18915b,source=INATURALIST; non-commercial licence
bf1387ea-a70d-4c4a-aa19-d5bd92d0eb6e,SF002,Bawal Hitam,Parastromateus niger,WILD,train,c91deef6a06709ad,INATURALIST,https://www.inaturalist.org/observations/389581294,CC-BY-NC-SA,REVIEW,"(c) sai_yeung_choi, some rights reserved (CC BY-NC-SA)",BAWAL_HITAM/inaturalist/bf1387ea-a70d-4c4a-aa19-d5bd92d0eb6e.jpg,c91deef6a06709ad3346d1f9095fd8e6da1ce549fee4b0e8e4a2257a0fbd1c3e,source=INATURALIST; non-commercial licence
c07e6851-6df8-4087-9e34-8c1e8f171e97,SF002,Bawal Hitam,Parastromateus niger,WILD,train,7e2e9d3f78d7ca28,INATURALIST,https://www.inaturalist.org/observations/342634856,CC-BY,YES,"(c) Abdul Hanif Arromy, some rights reserved (CC BY)",BAWAL_HITAM/inaturalist/c07e6851-6df8-4087-9e34-8c1e8f171e97.jpg,7e2e9d3f78d7ca2873692381e372c1fe75b1ca88c164eb8481a3e6095149eb74,source=INATURALIST
c2ff51fd-0b22-4543-ac77-330e5741a6bc,SF002,Bawal Hitam,Parastromateus niger,WILD,train,bab7b6f24164bf99,INATURALIST,https://www.inaturalist.org/observations/273203896,CC-BY-NC,REVIEW,"(c) Charan Rajala, some rights reserved (CC BY-NC)",BAWAL_HITAM/inaturalist/c2ff51fd-0b22-4543-ac77-330e5741a6bc.jpg,bab7b6f24164bf99fb2e76f356cb352c1a4d4077e64dd764a001178e6170c447,source=INATURALIST; non-commercial licence
c35a2325-7205-4aff-89e3-562c9fbe806d,SF002,Bawal Hitam,Parastromateus niger,WILD,val,dfcf7334744920fe,INATURALIST,https://www.inaturalist.org/observations/333556030,CC-BY-SA,YES,"(c) Dr. Guido Bohne, some rights reserved (CC BY-SA)",BAWAL_HITAM/inaturalist/c35a2325-7205-4aff-89e3-562c9fbe806d.jpg,dfcf7334744920fe430dbbb6662cbab6cd27694b21546010b301d19edf37000d,source=INATURALIST
c7a24e38-5e2e-4f54-a164-8c8bd6fa8d9b,SF002,Bawal Hitam,Parastromateus niger,WILD,train,9bd7d77fa9a3e1cf,INATURALIST,https://www.inaturalist.org/observations/243207428,CC-BY-NC,REVIEW,"(c) 李博恒, some rights reserved (CC BY-NC)",BAWAL_HITAM/inaturalist/c7a24e38-5e2e-4f54-a164-8c8bd6fa8d9b.jpg,9bd7d77fa9a3e1cfffbaaf14daaf007acc731ec2d98c8869436683673f47933c,source=INATURALIST; non-commercial licence
cc562345-46e4-42f4-8818-44ebc36eb20b,SF002,Bawal Hitam,Parastromateus niger,WILD,train,76080ccbf7e2e5bb,INATURALIST,https://www.inaturalist.org/observations/300990038,CC-BY-NC,REVIEW,"(c) Joseph Christopher, some rights reserved (CC BY-NC)",BAWAL_HITAM/inaturalist/cc562345-46e4-42f4-8818-44ebc36eb20b.jpg,76080ccbf7e2e5bb2fe63c223c4f8850fea3cca2921183c8a9c97343721ebbea,source=INATURALIST; non-commercial licence
d1bf493d-16f3-44c9-bbf3-a570361a720b,SF002,Bawal Hitam,Parastromateus niger,WILD,test_clean,a445445407e1cac2,INATURALIST,https://www.inaturalist.org/observations/201464259,CC-BY-NC-SA,REVIEW,"(c) Vivek.N.Rathod, some rights reserved (CC BY-NC-SA)",BAWAL_HITAM/inaturalist/d1bf493d-16f3-44c9-bbf3-a570361a720b.jpg,a445445407e1cac2c95c2396dc71d20aa0fb5d2ea664764cf35db3bc275bedab,source=INATURALIST; non-commercial licence
d2fc1b9f-65bc-4e96-ae90-9dfaf1176494,SF002,Bawal Hitam,Parastromateus niger,WILD,val,45e910293ac4b0d6,INATURALIST,https://www.inaturalist.org/observations/253726583,CC-BY-NC-SA,REVIEW,"(c) Vivek.N.Rathod, some rights reserved (CC BY-NC-SA)",BAWAL_HITAM/inaturalist/d2fc1b9f-65bc-4e96-ae90-9dfaf1176494.jpg,45e910293ac4b0d6180159d896c298b1c48b07dbad457e18feb8cf0ba009e333,source=INATURALIST; non-commercial licence
d5e2208f-37f9-48ec-bb68-be3e67ff88a5,SF002,Bawal Hitam,Parastromateus niger,WILD,train,dfb6c8cdb5747537,GBIF,https://www.gbif.org/occurrence/1318534190,CC0,YES,Parastromateus niger RAD126932-002,BAWAL_HITAM/gbif/d5e2208f-37f9-48ec-bb68-be3e67ff88a5.jpg,dfb6c8cdb5747537f908267364b93b4b245a6a5b08bb3a4f9ff2f23e2ccddb23,source=GBIF
d66e8bd9-2ee2-4adf-8c69-3f0c0613e8b5,SF002,Bawal Hitam,Parastromateus niger,WILD,val,e2948c4d4b66c548,GBIF,https://www.gbif.org/occurrence/1318534190,CC0,YES,Parastromateus niger usnm 139116 radiograph lateral view,BAWAL_HITAM/gbif/d66e8bd9-2ee2-4adf-8c69-3f0c0613e8b5.jpg,e2948c4d4b66c5485d6c9efcc17013cebf7412d933d53e9166620a5c83171e03,source=GBIF
d78e7149-74cf-45ed-9d4d-0d56bc0055e3,SF002,Bawal Hitam,Parastromateus niger,WILD,train,1b329011df86dece,GBIF,https://www.gbif.org/occurrence/1230406330,CC-BY,YES,10043.jpg,BAWAL_HITAM/gbif/d78e7149-74cf-45ed-9d4d-0d56bc0055e3.jpg,1b329011df86dece2bc52c7e5418ca710dfc62f9c0c261aa9f0fe155ef80dd78,source=GBIF
d9533167-0459-4c24-b585-25ade2220744,SF002,Bawal Hitam,Parastromateus niger,WILD,train,a4cb70dbdf99af88,INATURALIST,https://www.inaturalist.org/observations/316019993,CC-BY-NC-SA,REVIEW,"(c) Vivek.N.Rathod, some rights reserved (CC BY-NC-SA)",BAWAL_HITAM/inaturalist/d9533167-0459-4c24-b585-25ade2220744.jpg,a4cb70dbdf99af88670ae1566ddd24169b8c628070af10618b3d5bb303e39e8b,source=INATURALIST; non-commercial licence
d961143f-33ec-422d-8fda-7ad1651c240d,SF002,Bawal Hitam,Parastromateus niger,WILD,train,24bcffa4e8c38ce9,GBIF,https://biocase.snsb.info/wrapper/querytool/details.cgi?dsa=SAPMpiscescoll&detail=unit&wrapper_url=http://biocase.snsb.info/wrapper/pywrapper.cgi?dsa=SAPMpiscescoll&schema=http://www.tdwg.org/schemas/abcd/2.06&col=SAPMpiscescoll&cat=SAPM-PI-01251%20/%20529754%20/%20213425,CC-BY-SA,YES,GBIF occ:1851316046/media:http://pictures.snsb.info/SAPMpiscescoll/web/SAPM-PI-012/SAPM-PI-01251_20130704_145352.jpg,BAWAL_HITAM/gbif/d961143f-33ec-422d-8fda-7ad1651c240d.jpg,24bcffa4e8c38ce9fce3b59244c79fa66d369bfe7f6af22bb7f92d7b08321ff9,source=GBIF
da6faa8c-3777-4e24-a9c6-8af7014a4c98,SF002,Bawal Hitam,Parastromateus niger,WILD,train,a64fe0b346385758,INATURALIST,https://www.inaturalist.org/observations/323671622,CC-BY-NC,REVIEW,"(c) Masatoshi Sone, some rights reserved (CC BY-NC)",BAWAL_HITAM/inaturalist/da6faa8c-3777-4e24-a9c6-8af7014a4c98.jpg,a64fe0b34638575872322e1891e254c82707b8b2dd6a1138760f74000dfe8476,source=INATURALIST; non-commercial licence
db1ded4b-68fa-498b-9281-b72905b7d925,SF002,Bawal Hitam,Parastromateus niger,WILD,train,7edfa24821b9b396,GBIF,https://www.gbif.org/occurrence/1230406695,CC-BY,YES,| CD No. 167-7661| MOZ-06; sta. C08205;,BAWAL_HITAM/gbif/db1ded4b-68fa-498b-9281-b72905b7d925.jpg,7edfa24821b9b396872582771c2750f196c141577966138114bb3202a34485d8,source=GBIF
dcb58d34-ae79-4834-bbbb-a7749dd42b01,SF002,Bawal Hitam,Parastromateus niger,WILD,train,7e72d6ae6ab7642b,INATURALIST,https://www.inaturalist.org/observations/342518866,CC-BY-NC,REVIEW,"(c) shunchuxia1729, some rights reserved (CC BY-NC)",BAWAL_HITAM/inaturalist/dcb58d34-ae79-4834-bbbb-a7749dd42b01.jpg,7e72d6ae6ab7642bd712d9dc7ca390be17b77cf18554d99cbde29903a077a009,source=INATURALIST; non-commercial licence
dd1ed6a8-b8e3-46a3-9b8c-873eb4142c84,SF002,Bawal Hitam,Parastromateus niger,WILD,train,e7a6b745b93f9d56,INATURALIST,https://www.inaturalist.org/observations/202493268,CC-BY-NC-SA,REVIEW,"(c) Vivek.N.Rathod, some rights reserved (CC BY-NC-SA)",BAWAL_HITAM/inaturalist/dd1ed6a8-b8e3-46a3-9b8c-873eb4142c84.jpg,e7a6b745b93f9d566737ecdc9cfbede66cb95e626aebcdef8bb9f9010ca47644,source=INATURALIST; non-commercial licence
deb9d785-959f-45af-804f-8f42aa871ff2,SF002,Bawal Hitam,Parastromateus niger,WILD,test_clean,fe81a88250de28c5,GBIF,https://www.gbif.org/occurrence/1318534190,CC0,YES,Parastromateus niger RAD117356-003,BAWAL_HITAM/gbif/deb9d785-959f-45af-804f-8f42aa871ff2.jpg,fe81a88250de28c5dbed0010a49f70791c5f614c6a359d7350755d959f2218ec,source=GBIF
debf35e9-fad0-40f3-9c3d-da6fd15bd8fd,SF002,Bawal Hitam,Parastromateus niger,WILD,test_clean,1399b1cc9b079404,INATURALIST,https://www.inaturalist.org/observations/252099623,CC-BY-NC,REVIEW,"(c) pelagis_02, some rights reserved (CC BY-NC)",BAWAL_HITAM/inaturalist/debf35e9-fad0-40f3-9c3d-da6fd15bd8fd.jpg,1399b1cc9b07940424e911455cf1235169c9a3c789e68eedaba5b6e17925c32f,source=INATURALIST; non-commercial licence
e090df1c-5fa7-48dc-a054-6eca79983e76,SF002,Bawal Hitam,Parastromateus niger,WILD,train,fc053ba7ffcb8f9c,GBIF,https://www.gbif.org/occurrence/1318534190,CC0,YES,Parastromateus niger RAD117356-001,BAWAL_HITAM/gbif/e090df1c-5fa7-48dc-a054-6eca79983e76.jpg,fc053ba7ffcb8f9caee70c76533a00d57d4a76d5d8285045c65c036a78ec6845,source=GBIF
e5610585-d156-42aa-b450-517296b7399d,SF002,Bawal Hitam,Parastromateus niger,WILD,train,feb92d56e1e0968d,ATLAS_OF_LIVING_AUSTRALIA,https://www.flickr.com/photos/biodivlibrary/7044668895/,CC-BY,YES,Biodiversity Heritage Library,BAWAL_HITAM/atlas_of_living_australia/e5610585-d156-42aa-b450-517296b7399d.jpg,feb92d56e1e0968d4f77be84b1035d27d8bd62f23a50827a2c454b2ae07678ea,source=ATLAS_OF_LIVING_AUSTRALIA
e65b8c85-8ca5-488b-b834-8f3c5637e909,SF002,Bawal Hitam,Parastromateus niger,WILD,val,93c1985538dcbbb8,GBIF,https://www.gbif.org/occurrence/1230411309,CC-BY,YES,Apolectus niger 71mmFL AV2010-16-144,BAWAL_HITAM/gbif/e65b8c85-8ca5-488b-b834-8f3c5637e909.jpg,04b4d2e04184ac406f1fe8aab5e1a13ecf56a6a1c9b741d0256d417d28b65c68,source=GBIF
e8d5106e-4ac5-4929-97bf-f8233c45cec4,SF002,Bawal Hitam,Parastromateus niger,WILD,train,88c3a5d9760872d3,INATURALIST,https://www.inaturalist.org/observations/351837186,CC-BY-NC,REVIEW,"(c) Hiroya Kidoguchi, some rights reserved (CC BY-NC)",BAWAL_HITAM/inaturalist/e8d5106e-4ac5-4929-97bf-f8233c45cec4.jpg,88c3a5d9760872d340985ffff09a4facccb8f5ca381e187419fb664eb0001259,source=INATURALIST; non-commercial licence
e93f22c4-55f4-416e-9ac5-d468c18b2ffe,SF002,Bawal Hitam,Parastromateus niger,WILD,train,25285236ddfaaa67,INATURALIST,https://www.inaturalist.org/observations/65629644,CC-BY-NC,REVIEW,"(c) tern911, some rights reserved (CC BY-NC)",BAWAL_HITAM/inaturalist/e93f22c4-55f4-416e-9ac5-d468c18b2ffe.jpg,25285236ddfaaa67cba598a940e0749dd6efdd211a44bbfae3100e5bf5857e22,source=INATURALIST; non-commercial licence
ed5d1a1a-291c-4166-9fd8-eb3c8faba207,SF002,Bawal Hitam,Parastromateus niger,WILD,train,3081e9674f78bb5d,INATURALIST,https://www.inaturalist.org/observations/339851897,CC-BY-NC-SA,REVIEW,"(c) Vivek.N.Rathod, some rights reserved (CC BY-NC-SA)",BAWAL_HITAM/inaturalist/ed5d1a1a-291c-4166-9fd8-eb3c8faba207.jpg,3081e9674f78bb5d9b0862612b9314b9df62b64643ac7d1922baedecd04be33f,source=INATURALIST; non-commercial licence
f04172ed-6cab-4308-aa8a-b61b046b30b9,SF002,Bawal Hitam,Parastromateus niger,WILD,train,d48f285665a832eb,GBIF,https://www.gbif.org/occurrence/1230373047,CC-BY,YES,| CD No. 351-6535| PCH 92-M1;,BAWAL_HITAM/gbif/f04172ed-6cab-4308-aa8a-b61b046b30b9.jpg,d48f285665a832eba3f4a6e6a66cb515bbca3dd6a81b05e395262631dd8de58b,source=GBIF
f8831014-be64-4b58-8704-b3c8532e285d,SF002,Bawal Hitam,Parastromateus niger,WILD,val,46caef3e6e5c481b,GBIF,https://biocase.snsb.info/wrapper/querytool/details.cgi?dsa=SAPMpiscescoll&detail=unit&wrapper_url=http://biocase.snsb.info/wrapper/pywrapper.cgi?dsa=SAPMpiscescoll&schema=http://www.tdwg.org/schemas/abcd/2.06&col=SAPMpiscescoll&cat=SAPM-PI-01253%20/%20529756%20/%20213427,CC-BY-SA,YES,GBIF occ:1851316227/media:http://pictures.snsb.info/SAPMpiscescoll/web/SAPM-PI-012/SAPM-PI-01253_20130704_150858.jpg,BAWAL_HITAM/gbif/f8831014-be64-4b58-8704-b3c8532e285d.jpg,46caef3e6e5c481b8cbae9ff4760a5f6e6242cdedb3e43cac7d4e3f258865bff,source=GBIF
fa01cd76-f1a9-4009-b064-3cb8369bb947,SF002,Bawal Hitam,Parastromateus niger,WILD,train,8b941e8a718bd33c,INATURALIST,https://www.inaturalist.org/observations/315862037,CC-BY-NC,REVIEW,"(c) Shivrajeshwar Dhondge, some rights reserved (CC BY-NC)",BAWAL_HITAM/inaturalist/fa01cd76-f1a9-4009-b064-3cb8369bb947.jpg,8b941e8a718bd33ca1840ac888d361f8a54f506c50a8b24c7031e20707b7173e,source=INATURALIST; non-commercial licence
fe18fdc6-67be-43fb-8056-e4474c97fbe1,SF002,Bawal Hitam,Parastromateus niger,WILD,val,95c51314937a8f6c,INATURALIST,https://www.inaturalist.org/observations/252391250,CC-BY-NC,REVIEW,"(c) kyosapir, some rights reserved (CC BY-NC)",BAWAL_HITAM/inaturalist/fe18fdc6-67be-43fb-8056-e4474c97fbe1.jpg,95c51314937a8f6c3cc24d0ab91d616a5080afdfb873f2f471e548f7f27df7ae,source=INATURALIST; non-commercial licence
fe196b01-e440-456b-b2bd-08d2c0749611,SF002,Bawal Hitam,Parastromateus niger,WILD,train,14d5521d361a3d8b,INATURALIST,https://www.inaturalist.org/observations/389939045,CC-BY-NC,REVIEW,"(c) LEE Yeung, Gabriel, some rights reserved (CC BY-NC)",BAWAL_HITAM/inaturalist/fe196b01-e440-456b-b2bd-08d2c0749611.jpg,14d5521d361a3d8b7735d8842de436b1c79fe0ed26f768f07e0c77accdb71b3e,source=INATURALIST; non-commercial licence
0099b5eb-2cb7-4ee2-876a-11952e42834b,SF008,Jenahak,Lutjanus johnii,WILD,train,635b19cdec677493,INATURALIST,https://www.inaturalist.org/observations/324333416,CC-BY-NC,REVIEW,"(c) 駿, some rights reserved (CC BY-NC)",JENAHAK/inaturalist/0099b5eb-2cb7-4ee2-876a-11952e42834b.jpg,635b19cdec67749328c783e8f2cf90bc5a330139031ebef4e8a3bc67867734ed,source=INATURALIST; non-commercial licence
015b0419-08c3-4db0-a36d-193a56cc2309,SF008,Jenahak,Lutjanus johnii,WILD,val,7868ab8241821d54,GBIF,https://www.inaturalist.org/observations/116652815,CC-BY-NC,REVIEW,Naufal Urfi Dhiya'ulhaq,JENAHAK/gbif/015b0419-08c3-4db0-a36d-193a56cc2309.jpg,7868ab8241821d54d2673f93a17c89ad81ff03881fc53cbfeab59ff6d9cd1d76,source=GBIF; non-commercial licence
020ed3f0-6f83-4810-97d7-b8d2c6fe5636,SF008,Jenahak,Lutjanus johnii,WILD,test_clean,ab6c5f1907e0e04a,INATURALIST,https://www.inaturalist.org/observations/343791131,CC-BY-NC,REVIEW,"(c) ssshroggy, some rights reserved (CC BY-NC)",JENAHAK/inaturalist/020ed3f0-6f83-4810-97d7-b8d2c6fe5636.jpg,ab6c5f1907e0e04a484368268c3fc854d724630fa78f79ea617a8c8288777acb,source=INATURALIST; non-commercial licence
043a302e-d3ce-417b-ae8e-3260489b0742,SF008,Jenahak,Lutjanus johnii,WILD,test_clean,943c98e274a4eec8,GBIF,https://www.inaturalist.org/observations/222611423,CC-BY-NC,REVIEW,Adam Smith,JENAHAK/gbif/043a302e-d3ce-417b-ae8e-3260489b0742.jpg,943c98e274a4eec8d1d2ded119fd5b7f2a640a7b5fba4e1d2dbdba3137c3a22e,source=GBIF; non-commercial licence
05ee1f60-c9e2-46fa-8af6-0317f036a188,SF008,Jenahak,Lutjanus johnii,WILD,train,a64ea7d6732cd82d,INATURALIST,https://www.inaturalist.org/observations/323479943,CC-BY-NC,REVIEW,"(c) Masatoshi Sone, some rights reserved (CC BY-NC)",JENAHAK/inaturalist/05ee1f60-c9e2-46fa-8af6-0317f036a188.jpg,a64ea7d6732cd82d4bbb3201878bd020f38deaae48cdc667f23b61fb465c6ec7,source=INATURALIST; non-commercial licence
05efa9ae-5e98-4918-9a66-d77549cf0302,SF008,Jenahak,Lutjanus johnii,WILD,test_clean,a2ae6fd03f1889c0,ATLAS_OF_LIVING_AUSTRALIA,https://biocache.ala.org.au/occurrences/8fd49b41-7ac4-452f-8218-bc6272be833e,CC-BY-NC,REVIEW,ATLAS_OF_LIVING_AUSTRALIA occ:8fd49b41-7ac4-452f-8218-bc6272be833e/image:c5b50cd9-4d0a-464e-9464-da2f02a79570,JENAHAK/atlas_of_living_australia/05efa9ae-5e98-4918-9a66-d77549cf0302.jpg,a2ae6fd03f1889c01903ee92149bbd85f7cae9faac8096961fce07732aea7e11,source=ATLAS_OF_LIVING_AUSTRALIA; non-commercial licence
0632bc14-ff37-4098-802d-84d114e7bb83,SF008,Jenahak,Lutjanus johnii,WILD,train,e529ddc2394ab5b6,ATLAS_OF_LIVING_AUSTRALIA,https://www.inaturalist.org/observations/370522863,CC-BY-NC,REVIEW,Kelvin,JENAHAK/atlas_of_living_australia/0632bc14-ff37-4098-802d-84d114e7bb83.jpg,e529ddc2394ab5b691b52f9fbd8d44070db9536132c4f52809fc72e614993a47,source=ATLAS_OF_LIVING_AUSTRALIA; non-commercial licence
0779b8ab-87e2-4f9b-8e88-d77a71e3c6a7,SF008,Jenahak,Lutjanus johnii,WILD,train,62efa57a7486ba22,INATURALIST,https://www.inaturalist.org/observations/394642573,CC-BY-NC,REVIEW,"(c) Kjell Hensen, some rights reserved (CC BY-NC)",JENAHAK/inaturalist/0779b8ab-87e2-4f9b-8e88-d77a71e3c6a7.jpg,62efa57a7486ba229d0823c10f27afc05b9bf84bc9508957e4f79314ffcdd145,source=INATURALIST; non-commercial licence
08dd1253-8703-4eac-b6cc-cc461356b115,SF008,Jenahak,Lutjanus johnii,WILD,train,1fbcb47fc8e79df4,ATLAS_OF_LIVING_AUSTRALIA,https://www.inaturalist.org/observations/27590188,CC-BY-NC,REVIEW,Matt Campbell,JENAHAK/atlas_of_living_australia/08dd1253-8703-4eac-b6cc-cc461356b115.jpg,1fbcb47fc8e79df4aaf603dfef72dd2a245e77813eb3392559a16a465014c992,source=ATLAS_OF_LIVING_AUSTRALIA; non-commercial licence
0cba8ab3-abb2-4af0-9539-c97aacfc61e7,SF008,Jenahak,Lutjanus johnii,WILD,val,1ae6a55c89c939df,INATURALIST,https://www.inaturalist.org/observations/319419958,CC-BY-NC,REVIEW,"(c) Marleen Schouten, some rights reserved (CC BY-NC)",JENAHAK/inaturalist/0cba8ab3-abb2-4af0-9539-c97aacfc61e7.jpg,1ae6a55c89c939dffc2abd4b67f8e7873316dde37bffed12af25735af235ece5,source=INATURALIST; non-commercial licence
0dec9912-ce76-4868-bbfc-1154461bd9c8,SF008,Jenahak,Lutjanus johnii,WILD,test_clean,567a3e56fc4ee130,ATLAS_OF_LIVING_AUSTRALIA,https://www.inaturalist.org/observations/351660384,CC-BY-NC,REVIEW,Kjell Hensen,JENAHAK/atlas_of_living_australia/0dec9912-ce76-4868-bbfc-1154461bd9c8.jpg,567a3e56fc4ee1304dd4582dad0c47b80607663df731443f1b0600247a269cfd,source=ATLAS_OF_LIVING_AUSTRALIA; non-commercial licence
11d6eb09-3dba-4b9f-81dd-deafbf079f4b,SF008,Jenahak,Lutjanus johnii,WILD,test_clean,ea115f0053810050,INATURALIST,https://www.inaturalist.org/observations/331531552,CC-BY-NC,REVIEW,"(c) red flaming inferno, some rights reserved (CC BY-NC)",JENAHAK/inaturalist/11d6eb09-3dba-4b9f-81dd-deafbf079f4b.jpg,ea115f005381005093237f9c349bdf614dcf8f03e8dbdcd0fb4b582b763848da,source=INATURALIST; non-commercial licence
13ad4ac6-dd15-49c1-b017-e0a3866d4a45,SF008,Jenahak,Lutjanus johnii,WILD,test_clean,00d96a74cde0d61d,INATURALIST,https://www.inaturalist.org/observations/258930239,CC-BY-NC-SA,REVIEW,"(c) Vivek.N.Rathod, some rights reserved (CC BY-NC-SA)",JENAHAK/inaturalist/13ad4ac6-dd15-49c1-b017-e0a3866d4a45.jpg,00d96a74cde0d61d58fabd7bfce27093ba1bc2f9329a1babdd89c410b5c1846d,source=INATURALIST; non-commercial licence
14f9afc3-668a-4c3d-a4bf-f7fb12dfd4e7,SF008,Jenahak,Lutjanus johnii,WILD,train,4d3ee7557406e3eb,ATLAS_OF_LIVING_AUSTRALIA,https://www.inaturalist.org/observations/261210926,CC-BY-NC,REVIEW,Snow Dennis,JENAHAK/atlas_of_living_australia/14f9afc3-668a-4c3d-a4bf-f7fb12dfd4e7.jpg,4d3ee7557406e3eb452797871cd1c16803655c83f2d891e6fe813142cce91f13,source=ATLAS_OF_LIVING_AUSTRALIA; non-commercial licence
159bc324-5d20-4b1b-902b-de54c01ba9d8,SF008,Jenahak,Lutjanus johnii,WILD,train,410741af456583f8,INATURALIST,https://www.inaturalist.org/observations/308655090,CC-BY-NC-SA,REVIEW,"(c) Vivek.N.Rathod, some rights reserved (CC BY-NC-SA)",JENAHAK/inaturalist/159bc324-5d20-4b1b-902b-de54c01ba9d8.jpg,410741af456583f8861bd6cc863d248bd92b46993a578e010669155607e27a1e,source=INATURALIST; non-commercial licence
15b35a44-2fe7-456f-b2aa-4dbd67ab140d,SF008,Jenahak,Lutjanus johnii,WILD,train,0470f68ebbc614a9,GBIF,https://www.inaturalist.org/observations/186529297,CC-BY-NC,REVIEW,Matt Wilkie,JENAHAK/gbif/15b35a44-2fe7-456f-b2aa-4dbd67ab140d.jpg,0470f68ebbc614a998c3609678adb5423b1428920d0b09cd9c035c27fd12a0e8,source=GBIF; non-commercial licence
15cc60e6-6235-47f4-923e-175b93eeede5,SF008,Jenahak,Lutjanus johnii,WILD,train,6af56beaa079cf66,ATLAS_OF_LIVING_AUSTRALIA,https://www.inaturalist.org/observations/8872383,CC-BY-NC-SA,REVIEW,Nick Lambert,JENAHAK/atlas_of_living_australia/15cc60e6-6235-47f4-923e-175b93eeede5.jpg,6af56beaa079cf6649204c259c95288cc3115d24721f419bc03d668869363125,source=ATLAS_OF_LIVING_AUSTRALIA; non-commercial licence
1614fc6b-9841-4f0e-aeea-d93fcce4e617,SF008,Jenahak,Lutjanus johnii,WILD,train,511ccf5e010251df,GBIF,https://www.inaturalist.org/observations/245940875,CC-BY-NC,REVIEW,Jigar Patel,JENAHAK/gbif/1614fc6b-9841-4f0e-aeea-d93fcce4e617.jpg,511ccf5e010251dfc53e73ab7ee599880b6abd347bfffed879a9b0f82643c3d6,source=GBIF; non-commercial licence
164b4de7-c0d6-49b9-950e-70258243cd11,SF008,Jenahak,Lutjanus johnii,WILD,train,7ab735d69463ed3e,INATURALIST,https://www.inaturalist.org/observations/259330320,CC-BY-NC,REVIEW,"(c) may88, some rights reserved (CC BY-NC)",JENAHAK/inaturalist/164b4de7-c0d6-49b9-950e-70258243cd11.jpg,7ab735d69463ed3e7c17d5d7b69e1c7b3ed67ef84cc118d0d785f36177452128,source=INATURALIST; non-commercial licence
1724b626-c6a5-41b6-bc34-08176fedbe98,SF008,Jenahak,Lutjanus johnii,WILD,train,f3a1154041916056,ATLAS_OF_LIVING_AUSTRALIA,https://www.inaturalist.org/observations/246888773,CC-BY-NC,REVIEW,Adam Smith,JENAHAK/atlas_of_living_australia/1724b626-c6a5-41b6-bc34-08176fedbe98.jpg,f3a1154041916056b8777c03fde5251a373fdf5c2ea02ea7a0d55e30e5753f4d,source=ATLAS_OF_LIVING_AUSTRALIA; non-commercial licence
17ca3a22-600a-45a9-af94-5a4d0f96fc9a,SF008,Jenahak,Lutjanus johnii,WILD,train,37cea95aa6c5414e,GBIF,https://www.inaturalist.org/observations/226066734,CC-BY-NC,REVIEW,fraserasquith,JENAHAK/gbif/17ca3a22-600a-45a9-af94-5a4d0f96fc9a.jpg,37cea95aa6c5414e1180fbf539a212e06b8539eea066697716f3b3a7b3866448,source=GBIF; non-commercial licence
187bbf50-35e0-4b85-bbc8-1fd332a1e990,SF008,Jenahak,Lutjanus johnii,WILD,train,dcb02e0567926326,ATLAS_OF_LIVING_AUSTRALIA,https://www.inaturalist.org/observations/190383595,CC-BY-NC,REVIEW,Adam Smith,JENAHAK/atlas_of_living_australia/187bbf50-35e0-4b85-bbc8-1fd332a1e990.jpg,dcb02e05679263262cb3e2c33b657805777a688fca6424e7c77adbb8f3600531,source=ATLAS_OF_LIVING_AUSTRALIA; non-commercial licence
18cc8d0e-45db-483e-8349-70875bb1a968,SF008,Jenahak,Lutjanus johnii,WILD,train,2db1ea6058db7c61,INATURALIST,https://www.inaturalist.org/observations/341850870,CC-BY-NC,REVIEW,"(c) stanlhota, some rights reserved (CC BY-NC)",JENAHAK/inaturalist/18cc8d0e-45db-483e-8349-70875bb1a968.jpg,2db1ea6058db7c619e33ef0ba4713c4350e7ca5aafaa6a9e21474528bd93d829,source=INATURALIST; non-commercial licence
1cc36f12-a264-436d-8e64-b5d5169a04c9,SF008,Jenahak,Lutjanus johnii,WILD,train,3bcd579f9a50dcb0,ATLAS_OF_LIVING_AUSTRALIA,https://www.inaturalist.org/observations/271894674,CC-BY-NC,REVIEW,Adam Smith,JENAHAK/atlas_of_living_australia/1cc36f12-a264-436d-8e64-b5d5169a04c9.jpg,3bcd579f9a50dcb060e8508c5f6a1608b2dcde63678437f5c3b31ebdce93e4be,source=ATLAS_OF_LIVING_AUSTRALIA; non-commercial licence
20c22271-6c79-4e8f-8dd0-636bfde91946,SF008,Jenahak,Lutjanus johnii,WILD,train,8ca322ab9cf690bd,INATURALIST,https://www.inaturalist.org/observations/313265738,CC-BY-NC-SA,REVIEW,"(c) Vivek.N.Rathod, some rights reserved (CC BY-NC-SA)",JENAHAK/inaturalist/20c22271-6c79-4e8f-8dd0-636bfde91946.jpg,8ca322ab9cf690bddcea606115ed3663b7c4aeeaa1f40ced619caedb77872ab5,source=INATURALIST; non-commercial licence
21d4f2de-5d99-4999-88f5-ea7616b0c26c,SF008,Jenahak,Lutjanus johnii,WILD,train,95d3df75037211e2,INATURALIST,https://www.inaturalist.org/observations/303437586,CC-BY-NC-SA,REVIEW,"(c) Vivek.N.Rathod, some rights reserved (CC BY-NC-SA)",JENAHAK/inaturalist/21d4f2de-5d99-4999-88f5-ea7616b0c26c.jpg,95d3df75037211e245e9f3f6395b6acc7b23e521269e7ee0d3a695e396eb6c8c,source=INATURALIST; non-commercial licence
227938f5-cff4-4861-af11-0506138c67c1,SF008,Jenahak,Lutjanus johnii,WILD,val,deda423f50519690,INATURALIST,https://www.inaturalist.org/observations/253727488,CC-BY-NC-SA,REVIEW,"(c) Vivek.N.Rathod, some rights reserved (CC BY-NC-SA)",JENAHAK/inaturalist/227938f5-cff4-4861-af11-0506138c67c1.jpg,deda423f5051969099035278888dc86fb099838be8dab84f608b386346928f54,source=INATURALIST; non-commercial licence
26ae6414-3dfe-4323-a887-9a60c7966684,SF008,Jenahak,Lutjanus johnii,WILD,train,abb59b0647a1e28d,ATLAS_OF_LIVING_AUSTRALIA,https://www.inaturalist.org/observations/335900012,CC-BY-NC,REVIEW,Nicolò Palumbo,JENAHAK/atlas_of_living_australia/26ae6414-3dfe-4323-a887-9a60c7966684.jpg,abb59b0647a1e28d72f9e8fd27fe4fa4198ef422d000dc988749b10105b0cafb,source=ATLAS_OF_LIVING_AUSTRALIA; non-commercial licence
2c8548ae-1c81-4e0c-bb1a-e1ab5480e648,SF008,Jenahak,Lutjanus johnii,WILD,train,aa058bb4e7117f23,INATURALIST,https://www.inaturalist.org/observations/258930603,CC-BY-NC,REVIEW,"(c) awesomefish, some rights reserved (CC BY-NC)",JENAHAK/inaturalist/2c8548ae-1c81-4e0c-bb1a-e1ab5480e648.jpg,aa058bb4e7117f231d4635762879d42bb38d6fb256194bf5e992f975f44b5a3d,source=INATURALIST; non-commercial licence
3062a657-4e88-460b-8225-eb085072323c,SF008,Jenahak,Lutjanus johnii,WILD,train,b5e225ec3054d6fd,ATLAS_OF_LIVING_AUSTRALIA,https://www.inaturalist.org/observations/383485556,CC-BY-NC,REVIEW,TANIGAKI Taketo,JENAHAK/atlas_of_living_australia/3062a657-4e88-460b-8225-eb085072323c.jpg,b5e225ec3054d6fde56edde95fbfe40c9b23f1570922ffbfdf1f7b044fcc30af,source=ATLAS_OF_LIVING_AUSTRALIA; non-commercial licence
3386e8b0-c77c-4a18-9f27-14e069f64c2d,SF008,Jenahak,Lutjanus johnii,WILD,train,154fe773758754c7,GBIF,https://www.inaturalist.org/observations/138256216,CC-BY-NC,REVIEW,Vatcharavee Sriprasertsil,JENAHAK/gbif/3386e8b0-c77c-4a18-9f27-14e069f64c2d.jpg,154fe773758754c76f6c0b9d9d25b0210a6e7a354cda8a9d3950d4d20087ae1e,source=GBIF; non-commercial licence
35b54d8e-b915-44be-8988-94fed6526f75,SF008,Jenahak,Lutjanus johnii,WILD,val,d626b6fc65bb69f5,INATURALIST,https://www.inaturalist.org/observations/310130174,CC-BY-NC-SA,REVIEW,"(c) Vivek.N.Rathod, some rights reserved (CC BY-NC-SA)",JENAHAK/inaturalist/35b54d8e-b915-44be-8988-94fed6526f75.jpg,d626b6fc65bb69f58c6adac31103be30e324dcc6b0ae1060d73f6e4b1a1daa8f,source=INATURALIST; non-commercial licence
39037a16-1a10-45c9-b59c-0b4f2cdb13be,SF008,Jenahak,Lutjanus johnii,WILD,train,ac4b0f58083c0ea3,INATURALIST,https://www.inaturalist.org/observations/339280831,CC-BY-NC,REVIEW,"(c) สุเมธ ทองด้วง, some rights reserved (CC BY-NC)",JENAHAK/inaturalist/39037a16-1a10-45c9-b59c-0b4f2cdb13be.jpg,ac4b0f58083c0ea34e542d829e0cf800c252d0c43456f9ed5de988ddddceadff,source=INATURALIST; non-commercial licence
3a4ba6c6-f7d5-4178-ac29-18bcc7434670,SF008,Jenahak,Lutjanus johnii,WILD,test_clean,915e9becef623eaa,GBIF,https://www.inaturalist.org/observations/186529297,CC-BY-NC,REVIEW,Matt Wilkie,JENAHAK/gbif/3a4ba6c6-f7d5-4178-ac29-18bcc7434670.jpg,915e9becef623eaa5bb6dbc0a9012ef89a5e14818f9109cb264e0453779a2001,source=GBIF; non-commercial licence
3b0fd5e1-025e-4948-8887-5039487cfe1e,SF008,Jenahak,Lutjanus johnii,WILD,val,b0c3f8e0ce4a3075,INATURALIST,https://www.inaturalist.org/observations/308655090,CC-BY-NC-SA,REVIEW,"(c) Vivek.N.Rathod, some rights reserved (CC BY-NC-SA)",JENAHAK/inaturalist/3b0fd5e1-025e-4948-8887-5039487cfe1e.jpg,b0c3f8e0ce4a30750861e6043c0c4f08a65b42dcf74458caa5bb9e44edb7356f,source=INATURALIST; non-commercial licence
3d389080-ee69-4049-a645-69d389e3bca7,SF008,Jenahak,Lutjanus johnii,WILD,train,e4e8238cc6b9805b,ATLAS_OF_LIVING_AUSTRALIA,https://www.inaturalist.org/observations/259330320,CC-BY-NC,REVIEW,may88,JENAHAK/atlas_of_living_australia/3d389080-ee69-4049-a645-69d389e3bca7.jpg,e4e8238cc6b9805b96e6e88e38e5a2403ff38d55135032a241f10e2e9009fb18,source=ATLAS_OF_LIVING_AUSTRALIA; non-commercial licence
3dc40027-61ab-45ae-bc94-7bd2fc2c046c,SF008,Jenahak,Lutjanus johnii,WILD,val,893186cdc1bbb19f,INATURALIST,https://www.inaturalist.org/observations/354914820,CC-BY-NC,REVIEW,"(c) jerlisa, some rights reserved (CC BY-NC)",JENAHAK/inaturalist/3dc40027-61ab-45ae-bc94-7bd2fc2c046c.jpg,893186cdc1bbb19fe84df0dc6baa8c470a5918d157b425fffef2521d9526d08b,source=INATURALIST; non-commercial licence
3fa18510-0a5f-430a-970d-632959ae9de6,SF008,Jenahak,Lutjanus johnii,WILD,val,0fd9bcd3b307783a,INATURALIST,https://www.inaturalist.org/observations/380980425,CC-BY-NC-SA,REVIEW,"(c) Vivek.N.Rathod, some rights reserved (CC BY-NC-SA)",JENAHAK/inaturalist/3fa18510-0a5f-430a-970d-632959ae9de6.jpg,0fd9bcd3b307783a6dc4fd0b10938cd114c311177d75bcfd868966a7312a0c71,source=INATURALIST; non-commercial licence
4248afbb-573e-4454-98b1-1523e00da095,SF008,Jenahak,Lutjanus johnii,WILD,train,0e02e9d432e12e4c,ATLAS_OF_LIVING_AUSTRALIA,https://www.inaturalist.org/observations/308094183,CC-BY-NC,REVIEW,dusk38,JENAHAK/atlas_of_living_australia/4248afbb-573e-4454-98b1-1523e00da095.jpg,0e02e9d432e12e4c085b8880b40a284faeba45f029f6958cfa3f02a52d5767c3,source=ATLAS_OF_LIVING_AUSTRALIA; non-commercial licence
42ed932d-29d5-4ef1-88ea-9708451da33c,SF008,Jenahak,Lutjanus johnii,WILD,train,5e09dd127805dacc,INATURALIST,https://www.inaturalist.org/observations/251962607,CC-BY-NC,REVIEW,"(c) pelagis_05, some rights reserved (CC BY-NC)",JENAHAK/inaturalist/42ed932d-29d5-4ef1-88ea-9708451da33c.jpg,5e09dd127805dacc03d5923001ee29f10e493be3524b07920440729d54aa7007,source=INATURALIST; non-commercial licence
43b53ad0-aafa-44db-83a5-c05fc4fe9434,SF008,Jenahak,Lutjanus johnii,WILD,train,b745638b00900f4e,ATLAS_OF_LIVING_AUSTRALIA,https://www.inaturalist.org/observations/139321253,CC-BY-NC,REVIEW,Matt Wilkie,JENAHAK/atlas_of_living_australia/43b53ad0-aafa-44db-83a5-c05fc4fe9434.jpg,b745638b00900f4eae3fb0276f74a02caae0e653e59ccc828b4e43f6122a9f19,source=ATLAS_OF_LIVING_AUSTRALIA; non-commercial licence
43ea74f2-0296-4853-8192-b2e095e07bfe,SF008,Jenahak,Lutjanus johnii,WILD,train,5ae7c4901b553c5b,ATLAS_OF_LIVING_AUSTRALIA,https://www.inaturalist.org/observations/17479868,CC-BY-NC-SA,REVIEW,Vin Rushworth,JENAHAK/atlas_of_living_australia/43ea74f2-0296-4853-8192-b2e095e07bfe.jpg,5ae7c4901b553c5b024267decb240c2a23c0271faeb9c6213b73f305a1c3fa93,source=ATLAS_OF_LIVING_AUSTRALIA; non-commercial licence
48fe5cc7-3054-45b3-9278-f3ddf129a848,SF008,Jenahak,Lutjanus johnii,WILD,train,c33e9883bd5d6e64,INATURALIST,https://www.inaturalist.org/observations/259325509,CC-BY-NC,REVIEW,"(c) may88, some rights reserved (CC BY-NC)",JENAHAK/inaturalist/48fe5cc7-3054-45b3-9278-f3ddf129a848.jpg,c33e9883bd5d6e643dd57b15fa3b15f526ac7fda55d3b160c8e1e1e39675dbaa,source=INATURALIST; non-commercial licence
492810f2-4daf-4102-b440-4afc7c07ed19,SF008,Jenahak,Lutjanus johnii,WILD,train,88de6c2807c74e12,INATURALIST,https://www.inaturalist.org/observations/302593381,CC-BY-NC-SA,REVIEW,"(c) Vivek.N.Rathod, some rights reserved (CC BY-NC-SA)",JENAHAK/inaturalist/492810f2-4daf-4102-b440-4afc7c07ed19.jpg,88de6c2807c74e12ca9a53c94e0556765b5f0d2ad2a1912de7814efbc2685cde,source=INATURALIST; non-commercial licence
49f98b21-ab8c-4b3d-a4cb-76215bf69b36,SF008,Jenahak,Lutjanus johnii,WILD,test_clean,9cdecbb10e3add5f,GBIF,https://www.inaturalist.org/observations/245940875,CC-BY-NC,REVIEW,Jigar Patel,JENAHAK/gbif/49f98b21-ab8c-4b3d-a4cb-76215bf69b36.jpg,9cdecbb10e3add5f79ca26f35ba241e38007681770ef8d978054ef773ddf9189,source=GBIF; non-commercial licence
49fc5dd2-16a8-4cef-91da-eede2d8f4d51,SF008,Jenahak,Lutjanus johnii,WILD,train,2af9cc5f60af0b1b,ATLAS_OF_LIVING_AUSTRALIA,https://www.inaturalist.org/observations/335596406,CC-BY-NC,REVIEW,Wxs,JENAHAK/atlas_of_living_australia/49fc5dd2-16a8-4cef-91da-eede2d8f4d51.jpg,2af9cc5f60af0b1b78259ed5cb4c32003a6d830c1ff20dff03d0a5111d92a9bc,source=ATLAS_OF_LIVING_AUSTRALIA; non-commercial licence
4b132da3-f864-40c8-92c3-735489fdab4e,SF008,Jenahak,Lutjanus johnii,WILD,train,401b8e97bbe9711b,GBIF,https://www.inaturalist.org/observations/216752986,CC-BY-NC,REVIEW,thegreatape18,JENAHAK/gbif/4b132da3-f864-40c8-92c3-735489fdab4e.jpg,401b8e97bbe9711b3b6ce0f656a080be99739a875901a28c159ceac27cdcb770,source=GBIF; non-commercial licence
4c550750-5c17-4c5d-9393-34f72da608ce,SF008,Jenahak,Lutjanus johnii,WILD,train,6a9b2bc1e236a060,GBIF,https://www.inaturalist.org/observations/72249214,CC-BY-NC,REVIEW,Gomen See,JENAHAK/gbif/4c550750-5c17-4c5d-9393-34f72da608ce.jpg,6a9b2bc1e236a0607b8080d3899ea096e65e01a9dbcb36297877f94e3f576ab1,source=GBIF; non-commercial licence
4d73b68a-3c66-43b2-b102-41a23e6ab31b,SF008,Jenahak,Lutjanus johnii,WILD,train,28636c2792dad5d5,ATLAS_OF_LIVING_AUSTRALIA,https://www.inaturalist.org/observations/8872383,CC-BY-NC-SA,REVIEW,Nick Lambert,JENAHAK/atlas_of_living_australia/4d73b68a-3c66-43b2-b102-41a23e6ab31b.jpg,28636c2792dad5d51794e3d3beddf50904994baf52784928b0ced38c748185b0,source=ATLAS_OF_LIVING_AUSTRALIA; non-commercial licence
4e98dc7b-024b-4551-b099-f26b8f3714ed,SF008,Jenahak,Lutjanus johnii,WILD,train,c33e9883bd5d6e64,ATLAS_OF_LIVING_AUSTRALIA,https://www.inaturalist.org/observations/259330320,CC-BY-NC,REVIEW,may88,JENAHAK/atlas_of_living_australia/4e98dc7b-024b-4551-b099-f26b8f3714ed.jpg,a593d60e4c6275bc1d4082b4bbb7e0636db4b34ee0bf23be0bc917478648b9e3,source=ATLAS_OF_LIVING_AUSTRALIA; non-commercial licence
4ee6ff11-e005-41c4-90d2-d37c77b9dca6,SF008,Jenahak,Lutjanus johnii,WILD,train,feac936c64b3f3ae,GBIF,https://www.inaturalist.org/observations/187851677,CC-BY-NC,REVIEW,Niran Anurakpongsathorn,JENAHAK/gbif/4ee6ff11-e005-41c4-90d2-d37c77b9dca6.jpg,feac936c64b3f3ae3186a168c774722d2fd2d12633e7f5bab1c9d359646f7016,source=GBIF; non-commercial licence
4f87b1c8-1c2c-4443-9118-6335484df34e,SF008,Jenahak,Lutjanus johnii,WILD,train,8b9e57cc9750fe68,ATLAS_OF_LIVING_AUSTRALIA,https://www.inaturalist.org/observations/198273810,CC-BY-NC,REVIEW,Adam Smith,JENAHAK/atlas_of_living_australia/4f87b1c8-1c2c-4443-9118-6335484df34e.jpg,8b9e57cc9750fe6896c971747dcec71a43e90fb40ca9f8f1369e7bab2adc8ab0,source=ATLAS_OF_LIVING_AUSTRALIA; non-commercial licence
50c6e2a8-eac2-477d-a611-5a48479b3225,SF008,Jenahak,Lutjanus johnii,WILD,train,6372ade6c9cc093f,INATURALIST,https://www.inaturalist.org/observations/324333416,CC-BY-NC,REVIEW,"(c) 駿, some rights reserved (CC BY-NC)",JENAHAK/inaturalist/50c6e2a8-eac2-477d-a611-5a48479b3225.jpg,6372ade6c9cc093f7c6b4e69bf577c0673dae6062f3fcb0e04c0a8b9e453c902,source=INATURALIST; non-commercial licence
51aa89da-780b-402c-ab35-b98604ffbcea,SF008,Jenahak,Lutjanus johnii,WILD,train,06e4064450b9d9ae,ATLAS_OF_LIVING_AUSTRALIA,https://www.inaturalist.org/observations/71862231,CC-BY-NC,REVIEW,grisper1,JENAHAK/atlas_of_living_australia/51aa89da-780b-402c-ab35-b98604ffbcea.jpg,06e4064450b9d9ae130cfca7630de52db76f5cc0ddee20b3866ad8698ca2a1e4,source=ATLAS_OF_LIVING_AUSTRALIA; non-commercial licence
5265d8b0-deaa-4d17-8279-b4a57937b8ab,SF008,Jenahak,Lutjanus johnii,WILD,val,c5652623486ea701,GBIF,https://www.inaturalist.org/observations/127737870,CC-BY-NC,REVIEW,Dominick Porcelli,JENAHAK/gbif/5265d8b0-deaa-4d17-8279-b4a57937b8ab.jpg,c5652623486ea701530708247b63dc7af4672a6f4115ae6eea450e21c45eb9ed,source=GBIF; non-commercial licence
5494e579-b160-4adb-9765-6a3ba112f893,SF008,Jenahak,Lutjanus johnii,WILD,val,9e68bbd7a2f24c72,INATURALIST,https://www.inaturalist.org/observations/260263689,CC-BY-NC,REVIEW,"(c) ARNAB KUMAR SAMANTA, some rights reserved (CC BY-NC)",JENAHAK/inaturalist/5494e579-b160-4adb-9765-6a3ba112f893.jpg,9e68bbd7a2f24c72f9c7e3f38da52c95267b13ed9ba595d6175fb45d676e7114,source=INATURALIST; non-commercial licence
54c9cd91-7343-41a3-a17e-31c857ab4674,SF008,Jenahak,Lutjanus johnii,WILD,test_clean,82a031c8693718a5,ATLAS_OF_LIVING_AUSTRALIA,https://www.inaturalist.org/observations/222611544,CC-BY-NC,REVIEW,Adam Smith,JENAHAK/atlas_of_living_australia/54c9cd91-7343-41a3-a17e-31c857ab4674.jpg,82a031c8693718a54d85e3516f330dfb009989c328e18921f3deaac75a05f33b,source=ATLAS_OF_LIVING_AUSTRALIA; non-commercial licence
5805eed6-e06c-470d-b0f4-69c1f27f72e6,SF008,Jenahak,Lutjanus johnii,WILD,train,bde18467bd2bf6bb,INATURALIST,https://www.inaturalist.org/observations/383485556,CC-BY-NC,REVIEW,"(c) TANIGAKI Taketo, some rights reserved (CC BY-NC)",JENAHAK/inaturalist/5805eed6-e06c-470d-b0f4-69c1f27f72e6.jpg,bde18467bd2bf6bb1807272cee5ea42c233679531e2b47054282f3c642bfcbf0,source=INATURALIST; non-commercial licence
599ae64f-de47-48bc-bc6f-902fe823f6cd,SF008,Jenahak,Lutjanus johnii,WILD,val,282c3aff63cf5f8f,GBIF,https://www.inaturalist.org/observations/91484450,CC-BY-NC,REVIEW,tern911,JENAHAK/gbif/599ae64f-de47-48bc-bc6f-902fe823f6cd.jpg,282c3aff63cf5f8f636d3f2dafc72dde188fbb3c19c549efe7b60294ed37d626,source=GBIF; non-commercial licence
59ecce17-6752-48c8-8f28-3adf6fcec7c2,SF008,Jenahak,Lutjanus johnii,WILD,train,ee8115c82cdcad54,ATLAS_OF_LIVING_AUSTRALIA,https://www.inaturalist.org/observations/268660822,CC-BY-NC,REVIEW,Stephen Fricker,JENAHAK/atlas_of_living_australia/59ecce17-6752-48c8-8f28-3adf6fcec7c2.jpg,ee8115c82cdcad54a571df4d3ec61fedb1ad0eb7cc984faf33ffd4dc9e034fe8,source=ATLAS_OF_LIVING_AUSTRALIA; non-commercial licence
5ace0985-1928-4cd1-a7f1-6b68a906dcdd,SF008,Jenahak,Lutjanus johnii,WILD,train,db1fa6b385e3b5e9,INATURALIST,https://www.inaturalist.org/observations/261211186,CC-BY-NC,REVIEW,"(c) Snow Dennis, some rights reserved (CC BY-NC)",JENAHAK/inaturalist/5ace0985-1928-4cd1-a7f1-6b68a906dcdd.jpg,db1fa6b385e3b5e9bb74fce2a0d8f14f2d6cbde8f740d5532800683214591428,source=INATURALIST; non-commercial licence
5cecc2ff-2417-42fb-9d2d-d25905f46aab,SF008,Jenahak,Lutjanus johnii,WILD,train,3f27a5fd550658c5,INATURALIST,https://www.inaturalist.org/observations/346340798,CC-BY-NC-SA,REVIEW,"(c) Vivek.N.Rathod, some rights reserved (CC BY-NC-SA)",JENAHAK/inaturalist/5cecc2ff-2417-42fb-9d2d-d25905f46aab.jpg,3f27a5fd550658c527188155894eb2cfb22d1ca0b48b6de3d927d64364024233,source=INATURALIST; non-commercial licence
5d0bd618-21bf-421e-9e9b-a9358f49387d,SF008,Jenahak,Lutjanus johnii,WILD,train,2bf5cd8b79178f84,INATURALIST,https://www.inaturalist.org/observations/303388444,CC-BY-NC-SA,REVIEW,"(c) Vivek.N.Rathod, some rights reserved (CC BY-NC-SA)",JENAHAK/inaturalist/5d0bd618-21bf-421e-9e9b-a9358f49387d.jpg,2bf5cd8b79178f842ead725f28d3544dd2213ffa87448d2fe0aae413bdd32ba0,source=INATURALIST; non-commercial licence
5d9fe12e-1b3b-47c6-9c02-5416a97e25c6,SF008,Jenahak,Lutjanus johnii,WILD,val,ec70499f53ae70d1,INATURALIST,https://www.inaturalist.org/observations/308655090,CC-BY-NC-SA,REVIEW,"(c) Vivek.N.Rathod, some rights reserved (CC BY-NC-SA)",JENAHAK/inaturalist/5d9fe12e-1b3b-47c6-9c02-5416a97e25c6.jpg,ec70499f53ae70d1446c8f64ab642978d017a461411a7cf3791af893919354a4,source=INATURALIST; non-commercial licence
5e614421-d9d9-4dd8-b707-abff6647c0e3,SF008,Jenahak,Lutjanus johnii,WILD,train,887d5a423a6e0833,INATURALIST,https://www.inaturalist.org/observations/310947321,CC-BY,YES,"(c) Ong Jyh Seng, some rights reserved (CC BY)",JENAHAK/inaturalist/5e614421-d9d9-4dd8-b707-abff6647c0e3.jpg,887d5a423a6e083329dc0589e06f546400586bb3c4dd262609d7875f34dfcd63,source=INATURALIST
61ed08ef-8daf-4c26-b11a-626bd1e33889,SF008,Jenahak,Lutjanus johnii,WILD,test_clean,16753a715c699d19,ATLAS_OF_LIVING_AUSTRALIA,https://www.inaturalist.org/observations/139321253,CC-BY-NC,REVIEW,Matt Wilkie,JENAHAK/atlas_of_living_australia/61ed08ef-8daf-4c26-b11a-626bd1e33889.jpg,16753a715c699d1940a81914437ce5fa68c5d2acfddf24914855ed3eccb6a8af,source=ATLAS_OF_LIVING_AUSTRALIA; non-commercial licence
62da57b8-72f0-4cde-92a4-59995a7b8aaf,SF008,Jenahak,Lutjanus johnii,WILD,test_clean,21cf31f025fc10ac,GBIF,https://www.inaturalist.org/observations/187851677,CC-BY-NC,REVIEW,Niran Anurakpongsathorn,JENAHAK/gbif/62da57b8-72f0-4cde-92a4-59995a7b8aaf.jpg,21cf31f025fc10ac0eafe6a525e12e8e7b3d70d06bb2232eba1bf81678ac6b3e,source=GBIF; non-commercial licence
62eb0770-ad10-42b8-a4f8-98bdd895217a,SF008,Jenahak,Lutjanus johnii,WILD,train,23203cd3d0e133ad,GBIF,https://www.inaturalist.org/observations/84162021,CC-BY-NC,REVIEW,grisper1,JENAHAK/gbif/62eb0770-ad10-42b8-a4f8-98bdd895217a.jpg,23203cd3d0e133adab49b6a0933c16a16fe6c8a6d62239b6719bb8486338f3ce,source=GBIF; non-commercial licence
63bf7d1b-5fe7-4273-b0ab-f282e7126da3,SF008,Jenahak,Lutjanus johnii,WILD,test_clean,51e7b77cdbaee7b7,INATURALIST,https://www.inaturalist.org/observations/261211033,CC-BY-NC,REVIEW,"(c) Snow Dennis, some rights reserved (CC BY-NC)",JENAHAK/inaturalist/63bf7d1b-5fe7-4273-b0ab-f282e7126da3.jpg,51e7b77cdbaee7b7bd60fca79b571c6e5e5ea3c28e529d839d210384400e0146,source=INATURALIST; non-commercial licence
64c4551c-7e2e-4f2b-abe4-12a66e1a71e1,SF008,Jenahak,Lutjanus johnii,WILD,val,65044a033cb08c1a,WIKIMEDIA_COMMONS,https://commons.wikimedia.org/wiki/File:Mesoprion_johnii_-_-_Print_-_Iconographia_Zoologica_-_Special_Collections_University_of_Amsterdam_-_UBA01_IZ12900311.tif,PUBLIC-DOMAIN,YES,Iconographia Zoologica,JENAHAK/wikimedia_commons/64c4551c-7e2e-4f2b-abe4-12a66e1a71e1.jpg,65044a033cb08c1a00379645479211e0f0d7a2fcacfcc179b21d75c0b2129e18,source=WIKIMEDIA_COMMONS; taxon_match=EXACT_CATEGORY
67882208-78c2-47c1-8038-0d181add141d,SF008,Jenahak,Lutjanus johnii,WILD,train,f22d6360b1f3dce1,INATURALIST,https://www.inaturalist.org/observations/274926756,CC-BY-NC,REVIEW,"(c) Rohit Nikam, some rights reserved (CC BY-NC)",JENAHAK/inaturalist/67882208-78c2-47c1-8038-0d181add141d.jpg,f22d6360b1f3dce11ecda226d7b74b481f23b499cf062ebe5fb6909325197c65,source=INATURALIST; non-commercial licence
689da816-1f7b-4efe-a08a-575ab131af4b,SF008,Jenahak,Lutjanus johnii,WILD,test_clean,9f588e20c3837076,INATURALIST,https://www.inaturalist.org/observations/256004208,CC-BY-NC,REVIEW,"(c) tedart, some rights reserved (CC BY-NC)",JENAHAK/inaturalist/689da816-1f7b-4efe-a08a-575ab131af4b.jpg,9f588e20c38370762a7f25c672b7ade132b08bdf7776bc6fe3cf4cbf954250af,source=INATURALIST; non-commercial licence
68f8f49e-dd4b-4bc6-9a05-ce3f0c6a7a37,SF008,Jenahak,Lutjanus johnii,WILD,train,551837a55dee7ee3,WIKIMEDIA_COMMONS,"https://commons.wikimedia.org/wiki/File:Parasite140132-fig4_Philometra_sp._(Nematoda,_Philometridae)_from_Lutjanus_johnii.png",CC-BY,YES,"(2015). "" Two gonad-infecting species of Philometra (Nematoda: Philometridae) from marine fishes off the northern coast of Australia "". Parasite 22 : 4. DOI : 10.1051/parasite/2015008 . PMID 25654578 . ISSN 1776-1042 .",JENAHAK/wikimedia_commons/68f8f49e-dd4b-4bc6-9a05-ce3f0c6a7a37.jpg,551837a55dee7ee33d0e3243dd0620947da3a3df0bc3e6eda30f73b52038bf53,source=WIKIMEDIA_COMMONS; taxon_match=EXACT_CATEGORY
6b24f30a-5ddb-4da9-9d00-607400e72dfc,SF008,Jenahak,Lutjanus johnii,WILD,train,29d5633ebb00db66,INATURALIST,https://www.inaturalist.org/observations/383485556,CC-BY-NC,REVIEW,"(c) TANIGAKI Taketo, some rights reserved (CC BY-NC)",JENAHAK/inaturalist/6b24f30a-5ddb-4da9-9d00-607400e72dfc.jpg,29d5633ebb00db6683fdaeb3825ffbb95675e3fcf5a19226638ba6e81f7b02e6,source=INATURALIST; non-commercial licence
6b54f9d9-574f-49c7-9b69-6dedfa80a3c6,SF008,Jenahak,Lutjanus johnii,WILD,train,153ca49d23f12e30,ATLAS_OF_LIVING_AUSTRALIA,https://www.inaturalist.org/observations/107455272,CC-BY-NC,REVIEW,Adam Smith,JENAHAK/atlas_of_living_australia/6b54f9d9-574f-49c7-9b69-6dedfa80a3c6.jpg,153ca49d23f12e3055395f3e509d775f5a6b9680268e77c2fb608ce219b536b5,source=ATLAS_OF_LIVING_AUSTRALIA; non-commercial licence
6ea1ee24-f83e-4dbb-a19d-40e1db28e4b7,SF008,Jenahak,Lutjanus johnii,WILD,test_clean,598dce06d0ac3944,INATURALIST,https://www.inaturalist.org/observations/324023335,CC-BY-NC,REVIEW,"(c) Masatoshi Sone, some rights reserved (CC BY-NC)",JENAHAK/inaturalist/6ea1ee24-f83e-4dbb-a19d-40e1db28e4b7.jpg,598dce06d0ac394496b46fcd4c566e40a19afb4a06bee13993e0ccc664d125ba,source=INATURALIST; non-commercial licence
70e8183b-7196-4471-a17f-c70979787028,SF008,Jenahak,Lutjanus johnii,WILD,train,2bd46a514cf97e11,INATURALIST,https://www.inaturalist.org/observations/310970666,CC-BY-NC,REVIEW,"(c) Niran Anurakpongsathorn, some rights reserved (CC BY-NC)",JENAHAK/inaturalist/70e8183b-7196-4471-a17f-c70979787028.jpg,2bd46a514cf97e11ba184f0b695e9d8fb507516128bec027c8f1630b86e3f0b7,source=INATURALIST; non-commercial licence
71985acd-b48a-4565-b47c-e6e5950abe29,SF008,Jenahak,Lutjanus johnii,WILD,train,9e5923270ec4f938,INATURALIST,https://www.inaturalist.org/observations/253726546,CC-BY-NC-SA,REVIEW,"(c) Vivek.N.Rathod, some rights reserved (CC BY-NC-SA)",JENAHAK/inaturalist/71985acd-b48a-4565-b47c-e6e5950abe29.jpg,9e5923270ec4f93811f130abe276560eb4c96a38016af4954fc079e6f9fd551b,source=INATURALIST; non-commercial licence
72e6949c-5f7b-4e09-810c-0bb83cb047d2,SF008,Jenahak,Lutjanus johnii,WILD,train,5da574bfec74361f,INATURALIST,https://www.inaturalist.org/observations/329783143,CC-BY-NC,REVIEW,"(c) Subham Dalai, some rights reserved (CC BY-NC)",JENAHAK/inaturalist/72e6949c-5f7b-4e09-810c-0bb83cb047d2.jpg,5da574bfec74361ff0526ac17936ccf67b65227db7efcfaf4dc14e4a1ddc22d9,source=INATURALIST; non-commercial licence
73d1bab9-45c5-476f-b847-a4ff84ae1e7c,SF008,Jenahak,Lutjanus johnii,WILD,train,95af58e197376087,INATURALIST,https://www.inaturalist.org/observations/310130174,CC-BY-NC-SA,REVIEW,"(c) Vivek.N.Rathod, some rights reserved (CC BY-NC-SA)",JENAHAK/inaturalist/73d1bab9-45c5-476f-b847-a4ff84ae1e7c.jpg,95af58e1973760879bedb410aca7699cadfa88c2e486a19c96bc40be474b37f9,source=INATURALIST; non-commercial licence
775f7372-785a-461c-890a-c07b7f322857,SF008,Jenahak,Lutjanus johnii,WILD,train,b9ea46ab82a6b490,INATURALIST,https://www.inaturalist.org/observations/324093731,CC-BY-NC-SA,REVIEW,"(c) Vivek.N.Rathod, some rights reserved (CC BY-NC-SA)",JENAHAK/inaturalist/775f7372-785a-461c-890a-c07b7f322857.jpg,b9ea46ab82a6b49029cd92d1958387239fa921582b1f20b3e4c226a29c741188,source=INATURALIST; non-commercial licence
79101176-7c75-4897-b690-b3012178aec4,SF008,Jenahak,Lutjanus johnii,WILD,val,01fef8d4abd3f24a,INATURALIST,https://www.inaturalist.org/observations/311844931,CC-BY-NC-SA,REVIEW,"(c) Vivek.N.Rathod, some rights reserved (CC BY-NC-SA)",JENAHAK/inaturalist/79101176-7c75-4897-b690-b3012178aec4.jpg,01fef8d4abd3f24a53e94d7f9c4414f21d9f2cf00c220ded095ebd3bfdfadf5d,source=INATURALIST; non-commercial licence
7914e437-3544-4c6b-b8ef-e7a43fdbd074,SF008,Jenahak,Lutjanus johnii,WILD,train,99f67348f669e42f,ATLAS_OF_LIVING_AUSTRALIA,https://www.inaturalist.org/observations/21292070,CC-BY-NC,REVIEW,Bob Joynes,JENAHAK/atlas_of_living_australia/7914e437-3544-4c6b-b8ef-e7a43fdbd074.jpg,99f67348f669e42f40d64af364a3a4047a0abdcaed48f093841a6df4ed080d1b,source=ATLAS_OF_LIVING_AUSTRALIA; non-commercial licence
792f3086-2525-4a15-9ffa-432977eed462,SF008,Jenahak,Lutjanus johnii,WILD,train,e28c9f3421939637,GBIF,https://www.inaturalist.org/observations/188234099,CC-BY-NC,REVIEW,Callum Blacklaw,JENAHAK/gbif/792f3086-2525-4a15-9ffa-432977eed462.jpg,e28c9f3421939637a8cef98ad17f061ca5b7d3f254e0444579196bceed376a67,source=GBIF; non-commercial licence
7ba61eb0-2d70-4d21-9929-e818708a679e,SF008,Jenahak,Lutjanus johnii,WILD,train,a9848a4e3dcdb605,GBIF,https://www.inaturalist.org/observations/193201651,CC-BY-NC,REVIEW,Jiayuan Lin,JENAHAK/gbif/7ba61eb0-2d70-4d21-9929-e818708a679e.jpg,a9848a4e3dcdb6054b5380767167fab319ee8b64cd0d6eaedcf6522c0b951251,source=GBIF; non-commercial licence
7db83c1b-877c-4420-adb2-6c77e13ed4b3,SF008,Jenahak,Lutjanus johnii,WILD,train,335bfe6196bbf8f6,GBIF,https://www.inaturalist.org/observations/195558305,CC-BY-NC,REVIEW,tedart,JENAHAK/gbif/7db83c1b-877c-4420-adb2-6c77e13ed4b3.jpg,335bfe6196bbf8f6775479539259733a17667c12b4793e5eaf0e6e6a886014f7,source=GBIF; non-commercial licence
7e03d4c1-008c-44f0-8034-d59aeb29b779,SF008,Jenahak,Lutjanus johnii,WILD,train,557f530cf5122da4,GBIF,https://www.inaturalist.org/observations/61188703,CC-BY-NC,REVIEW,Kaustubh Sandip Warde,JENAHAK/gbif/7e03d4c1-008c-44f0-8034-d59aeb29b779.jpg,557f530cf5122da47e3347a4d3e3d6956debfba6c4fee5f3c9bc6345375ef48e,source=GBIF; non-commercial licence
82ac5ca2-3d20-4ddf-a61b-3c9ab975a92a,SF008,Jenahak,Lutjanus johnii,WILD,val,81e4449b1827a612,INATURALIST,https://www.inaturalist.org/observations/302038233,CC-BY-NC-SA,REVIEW,"(c) Vivek.N.Rathod, some rights reserved (CC BY-NC-SA)",JENAHAK/inaturalist/82ac5ca2-3d20-4ddf-a61b-3c9ab975a92a.jpg,81e4449b1827a61233b3503ee8bba8d6a98f14e443ccfb03b2feb6b7be3395ba,source=INATURALIST; non-commercial licence
83152e32-ffdb-44d7-afe7-d5fa82d6d1c3,SF008,Jenahak,Lutjanus johnii,WILD,train,48149b3207d63d91,ATLAS_OF_LIVING_AUSTRALIA,https://www.inaturalist.org/observations/222611474,CC-BY-NC,REVIEW,Adam Smith,JENAHAK/atlas_of_living_australia/83152e32-ffdb-44d7-afe7-d5fa82d6d1c3.jpg,48149b3207d63d9152db15172c09984d6d7887d433f77f4bff24f4a0f11f1306,source=ATLAS_OF_LIVING_AUSTRALIA; non-commercial licence
8406233e-d8f3-447f-b16d-a6c2a0c6eded,SF008,Jenahak,Lutjanus johnii,WILD,train,68fb64cdd0ce0b11,INATURALIST,https://www.inaturalist.org/observations/339870118,CC-BY-NC-SA,REVIEW,"(c) Vivek.N.Rathod, some rights reserved (CC BY-NC-SA)",JENAHAK/inaturalist/8406233e-d8f3-447f-b16d-a6c2a0c6eded.jpg,68fb64cdd0ce0b11d48a6e0818ad802d18397a79bae78a569015089dab4911ec,source=INATURALIST; non-commercial licence
864d2506-6a4e-4d64-90c5-04b5afc69e7c,SF008,Jenahak,Lutjanus johnii,WILD,test_clean,37ba0b75660d1d82,WIKIMEDIA_COMMONS,https://commons.wikimedia.org/wiki/File:Anthias_johnii_Bloch.png,PUBLIC-DOMAIN,YES,Naturgeschichte der ausländischen Fische. Berlin. Plate CCCXVIII.,JENAHAK/wikimedia_commons/864d2506-6a4e-4d64-90c5-04b5afc69e7c.jpg,37ba0b75660d1d82c91ec6e9fd875ca78ca97760f1cbf5d2e0142e2b0fe6db41,source=WIKIMEDIA_COMMONS; taxon_match=EXACT_CATEGORY
87a7e5ef-de23-407e-b116-48769e83de8e,SF008,Jenahak,Lutjanus johnii,WILD,train,b77b1690b72bc905,INATURALIST,https://www.inaturalist.org/observations/383485556,CC-BY-NC,REVIEW,"(c) TANIGAKI Taketo, some rights reserved (CC BY-NC)",JENAHAK/inaturalist/87a7e5ef-de23-407e-b116-48769e83de8e.jpg,b77b1690b72bc9052420d82f8046c2b4184dcac9f23c91d8b1abb1d87e284b57,source=INATURALIST; non-commercial licence
880ff788-0c6c-460a-88e1-2f9fbb8820f8,SF008,Jenahak,Lutjanus johnii,WILD,train,098a1ebce7243165,INATURALIST,https://www.inaturalist.org/observations/259325509,CC-BY-NC,REVIEW,"(c) may88, some rights reserved (CC BY-NC)",JENAHAK/inaturalist/880ff788-0c6c-460a-88e1-2f9fbb8820f8.jpg,098a1ebce72431652a254561da4d2735cd4d3f38082b9c92c41f253a942ceee6,source=INATURALIST; non-commercial licence
8a260068-1c10-4401-bd41-0cb598f3e2ae,SF008,Jenahak,Lutjanus johnii,WILD,train,475652ce9eaaef49,GBIF,https://www.inaturalist.org/observations/195904528,CC-BY-NC,REVIEW,Adam Smith,JENAHAK/gbif/8a260068-1c10-4401-bd41-0cb598f3e2ae.jpg,475652ce9eaaef491e5ae15d061ea2d9aa646a0bd0408cc4258d1873ef73cfaf,source=GBIF; non-commercial licence
8d3e1660-0716-48f6-bfb3-ebdfe3a0e761,SF008,Jenahak,Lutjanus johnii,WILD,test_clean,463f2f72b3ba2bba,INATURALIST,https://www.inaturalist.org/observations/303388444,CC-BY-NC-SA,REVIEW,"(c) Vivek.N.Rathod, some rights reserved (CC BY-NC-SA)",JENAHAK/inaturalist/8d3e1660-0716-48f6-bfb3-ebdfe3a0e761.jpg,463f2f72b3ba2bba62b945fb9788fe902c1c7c7a2cc1c2556afa475f899341c8,source=INATURALIST; non-commercial licence
8d878520-64ab-4a16-a21c-efbd8be0d287,SF008,Jenahak,Lutjanus johnii,WILD,train,c6c51a5df789f64d,ATLAS_OF_LIVING_AUSTRALIA,https://www.inaturalist.org/observations/37549385,CC-BY-NC,REVIEW,Allan Lugg,JENAHAK/atlas_of_living_australia/8d878520-64ab-4a16-a21c-efbd8be0d287.jpg,c6c51a5df789f64d8934355bb9d34e8bce08169dc43844eff486f1d4cb09f4d8,source=ATLAS_OF_LIVING_AUSTRALIA; non-commercial licence
8df64f4d-2a85-4777-b774-3887ec9100f9,SF008,Jenahak,Lutjanus johnii,WILD,val,6076ceab0bd1f265,INATURALIST,https://www.inaturalist.org/observations/335610832,CC-BY-NC,REVIEW,"(c) Syed Shoriful Islam, some rights reserved (CC BY-NC)",JENAHAK/inaturalist/8df64f4d-2a85-4777-b774-3887ec9100f9.jpg,6076ceab0bd1f265dcbffc0765741e5cbfb10c1014b3c312ba59bdd971027e72,source=INATURALIST; non-commercial licence
908db597-da77-4c86-8e86-802906f597f6,SF008,Jenahak,Lutjanus johnii,WILD,train,1ceb1e446178c195,INATURALIST,https://www.inaturalist.org/observations/348419185,CC-BY-NC,REVIEW,"(c) DickyR, some rights reserved (CC BY-NC)",JENAHAK/inaturalist/908db597-da77-4c86-8e86-802906f597f6.jpg,1ceb1e446178c195b9c8daff93bbbe42942c45192387693aa893c8adc859d6c4,source=INATURALIST; non-commercial licence
90a1ab24-ac81-49e2-9f8a-4adf6c7e91c9,SF008,Jenahak,Lutjanus johnii,WILD,val,1a11564abfe872ee,INATURALIST,https://www.inaturalist.org/observations/252599381,CC-BY-NC,REVIEW,"(c) Jigar Patel, some rights reserved (CC BY-NC)",JENAHAK/inaturalist/90a1ab24-ac81-49e2-9f8a-4adf6c7e91c9.jpg,1a11564abfe872ee01547ad9de503efd50a5345e4a8380cbf7e5d9cd3f44156f,source=INATURALIST; non-commercial licence
9404f5c9-a49d-4471-8055-2ac0667f3bba,SF008,Jenahak,Lutjanus johnii,WILD,test_clean,f58185ab91c49da5,INATURALIST,https://www.inaturalist.org/observations/339410954,CC-BY-NC-SA,REVIEW,"(c) Vivek.N.Rathod, some rights reserved (CC BY-NC-SA)",JENAHAK/inaturalist/9404f5c9-a49d-4471-8055-2ac0667f3bba.jpg,f58185ab91c49da58976a69fa5ee8e7a1c23b2ff27eddf1e17d8155ddf95e1b5,source=INATURALIST; non-commercial licence
9744bb4e-62b8-49a8-bad2-5a8e189e1397,SF008,Jenahak,Lutjanus johnii,WILD,val,31a5e82d144ca0d8,ATLAS_OF_LIVING_AUSTRALIA,https://www.inaturalist.org/observations/158531024,CC-BY-NC,REVIEW,Sharking Around,JENAHAK/atlas_of_living_australia/9744bb4e-62b8-49a8-bad2-5a8e189e1397.jpg,31a5e82d144ca0d84d934890b7bf90be74662d9bf0bfa54a2aee1d836b127d9b,source=ATLAS_OF_LIVING_AUSTRALIA; non-commercial licence
97be6058-6a55-4103-8816-e113749ebb7d,SF008,Jenahak,Lutjanus johnii,WILD,train,61407af490a1cd55,INATURALIST,https://www.inaturalist.org/observations/380980425,CC-BY-NC-SA,REVIEW,"(c) Vivek.N.Rathod, some rights reserved (CC BY-NC-SA)",JENAHAK/inaturalist/97be6058-6a55-4103-8816-e113749ebb7d.jpg,61407af490a1cd55f439943a9fce5ffe244f8d21c2256a59600dd472482b7cf8,source=INATURALIST; non-commercial licence
97db7f9c-36f5-4061-8688-fed636f106db,SF008,Jenahak,Lutjanus johnii,WILD,train,f84217f9818dce0c,INATURALIST,https://www.inaturalist.org/observations/303044006,CC-BY,YES,"(c) Kevin, some rights reserved (CC BY)",JENAHAK/inaturalist/97db7f9c-36f5-4061-8688-fed636f106db.jpg,f84217f9818dce0c8bb7c6dbe22786a40e5f0103cd8004c4b9aec499476fa9f6,source=INATURALIST
990680b1-5b9e-4b5c-8103-1d42d68fe9e0,SF008,Jenahak,Lutjanus johnii,WILD,train,65234089b3660ad4,ATLAS_OF_LIVING_AUSTRALIA,https://www.inaturalist.org/observations/158531007,CC-BY-NC,REVIEW,Sharking Around,JENAHAK/atlas_of_living_australia/990680b1-5b9e-4b5c-8103-1d42d68fe9e0.jpg,65234089b3660ad48810df797a48b521bcfd05e9f52524400def28afeb799d57,source=ATLAS_OF_LIVING_AUSTRALIA; non-commercial licence
99e02411-e058-48af-93a1-325b4923b913,SF008,Jenahak,Lutjanus johnii,WILD,test_clean,e5b5e9b92cbcfef1,INATURALIST,https://www.inaturalist.org/observations/310947237,CC-BY,YES,"(c) Ong Jyh Seng, some rights reserved (CC BY)",JENAHAK/inaturalist/99e02411-e058-48af-93a1-325b4923b913.jpg,e5b5e9b92cbcfef1c6de683c41b70b32803abdcbef75eaa756bb2be3d815ff1e,source=INATURALIST
9cc71ffb-eba1-4d9f-9261-daf00e60bad8,SF008,Jenahak,Lutjanus johnii,WILD,val,1eef2d1b2d2e0b0f,INATURALIST,https://www.inaturalist.org/observations/256004208,CC-BY-NC,REVIEW,"(c) tedart, some rights reserved (CC BY-NC)",JENAHAK/inaturalist/9cc71ffb-eba1-4d9f-9261-daf00e60bad8.jpg,1eef2d1b2d2e0b0fa9eca7d1a8b2126fe18414ef56df4ddf4dea67a29ef716d9,source=INATURALIST; non-commercial licence
9efba380-83c3-4c15-a710-028a3732e5c6,SF008,Jenahak,Lutjanus johnii,WILD,test_clean,6243b70d2d37aa2e,INATURALIST,https://www.inaturalist.org/observations/311407637,CC-BY-NC-SA,REVIEW,"(c) Vivek.N.Rathod, some rights reserved (CC BY-NC-SA)",JENAHAK/inaturalist/9efba380-83c3-4c15-a710-028a3732e5c6.jpg,6243b70d2d37aa2efb12aa467be76f4ad619dd2abf580dfb05e9f940088744e1,source=INATURALIST; non-commercial licence
9f306bf0-42f6-4ef4-add0-120aba685876,SF008,Jenahak,Lutjanus johnii,WILD,train,c0d76e26bb6487d6,INATURALIST,https://www.inaturalist.org/observations/311408397,CC-BY-NC-SA,REVIEW,"(c) Vivek.N.Rathod, some rights reserved (CC BY-NC-SA)",JENAHAK/inaturalist/9f306bf0-42f6-4ef4-add0-120aba685876.jpg,c0d76e26bb6487d629dc91fea068e5d2dec0d91dc2c102d11a740b501f076e77,source=INATURALIST; non-commercial licence
9f9ceec7-db38-4aa5-bc22-02697fc447c8,SF008,Jenahak,Lutjanus johnii,WILD,test_clean,6ada0e14c6f10aff,GBIF,https://www.inaturalist.org/observations/225913051,CC-BY-NC,REVIEW,Margaret Carew,JENAHAK/gbif/9f9ceec7-db38-4aa5-bc22-02697fc447c8.jpg,6ada0e14c6f10aff827e89d5dd5916dee714e9bdb459163be6eace03fa683df1,source=GBIF; non-commercial licence
9fb9559e-bcda-40c5-9213-6fdd634d0c0f,SF008,Jenahak,Lutjanus johnii,WILD,val,c93a540c148a0a9b,GBIF,https://www.inaturalist.org/observations/141045680,CC-BY-NC,REVIEW,Sam Hambly,JENAHAK/gbif/9fb9559e-bcda-40c5-9213-6fdd634d0c0f.jpg,c93a540c148a0a9b3a7e91245a0cd41ce1d47b30c66717a2b018197a9da63076,source=GBIF; non-commercial licence
a2ddceeb-2f75-4370-9497-f94ddaf45e55,SF008,Jenahak,Lutjanus johnii,WILD,train,694d25d13919c0f8,INATURALIST,https://www.inaturalist.org/observations/252362262,CC-BY-NC,REVIEW,"(c) pelagis_05, some rights reserved (CC BY-NC)",JENAHAK/inaturalist/a2ddceeb-2f75-4370-9497-f94ddaf45e55.jpg,694d25d13919c0f8dcfeba370ef254a2220f2519ee09de77d79b19f3c20be489,source=INATURALIST; non-commercial licence
a3f5468d-ea9c-4963-b396-1c0dd4e4fa1c,SF008,Jenahak,Lutjanus johnii,WILD,train,165c0cd4eb4383d3,INATURALIST,https://www.inaturalist.org/observations/311408397,CC-BY-NC-SA,REVIEW,"(c) Vivek.N.Rathod, some rights reserved (CC BY-NC-SA)",JENAHAK/inaturalist/a3f5468d-ea9c-4963-b396-1c0dd4e4fa1c.jpg,165c0cd4eb4383d32a13da2981288e4fe2034df1bf41df89ed2bbc553d4f368a,source=INATURALIST; non-commercial licence
a4e26c69-e8c0-4788-bf34-1d0c73832be4,SF008,Jenahak,Lutjanus johnii,WILD,train,300b979975906f3a,INATURALIST,https://www.inaturalist.org/observations/256004208,CC-BY-NC,REVIEW,"(c) tedart, some rights reserved (CC BY-NC)",JENAHAK/inaturalist/a4e26c69-e8c0-4788-bf34-1d0c73832be4.jpg,300b979975906f3a7400ee3740d19ca44385bf914b4d9c333cfcfbb6fec0a916,source=INATURALIST; non-commercial licence
a65ee566-38c9-4f3a-b93a-72e811f5f6ab,SF008,Jenahak,Lutjanus johnii,WILD,train,b893c64972ac0f3b,ATLAS_OF_LIVING_AUSTRALIA,https://www.inaturalist.org/observations/296455518,CC-BY-NC,REVIEW,Adam Smith,JENAHAK/atlas_of_living_australia/a65ee566-38c9-4f3a-b93a-72e811f5f6ab.jpg,b893c64972ac0f3bac5b7b1617bb65ef8f6053678d1175e1948a3c963f87e7fe,source=ATLAS_OF_LIVING_AUSTRALIA; non-commercial licence
a670b68d-39aa-4a74-8cb0-ecdf71b331ed,SF008,Jenahak,Lutjanus johnii,WILD,val,50c4ff987603377a,INATURALIST,https://www.inaturalist.org/observations/306701630,CC-BY-NC,REVIEW,"(c) arhwin, some rights reserved (CC BY-NC)",JENAHAK/inaturalist/a670b68d-39aa-4a74-8cb0-ecdf71b331ed.jpg,50c4ff987603377ad4d849bb607092cdd49296271c1f08656d0dc73917ed2430,source=INATURALIST; non-commercial licence
b2997d52-7728-42dd-a140-c61121a3bef4,SF008,Jenahak,Lutjanus johnii,WILD,train,d36eb1d93b6096ff,INATURALIST,https://www.inaturalist.org/observations/324093731,CC-BY-NC-SA,REVIEW,"(c) Vivek.N.Rathod, some rights reserved (CC BY-NC-SA)",JENAHAK/inaturalist/b2997d52-7728-42dd-a140-c61121a3bef4.jpg,d36eb1d93b6096ff384f8255010e9c0f78939bcbb636b0efb7b96cb74628f41b,source=INATURALIST; non-commercial licence
b3c4bb76-37db-4225-9ac4-7b5e6732bbc8,SF008,Jenahak,Lutjanus johnii,WILD,test_clean,89ae9df4511a5017,INATURALIST,https://www.inaturalist.org/observations/339410954,CC-BY-NC-SA,REVIEW,"(c) Vivek.N.Rathod, some rights reserved (CC BY-NC-SA)",JENAHAK/inaturalist/b3c4bb76-37db-4225-9ac4-7b5e6732bbc8.jpg,89ae9df4511a501714694fc6a13ce9a23b6ed952bc1b624e4b510f955396408f,source=INATURALIST; non-commercial licence
b3db0a7d-fa24-4e84-96ce-7f415def45a6,SF008,Jenahak,Lutjanus johnii,WILD,val,cc8d5d0cb0d8b8ac,ATLAS_OF_LIVING_AUSTRALIA,https://www.inaturalist.org/observations/318582504,CC-BY-NC,REVIEW,Adam Smith,JENAHAK/atlas_of_living_australia/b3db0a7d-fa24-4e84-96ce-7f415def45a6.jpg,cc8d5d0cb0d8b8acb125bd6ec7a465ba7841e6af35cf1cf373c6aaa4a5b8d7a5,source=ATLAS_OF_LIVING_AUSTRALIA; non-commercial licence
b3f26ac4-6b1e-4884-b893-6f3b2412f0a8,SF008,Jenahak,Lutjanus johnii,WILD,train,b5e9d6d131101561,INATURALIST,https://www.inaturalist.org/observations/308655090,CC-BY-NC-SA,REVIEW,"(c) Vivek.N.Rathod, some rights reserved (CC BY-NC-SA)",JENAHAK/inaturalist/b3f26ac4-6b1e-4884-b893-6f3b2412f0a8.jpg,b5e9d6d13110156192c37dc42be70b56d5f077027c582f3a6c4444edfa342909,source=INATURALIST; non-commercial licence
b9fcf1d4-f786-4763-b8ce-fce8e22d78dd,SF008,Jenahak,Lutjanus johnii,WILD,test_clean,45d9dc9d2b2f7a9a,INATURALIST,https://www.inaturalist.org/observations/306404469,CC-BY-NC,REVIEW,"(c) damiangan, some rights reserved (CC BY-NC)",JENAHAK/inaturalist/b9fcf1d4-f786-4763-b8ce-fce8e22d78dd.jpg,45d9dc9d2b2f7a9a21190f53c5270b3e312942e4a21f97fe798c100d834ec000,source=INATURALIST; non-commercial licence
bc39ac90-cd55-4e17-a68a-cb76c3aa7a1f,SF008,Jenahak,Lutjanus johnii,WILD,train,905c4b7b603b07b9,INATURALIST,https://www.inaturalist.org/observations/337668855,CC-BY-NC-SA,REVIEW,"(c) Vivek.N.Rathod, some rights reserved (CC BY-NC-SA)",JENAHAK/inaturalist/bc39ac90-cd55-4e17-a68a-cb76c3aa7a1f.jpg,905c4b7b603b07b9b2efadcee487f78cfd481347ec0083c45ea9bfb0c1e8490e,source=INATURALIST; non-commercial licence
bebfac7a-8075-41a0-aa00-13738feac72b,SF008,Jenahak,Lutjanus johnii,WILD,train,c1dc9a7bbe6a4482,GBIF,https://www.inaturalist.org/observations/62263270,CC-BY-NC,REVIEW,tern911,JENAHAK/gbif/bebfac7a-8075-41a0-aa00-13738feac72b.jpg,c1dc9a7bbe6a4482ce13a3cdbc11aaa6da8d01a47413024b8ade10f3d6e01ba2,source=GBIF; non-commercial licence
bfcb07f2-8f51-4b25-b44d-f2180b30d6ed,SF008,Jenahak,Lutjanus johnii,WILD,val,c313937f1cd8ea54,INATURALIST,https://www.inaturalist.org/observations/331529000,CC-BY-NC,REVIEW,"(c) red flaming inferno, some rights reserved (CC BY-NC)",JENAHAK/inaturalist/bfcb07f2-8f51-4b25-b44d-f2180b30d6ed.jpg,c313937f1cd8ea54e9fe4da97a261c6588eb4300dcd6a9f1babde40f4ee41ab0,source=INATURALIST; non-commercial licence
c48db661-883d-4eaa-bb45-c66cdae0bb4f,SF008,Jenahak,Lutjanus johnii,WILD,train,0e3a855ea8aefab2,INATURALIST,https://www.inaturalist.org/observations/261526822,CC-BY-NC,REVIEW,"(c) arunpdy, some rights reserved (CC BY-NC)",JENAHAK/inaturalist/c48db661-883d-4eaa-bb45-c66cdae0bb4f.jpg,0e3a855ea8aefab2a14e3e9289c14e6d250a8ccb9d82541e39d24300896a141b,source=INATURALIST; non-commercial licence
c6374638-fc92-4820-a27b-14365384b53a,SF008,Jenahak,Lutjanus johnii,WILD,train,f6b34d2fb07b5a65,INATURALIST,https://www.inaturalist.org/observations/253727488,CC-BY-NC-SA,REVIEW,"(c) Vivek.N.Rathod, some rights reserved (CC BY-NC-SA)",JENAHAK/inaturalist/c6374638-fc92-4820-a27b-14365384b53a.jpg,f6b34d2fb07b5a65a4b65e6bbf06f0dce50dd1fff5cb24ae857af4531f49bb07,source=INATURALIST; non-commercial licence
c6fef87e-0932-4c65-a4e8-ccf82fcfedbc,SF008,Jenahak,Lutjanus johnii,WILD,train,13adbbefc1a62c96,INATURALIST,https://www.inaturalist.org/observations/272882391,CC-BY-NC-SA,REVIEW,"(c) Vivek.N.Rathod, some rights reserved (CC BY-NC-SA)",JENAHAK/inaturalist/c6fef87e-0932-4c65-a4e8-ccf82fcfedbc.jpg,13adbbefc1a62c96a5138413fb22fe59966e12e889fd2b3a026a21d86284e9a1,source=INATURALIST; non-commercial licence
c7a87e1d-4ed7-48f0-b626-c41138f9332a,SF008,Jenahak,Lutjanus johnii,WILD,train,d6607eb91c05f79e,GBIF,https://www.inaturalist.org/observations/141045680,CC-BY-NC,REVIEW,Sam Hambly,JENAHAK/gbif/c7a87e1d-4ed7-48f0-b626-c41138f9332a.jpg,d6607eb91c05f79ee78905fc080af23d8d2e8d86e2856daba4c6e27000061174,source=GBIF; non-commercial licence
c949d9be-81a5-471c-af12-51566c51a805,SF008,Jenahak,Lutjanus johnii,WILD,train,f44cc63a73e10508,INATURALIST,https://www.inaturalist.org/observations/260687230,CC-BY-NC,REVIEW,"(c) ARNAB KUMAR SAMANTA, some rights reserved (CC BY-NC)",JENAHAK/inaturalist/c949d9be-81a5-471c-af12-51566c51a805.jpg,f44cc63a73e1050855025956a953127b4a5b1bef521522b48782194ac7129e68,source=INATURALIST; non-commercial licence
cca501a8-1e53-4030-b857-768c2bfa57f3,SF008,Jenahak,Lutjanus johnii,WILD,train,44e2e02bd869cb38,ATLAS_OF_LIVING_AUSTRALIA,https://www.inaturalist.org/observations/10253047,CC-BY-NC,REVIEW,John Martyn,JENAHAK/atlas_of_living_australia/cca501a8-1e53-4030-b857-768c2bfa57f3.jpg,44e2e02bd869cb38757ab0d9471a66e9931dc78c6f6978cf078ecfca46b964f8,source=ATLAS_OF_LIVING_AUSTRALIA; non-commercial licence
cdd9f13b-0fc3-4f98-9bc7-fd0b944673b0,SF008,Jenahak,Lutjanus johnii,WILD,train,06e4064450b9d9ae,ATLAS_OF_LIVING_AUSTRALIA,https://biocache.ala.org.au/occurrences/5b91272d-e7c6-49a1-9b9c-190f217724fd,CC-BY-NC,REVIEW,Grisper | questagame.com,JENAHAK/atlas_of_living_australia/cdd9f13b-0fc3-4f98-9bc7-fd0b944673b0.jpg,1b8e05f98bd2bceb19ae1b3d11031426ddea97590ac32fb8dc040b9575295c3a,source=ATLAS_OF_LIVING_AUSTRALIA; non-commercial licence
ce63f3cc-7ad1-461c-8f1b-290ea68b3708,SF008,Jenahak,Lutjanus johnii,WILD,train,13c0b91b91ee7c2f,INATURALIST,https://www.inaturalist.org/observations/299134371,CC-BY-NC,REVIEW,"(c) Amir Alif Abu Bakar, some rights reserved (CC BY-NC)",JENAHAK/inaturalist/ce63f3cc-7ad1-461c-8f1b-290ea68b3708.jpg,13c0b91b91ee7c2f55298796a7798f47d54bc2c92ca7bed29bf60cd01679ba61,source=INATURALIST; non-commercial licence
d096846a-69d4-450b-9a7e-b509aefd0bcc,SF008,Jenahak,Lutjanus johnii,WILD,train,2396e6afe6526558,INATURALIST,https://www.inaturalist.org/observations/324333416,CC-BY-NC,REVIEW,"(c) 駿, some rights reserved (CC BY-NC)",JENAHAK/inaturalist/d096846a-69d4-450b-9a7e-b509aefd0bcc.jpg,2396e6afe65265580fd92f0da4e56a11f2470136de8fea0a92e1f751abd97e30,source=INATURALIST; non-commercial licence
d1730614-fca0-4533-b312-274bc4fb8c5c,SF008,Jenahak,Lutjanus johnii,WILD,train,1a794e839ca97fc4,INATURALIST,https://www.inaturalist.org/observations/324093731,CC-BY-NC-SA,REVIEW,"(c) Vivek.N.Rathod, some rights reserved (CC BY-NC-SA)",JENAHAK/inaturalist/d1730614-fca0-4533-b312-274bc4fb8c5c.jpg,1a794e839ca97fc441a325683dbfae5aff21b7143bf09f302862ff6219565931,source=INATURALIST; non-commercial licence
d20e87c9-53fb-43ce-8222-940dff2309be,SF008,Jenahak,Lutjanus johnii,WILD,train,828695f236a72ead,GBIF,https://www.inaturalist.org/observations/141046112,CC-BY-NC,REVIEW,Sam Hambly,JENAHAK/gbif/d20e87c9-53fb-43ce-8222-940dff2309be.jpg,828695f236a72ead23375249758d0c40d1c352d581fb7d8fa1956b6c00bc7235,source=GBIF; non-commercial licence
d6897567-beab-41d0-bbde-520505ea2ec8,SF008,Jenahak,Lutjanus johnii,WILD,train,bb6cc353d2977a4d,GBIF,https://www.inaturalist.org/observations/37549385,CC-BY-NC,REVIEW,Allan Lugg,JENAHAK/gbif/d6897567-beab-41d0-bbde-520505ea2ec8.jpg,bb6cc353d2977a4dc3be40d7b9c5fcb4c5bdbe199087c3b651750287388d80ed,source=GBIF; non-commercial licence
d79aac00-3115-4e9d-a5a9-5314bf3598b8,SF008,Jenahak,Lutjanus johnii,WILD,train,e23ec34e95de9203,GBIF,https://www.inaturalist.org/observations/247270026,CC-BY-NC,REVIEW,Niran Anurakpongsathorn,JENAHAK/gbif/d79aac00-3115-4e9d-a5a9-5314bf3598b8.jpg,e23ec34e95de92037a9ad9823bbdc485105ae3e0f544750815f921a9e23e7bd4,source=GBIF; non-commercial licence
d9abac1a-8334-4f37-835b-3dbd7adc2182,SF008,Jenahak,Lutjanus johnii,WILD,train,c20ade1bee77fbf0,INATURALIST,https://www.inaturalist.org/observations/341368795,CC-BY-NC-SA,REVIEW,"(c) Vivek.N.Rathod, some rights reserved (CC BY-NC-SA)",JENAHAK/inaturalist/d9abac1a-8334-4f37-835b-3dbd7adc2182.jpg,c20ade1bee77fbf01e484e5b3ab56a9880dfca8f2b4d1af870440a2b719827ae,source=INATURALIST; non-commercial licence
daf43aaf-5ffa-4a9c-8718-ca245f2de5c2,SF008,Jenahak,Lutjanus johnii,WILD,train,703cce11489225fe,ATLAS_OF_LIVING_AUSTRALIA,https://www.inaturalist.org/observations/226066734,CC-BY-NC,REVIEW,fraserasquith,JENAHAK/atlas_of_living_australia/daf43aaf-5ffa-4a9c-8718-ca245f2de5c2.jpg,703cce11489225fe343a05abbe7c8e0a24d710196be1b66d88587daf1616dd59,source=ATLAS_OF_LIVING_AUSTRALIA; non-commercial licence
dbfdba79-1fcd-43c6-854f-ce610d96902c,SF008,Jenahak,Lutjanus johnii,WILD,train,9b13d799472f72f3,INATURALIST,https://www.inaturalist.org/observations/306404469,CC-BY-NC,REVIEW,"(c) damiangan, some rights reserved (CC BY-NC)",JENAHAK/inaturalist/dbfdba79-1fcd-43c6-854f-ce610d96902c.jpg,9b13d799472f72f3bc1a6e6012e93c22a305cebb3e160bdb8d99a17328aaaad6,source=INATURALIST; non-commercial licence
dd722eb2-2005-44d2-91eb-394a73db04e6,SF008,Jenahak,Lutjanus johnii,WILD,train,67b6680f4d4a7734,INATURALIST,https://www.inaturalist.org/observations/300586242,CC-BY-NC,REVIEW,"(c) zakvice, some rights reserved (CC BY-NC)",JENAHAK/inaturalist/dd722eb2-2005-44d2-91eb-394a73db04e6.jpg,67b6680f4d4a77342e2c7534507d300461d62eb98a0ba2f7470d6838a57f236c,source=INATURALIST; non-commercial licence
e1204414-f18c-416c-ad79-2a8b205f52af,SF008,Jenahak,Lutjanus johnii,WILD,train,3c3c61a124055ec7,GBIF,https://www.inaturalist.org/observations/195558305,CC-BY-NC,REVIEW,tedart,JENAHAK/gbif/e1204414-f18c-416c-ad79-2a8b205f52af.jpg,3c3c61a124055ec71a126ec93da2af6f93b771f3183cbe90f587bc43dfccb975,source=GBIF; non-commercial licence
e169476b-9af2-44cd-b92d-9987cc49c6f9,SF008,Jenahak,Lutjanus johnii,WILD,train,bf58f4f58eda145e,INATURALIST,https://www.inaturalist.org/observations/331525531,CC-BY-NC,REVIEW,"(c) red flaming inferno, some rights reserved (CC BY-NC)",JENAHAK/inaturalist/e169476b-9af2-44cd-b92d-9987cc49c6f9.jpg,bf58f4f58eda145efc03906f686173b8fa9188de2f1d4fa5bc494572c17306a2,source=INATURALIST; non-commercial licence
e25d149c-30c8-4906-8bff-12c9a6e7c129,SF008,Jenahak,Lutjanus johnii,WILD,val,562fc121e77190db,INATURALIST,https://www.inaturalist.org/observations/306701630,CC-BY-NC,REVIEW,"(c) arhwin, some rights reserved (CC BY-NC)",JENAHAK/inaturalist/e25d149c-30c8-4906-8bff-12c9a6e7c129.jpg,562fc121e77190dbfa4f97249c666dd33181a94aa1d4e22437eedf00202bcd8e,source=INATURALIST; non-commercial licence
e5b08fd1-7b25-4794-af1a-1e9280883789,SF008,Jenahak,Lutjanus johnii,WILD,val,2c46370908b0000d,INATURALIST,https://www.inaturalist.org/observations/263457992,CC-BY-NC,REVIEW,"(c) Adam Smith, some rights reserved (CC BY-NC)",JENAHAK/inaturalist/e5b08fd1-7b25-4794-af1a-1e9280883789.jpg,2c46370908b0000db5d7650534bdc7f14a600dd9177b06e97f5c60779f2296d0,source=INATURALIST; non-commercial licence
e5b3edce-3664-413a-825e-7fa1cb52510f,SF008,Jenahak,Lutjanus johnii,WILD,train,4d995788e853952c,INATURALIST,https://www.inaturalist.org/observations/306701630,CC-BY-NC,REVIEW,"(c) arhwin, some rights reserved (CC BY-NC)",JENAHAK/inaturalist/e5b3edce-3664-413a-825e-7fa1cb52510f.jpg,4d995788e853952cc4feeb68aec11dfb6c684123796c228595cfd7c9e68db9cf,source=INATURALIST; non-commercial licence
e77bfe93-52c5-45dc-b823-a148a190a3a6,SF008,Jenahak,Lutjanus johnii,WILD,train,79756e8544c9dde1,INATURALIST,https://www.inaturalist.org/observations/349744347,CC-BY-NC,REVIEW,"(c) Darman Gersik, some rights reserved (CC BY-NC)",JENAHAK/inaturalist/e77bfe93-52c5-45dc-b823-a148a190a3a6.jpg,79756e8544c9dde1f583061524ccddc322f3d2acfbfe8a57f7137946f04c5590,source=INATURALIST; non-commercial licence
e842d0ab-d5bb-4efe-99d0-3419c2235885,SF008,Jenahak,Lutjanus johnii,WILD,train,359b7c29e7003b79,GBIF,https://portal.boldsystems.org/record/HMA092-22,CC-BY-NC-SA,REVIEW,HMA092-22 Lateral,JENAHAK/gbif/e842d0ab-d5bb-4efe-99d0-3419c2235885.jpg,359b7c29e7003b799831eb281aedaad795086c192e6cc4cd1d26bb5871a33c5d,source=GBIF; non-commercial licence
e91c7c23-ee05-47ce-a4a4-c17b2efba1a1,SF008,Jenahak,Lutjanus johnii,WILD,train,b86ca10e058c4dec,ATLAS_OF_LIVING_AUSTRALIA,https://www.inaturalist.org/observations/17479868,CC-BY-NC-SA,REVIEW,Vin Rushworth,JENAHAK/atlas_of_living_australia/e91c7c23-ee05-47ce-a4a4-c17b2efba1a1.jpg,b86ca10e058c4dece0204127f54f5a1f51e4bb7e4fbeb54520467ac36206787b,source=ATLAS_OF_LIVING_AUSTRALIA; non-commercial licence
ea93f980-fd06-4cb4-87f3-7db71f5bbbb9,SF008,Jenahak,Lutjanus johnii,WILD,test_clean,dc4afa0c65a63e60,INATURALIST,https://www.inaturalist.org/observations/322856432,CC-BY-NC,REVIEW,"(c) sloppysamui, some rights reserved (CC BY-NC)",JENAHAK/inaturalist/ea93f980-fd06-4cb4-87f3-7db71f5bbbb9.jpg,dc4afa0c65a63e608e61d6073a8c09307792345a09eeab3f0bde37801451a653,source=INATURALIST; non-commercial licence
ec01243f-6187-4e67-b4fa-4da9a9be8ee5,SF008,Jenahak,Lutjanus johnii,WILD,train,596aa633778d0ba5,INATURALIST,https://www.inaturalist.org/observations/292990659,CC-BY-NC,REVIEW,"(c) Philip Griffin, some rights reserved (CC BY-NC)",JENAHAK/inaturalist/ec01243f-6187-4e67-b4fa-4da9a9be8ee5.jpg,596aa633778d0ba5838228a214b18bd5f220d53c5ef231b6a141529a9fbf694e,source=INATURALIST; non-commercial licence
ef62f11d-1fa6-43f1-9649-d6a23fcc8295,SF008,Jenahak,Lutjanus johnii,WILD,train,8e8cb11e4b3f544d,ATLAS_OF_LIVING_AUSTRALIA,https://biocache.ala.org.au/occurrences/5b91272d-e7c6-49a1-9b9c-190f217724fd,CC-BY-NC,REVIEW,Grisper | questagame.com,JENAHAK/atlas_of_living_australia/ef62f11d-1fa6-43f1-9649-d6a23fcc8295.jpg,8e8cb11e4b3f544d15843ae8bbe5dd5bebe78c76482928e85928b5031631adae,source=ATLAS_OF_LIVING_AUSTRALIA; non-commercial licence
f0ab579e-b7cb-46cf-994f-e860d76543c1,SF008,Jenahak,Lutjanus johnii,WILD,train,41b15e1b39591b83,GBIF,https://www.inaturalist.org/observations/168915792,CC-BY-NC,REVIEW,Niran Anurakpongsathorn,JENAHAK/gbif/f0ab579e-b7cb-46cf-994f-e860d76543c1.jpg,41b15e1b39591b8321e5c1aaccc269b62fd0ee5f0af96580849038f086b37c97,source=GBIF; non-commercial licence
f235a70a-4268-4107-b615-5988cf1f31eb,SF008,Jenahak,Lutjanus johnii,WILD,train,d931fb202193195d,INATURALIST,https://www.inaturalist.org/observations/331525288,CC-BY-NC,REVIEW,"(c) red flaming inferno, some rights reserved (CC BY-NC)",JENAHAK/inaturalist/f235a70a-4268-4107-b615-5988cf1f31eb.jpg,d931fb202193195d666111fe910c03d7a751fb5f9b73c7339b7fea4b366cd1d8,source=INATURALIST; non-commercial licence
f748bc9f-a8dd-49e3-bc27-0081ef27d3fb,SF008,Jenahak,Lutjanus johnii,WILD,train,20d9c3debd83486b,GBIF,https://www.inaturalist.org/observations/141045680,CC-BY-NC,REVIEW,Sam Hambly,JENAHAK/gbif/f748bc9f-a8dd-49e3-bc27-0081ef27d3fb.jpg,20d9c3debd83486b1511ab872079b0c700b6e1cd0ded4581f844149b4916190f,source=GBIF; non-commercial licence
f75f05fc-b63d-4077-bdb3-a09d0af5ea8d,SF008,Jenahak,Lutjanus johnii,WILD,train,27fac5ff35d95dd1,INATURALIST,https://www.inaturalist.org/observations/268670662,CC-BY-NC-SA,REVIEW,"(c) Vivek.N.Rathod, some rights reserved (CC BY-NC-SA)",JENAHAK/inaturalist/f75f05fc-b63d-4077-bdb3-a09d0af5ea8d.jpg,27fac5ff35d95dd13360ae9b7afc0a616cb916875e84cbd6533e1ce22473d457,source=INATURALIST; non-commercial licence
f805580c-36fb-4a6c-b0e7-d392421a3a55,SF008,Jenahak,Lutjanus johnii,WILD,train,582beaa99ae86076,GBIF,https://www.inaturalist.org/observations/229151616,CC-BY-NC,REVIEW,mimus,JENAHAK/gbif/f805580c-36fb-4a6c-b0e7-d392421a3a55.jpg,582beaa99ae860760756535b94bf402b11434dc3537e03259b091fcfceca28d3,source=GBIF; non-commercial licence
f90efcca-4bdd-426a-b2b1-cc380077df27,SF008,Jenahak,Lutjanus johnii,WILD,train,a6df0cce31a4fb4e,INATURALIST,https://www.inaturalist.org/observations/334070758,CC-BY-NC,REVIEW,"(c) Laken, some rights reserved (CC BY-NC)",JENAHAK/inaturalist/f90efcca-4bdd-426a-b2b1-cc380077df27.jpg,a6df0cce31a4fb4ee32382226dea8043f89bfbd5ff3006fecb0a8563a3a5b2a9,source=INATURALIST; non-commercial licence
fecf03ae-6fdb-4051-b5ee-ace80bcec2c7,SF008,Jenahak,Lutjanus johnii,WILD,test_clean,65485d24318d2860,INATURALIST,https://www.inaturalist.org/observations/260264077,CC-BY-NC,REVIEW,"(c) ARNAB KUMAR SAMANTA, some rights reserved (CC BY-NC)",JENAHAK/inaturalist/fecf03ae-6fdb-4051-b5ee-ace80bcec2c7.jpg,65485d24318d28604262fbc198b04b3c7a067ad5e2f01501101ae0b80c9b1eb9,source=INATURALIST; non-commercial licence
ff3df522-fd42-4f94-8c33-a453f2fdcd53,SF008,Jenahak,Lutjanus johnii,WILD,train,40de784992cd6e59,INATURALIST,https://www.inaturalist.org/observations/247270026,CC-BY-NC,REVIEW,"(c) Niran Anurakpongsathorn, some rights reserved (CC BY-NC)",JENAHAK/inaturalist/ff3df522-fd42-4f94-8c33-a453f2fdcd53.jpg,40de784992cd6e591d9f9e3380617d6a8853311a663f3d47e86e051e68ea22ad,source=INATURALIST; non-commercial licence
0062da28-f51a-4587-9662-2c849ea71dc2,SF012,Tenggiri,Scomberomorus commerson,WILD,test_clean,ebfa248af04ac346,INATURALIST,https://www.inaturalist.org/observations/261221579,CC-BY-NC,REVIEW,"(c) Snow Dennis, some rights reserved (CC BY-NC)",TENGGIRI/inaturalist/0062da28-f51a-4587-9662-2c849ea71dc2.jpg,ebfa248af04ac346199e16da2ca01b3d3727dab9c0bcd01188b7b7bc97869e4c,source=INATURALIST; non-commercial licence
02f6a0cf-dba2-4f5e-9210-921cc71ddaa0,SF012,Tenggiri,Scomberomorus commerson,WILD,test_clean,a4921892253fe932,INATURALIST,https://www.inaturalist.org/observations/274884930,CC-BY-NC,REVIEW,"(c) Tsui-Ting Hsu, some rights reserved (CC BY-NC)",TENGGIRI/inaturalist/02f6a0cf-dba2-4f5e-9210-921cc71ddaa0.jpg,a4921892253fe93254afdbf086b99c211a667425609d61326060f83095e4b49f,source=INATURALIST; non-commercial licence
0380b3f0-65ee-4644-8eb1-f23af0817b73,SF012,Tenggiri,Scomberomorus commerson,WILD,train,a77168ea4ab6166b,GBIF,https://www.inaturalist.org/observations/302569511,CC-BY-NC,REVIEW,Kun-hong Tsai,TENGGIRI/gbif/0380b3f0-65ee-4644-8eb1-f23af0817b73.jpg,a77168ea4ab6166b29fd430b74b305acb50856cb035c7d39e3e0113ad115e413,source=GBIF; non-commercial licence
03aef951-f8a7-49e6-9721-99cb1f0972d1,SF012,Tenggiri,Scomberomorus commerson,WILD,train,288cce44349d6c31,INATURALIST,https://www.inaturalist.org/observations/274884930,CC-BY-NC,REVIEW,"(c) Tsui-Ting Hsu, some rights reserved (CC BY-NC)",TENGGIRI/inaturalist/03aef951-f8a7-49e6-9721-99cb1f0972d1.jpg,288cce44349d6c3133b43b5e38393bb434213c7528ca8e165cf60d1a285a6195,source=INATURALIST; non-commercial licence
04203c0c-ccac-434d-9fbc-542503a0fe9b,SF012,Tenggiri,Scomberomorus commerson,WILD,test_clean,f52730ceb3dcbb82,INATURALIST,https://www.inaturalist.org/observations/274884930,CC-BY-NC,REVIEW,"(c) Tsui-Ting Hsu, some rights reserved (CC BY-NC)",TENGGIRI/inaturalist/04203c0c-ccac-434d-9fbc-542503a0fe9b.jpg,f52730ceb3dcbb82e183d68564b0b0e2145686effd2f2f3aeb80736dd799ed40,source=INATURALIST; non-commercial licence
0464bcf0-cf66-44c7-ab47-8dcb2db1ac4f,SF012,Tenggiri,Scomberomorus commerson,WILD,train,56a44d157298012b,INATURALIST,https://www.inaturalist.org/observations/333577319,CC-BY-NC,REVIEW,"(c) Niran Anurakpongsathorn, some rights reserved (CC BY-NC)",TENGGIRI/inaturalist/0464bcf0-cf66-44c7-ab47-8dcb2db1ac4f.jpg,56a44d157298012b2243ec5674423d35b23bcb729e7e404ed7959ad44833be33,source=INATURALIST; non-commercial licence
053d6e4a-96e8-48ad-ae6c-b75cea271480,SF012,Tenggiri,Scomberomorus commerson,WILD,train,2cab0adecfbae397,INATURALIST,https://www.inaturalist.org/observations/311847899,CC-BY-NC-SA,REVIEW,"(c) Vivek.N.Rathod, some rights reserved (CC BY-NC-SA)",TENGGIRI/inaturalist/053d6e4a-96e8-48ad-ae6c-b75cea271480.jpg,2cab0adecfbae39700603cd9f0aad737eb91db353fc37c022e6ca9c40278a585,source=INATURALIST; non-commercial licence
05531d1e-6747-4f8e-8985-43f3ec324a8a,SF012,Tenggiri,Scomberomorus commerson,WILD,train,07f8f0cdeca82cbc,INATURALIST,https://www.inaturalist.org/observations/269565708,CC-BY-NC-SA,REVIEW,"(c) Vivek.N.Rathod, some rights reserved (CC BY-NC-SA)",TENGGIRI/inaturalist/05531d1e-6747-4f8e-8985-43f3ec324a8a.jpg,07f8f0cdeca82cbcfb70aa1afa78b7c18702e783ccda92b2ff8d0c4784d42584,source=INATURALIST; non-commercial licence
0635e538-8a03-4c91-a469-7ceb5ee4b87f,SF012,Tenggiri,Scomberomorus commerson,WILD,train,b8f27ce5bcb441f6,INATURALIST,https://www.inaturalist.org/observations/323192215,CC-BY-NC,REVIEW,"(c) yakov_salaviz, some rights reserved (CC BY-NC)",TENGGIRI/inaturalist/0635e538-8a03-4c91-a469-7ceb5ee4b87f.jpg,b8f27ce5bcb441f691865497240ef7a2af39793a3d5c36b872a688cc79b593d7,source=INATURALIST; non-commercial licence
06bea201-cac5-4206-92f3-812fc8882996,SF012,Tenggiri,Scomberomorus commerson,WILD,train,e251e4403742c68d,GBIF,https://www.inaturalist.org/observations/276527994,CC-BY-NC,REVIEW,Clinton Duffy,TENGGIRI/gbif/06bea201-cac5-4206-92f3-812fc8882996.jpg,e251e4403742c68d1e6c10d406aeb2e6544a9753d07ed6b7f3e04bcf61eee688,source=GBIF; non-commercial licence
0777f324-0669-43f3-ab16-21a09bc7ba01,SF012,Tenggiri,Scomberomorus commerson,WILD,test_clean,7eee8447516e88e3,INATURALIST,https://www.inaturalist.org/observations/269567805,CC-BY-NC-SA,REVIEW,"(c) Vivek.N.Rathod, some rights reserved (CC BY-NC-SA)",TENGGIRI/inaturalist/0777f324-0669-43f3-ab16-21a09bc7ba01.jpg,7eee8447516e88e38211d1cc26c37bbabc8e2b3b4772fc91cd4bb05e834c0c04,source=INATURALIST; non-commercial licence
08e52f03-1958-464d-af96-5490d413b03b,SF012,Tenggiri,Scomberomorus commerson,WILD,train,b9e9675130c248ab,GBIF,https://www.inaturalist.org/observations/269063591,CC-BY-NC,REVIEW,moaaz_mohamed_hamed,TENGGIRI/gbif/08e52f03-1958-464d-af96-5490d413b03b.jpg,b9e9675130c248abd9fcbc06e9a7b1930434bc8a42565547e997fb5e8cfe04bb,source=GBIF; non-commercial licence
097aefb1-1e5c-4071-8196-f35e70f2d06f,SF012,Tenggiri,Scomberomorus commerson,WILD,test_clean,1b9da6ae76246259,INATURALIST,https://www.inaturalist.org/observations/269567805,CC-BY-NC-SA,REVIEW,"(c) Vivek.N.Rathod, some rights reserved (CC BY-NC-SA)",TENGGIRI/inaturalist/097aefb1-1e5c-4071-8196-f35e70f2d06f.jpg,1b9da6ae76246259c278cd4112087f2383a1b0a74700888a519eb06c8b3c29cc,source=INATURALIST; non-commercial licence
0a444ff6-058e-42ad-bad8-607a8c0bb9f9,SF012,Tenggiri,Scomberomorus commerson,WILD,train,e81c0564af7571e2,INATURALIST,https://www.inaturalist.org/observations/315521750,CC-BY-NC-SA,REVIEW,"(c) Vivek.N.Rathod, some rights reserved (CC BY-NC-SA)",TENGGIRI/inaturalist/0a444ff6-058e-42ad-bad8-607a8c0bb9f9.jpg,e81c0564af7571e2cd11b56b57b1539a0a5bbd05adc093b3ffc4048140e96057,source=INATURALIST; non-commercial licence
0b9c7de7-84ed-4207-9e68-c39a41b58eb3,SF012,Tenggiri,Scomberomorus commerson,WILD,train,d9c2dc72db8f74d3,INATURALIST,https://www.inaturalist.org/observations/357452069,CC-BY-NC,REVIEW,"(c) Adam Smith, some rights reserved (CC BY-NC)",TENGGIRI/inaturalist/0b9c7de7-84ed-4207-9e68-c39a41b58eb3.jpg,d9c2dc72db8f74d3f9e43dde19e9efe9b5202ef6497ba54fc6d30fe0c2ef96fc,source=INATURALIST; non-commercial licence
0bae2df1-24d5-4a5b-8d49-7919bf7294cd,SF012,Tenggiri,Scomberomorus commerson,WILD,val,f1846f9d69bbd3ae,ATLAS_OF_LIVING_AUSTRALIA,https://www.inaturalist.org/observations/98467158,CC-BY-NC,REVIEW,Paul Sorensen,TENGGIRI/atlas_of_living_australia/0bae2df1-24d5-4a5b-8d49-7919bf7294cd.jpg,f1846f9d69bbd3aea316e79e2e08c90a405ad360bb45fa387db43efa4f34bc9e,source=ATLAS_OF_LIVING_AUSTRALIA; non-commercial licence
1090aee6-8235-44d6-9a42-3e1d64de63fe,SF012,Tenggiri,Scomberomorus commerson,WILD,train,4c5efa12f84e0091,INATURALIST,https://www.inaturalist.org/observations/346553858,CC-BY-NC-SA,REVIEW,"(c) Vivek.N.Rathod, some rights reserved (CC BY-NC-SA)",TENGGIRI/inaturalist/1090aee6-8235-44d6-9a42-3e1d64de63fe.jpg,4c5efa12f84e00912a9c99e0769a90bdce6bcc507fab6e4755ffc08a7c706643,source=INATURALIST; non-commercial licence
10bfe82c-8a2c-4e8d-9d61-37f2cd9f59c0,SF012,Tenggiri,Scomberomorus commerson,WILD,train,6ff3559d8f5fa94b,INATURALIST,https://www.inaturalist.org/observations/380250011,CC-BY-NC,REVIEW,"(c) Alexandra Hoschke, some rights reserved (CC BY-NC)",TENGGIRI/inaturalist/10bfe82c-8a2c-4e8d-9d61-37f2cd9f59c0.jpg,6ff3559d8f5fa94b619f123d91501f22455403c5096c7413d76176c1ae7cf548,source=INATURALIST; non-commercial licence
12ae130f-5bfb-4628-bab8-e4c866f8c954,SF012,Tenggiri,Scomberomorus commerson,WILD,train,fa7ad67f772d332c,INATURALIST,https://www.inaturalist.org/observations/335914904,CC-BY-NC,REVIEW,"(c) Keith Morris, some rights reserved (CC BY-NC)",TENGGIRI/inaturalist/12ae130f-5bfb-4628-bab8-e4c866f8c954.jpg,fa7ad67f772d332c4a08bc3daceba0733e0a82f6020b947d1c07edefb63687c7,source=INATURALIST; non-commercial licence
1313b03a-0af8-4b13-81da-eab05e1cf1ca,SF012,Tenggiri,Scomberomorus commerson,WILD,train,580278c01c674a7c,INATURALIST,https://www.inaturalist.org/observations/337634812,CC-BY-NC-SA,REVIEW,"(c) Vivek.N.Rathod, some rights reserved (CC BY-NC-SA)",TENGGIRI/inaturalist/1313b03a-0af8-4b13-81da-eab05e1cf1ca.jpg,580278c01c674a7c51845c567187c4327a2cd0858193656cb1cc68e44b9b76ad,source=INATURALIST; non-commercial licence
132dfe6d-397d-4ebf-bd11-cfe176812cce,SF012,Tenggiri,Scomberomorus commerson,WILD,train,a14d6f2c233a292b,INATURALIST,https://www.inaturalist.org/observations/303439155,CC-BY-NC-SA,REVIEW,"(c) Vivek.N.Rathod, some rights reserved (CC BY-NC-SA)",TENGGIRI/inaturalist/132dfe6d-397d-4ebf-bd11-cfe176812cce.jpg,a14d6f2c233a292b3bf297190c3a977ad40f75c5da70ad6ea58c5a7656d40abb,source=INATURALIST; non-commercial licence
13b8d2d4-a218-42fc-98be-57efadc0b73f,SF012,Tenggiri,Scomberomorus commerson,WILD,train,5f7ee3d124be6032,INATURALIST,https://www.inaturalist.org/observations/328625323,CC-BY-NC,REVIEW,"(c) Michael Verdirame, some rights reserved (CC BY-NC)",TENGGIRI/inaturalist/13b8d2d4-a218-42fc-98be-57efadc0b73f.jpg,5f7ee3d124be603285ac3c4be43887d3acb92594cdadefba80d69416e990bd3c,source=INATURALIST; non-commercial licence
1594a00d-1cf9-4276-b15a-3446697e8cc8,SF012,Tenggiri,Scomberomorus commerson,WILD,train,f0b0aeeb285e70f8,INATURALIST,https://www.inaturalist.org/observations/337398570,CC-BY-NC-SA,REVIEW,"(c) Vivek.N.Rathod, some rights reserved (CC BY-NC-SA)",TENGGIRI/inaturalist/1594a00d-1cf9-4276-b15a-3446697e8cc8.jpg,f0b0aeeb285e70f800beed38e4afd25b5c83b806a3b64979102d20fa701dc967,source=INATURALIST; non-commercial licence
15de635f-43f0-432d-b021-b5ac09dd7dc8,SF012,Tenggiri,Scomberomorus commerson,WILD,val,cb4863424361ac9f,INATURALIST,https://www.inaturalist.org/observations/334921392,CC-BY,YES,"(c) TonyT, some rights reserved (CC BY)",TENGGIRI/inaturalist/15de635f-43f0-432d-b021-b5ac09dd7dc8.jpg,cb4863424361ac9fbbd618ca74d2fb63eadc104a73589d7dea7e6f6cf2409f20,source=INATURALIST
17ad90d7-1bbe-4720-9d9f-bca9a7b715c3,SF012,Tenggiri,Scomberomorus commerson,WILD,train,9ff18eaa69a59ee0,INATURALIST,https://www.inaturalist.org/observations/336843766,CC-BY-NC,REVIEW,"(c) i7md, some rights reserved (CC BY-NC)",TENGGIRI/inaturalist/17ad90d7-1bbe-4720-9d9f-bca9a7b715c3.jpg,9ff18eaa69a59ee0733d4314500256019d02b08d8d9e8de64ccd12e58754f901,source=INATURALIST; non-commercial licence
1870f90f-1331-49ef-b55e-73550911dbb6,SF012,Tenggiri,Scomberomorus commerson,WILD,train,3caf9b12fd8c9502,GBIF,https://www.inaturalist.org/observations/306982858,CC-BY-NC,REVIEW,Sagarika Gupta,TENGGIRI/gbif/1870f90f-1331-49ef-b55e-73550911dbb6.jpg,3caf9b12fd8c950211d15688f8ba39b13ef04cb093bf68325430ee23b726f7e0,source=GBIF; non-commercial licence
1894c3be-3e6b-493b-a867-31ceb35f8e57,SF012,Tenggiri,Scomberomorus commerson,WILD,test_clean,af9c4e472dfcfe38,INATURALIST,https://www.inaturalist.org/observations/333391386,CC-BY,YES,"(c) Debra Baker, some rights reserved (CC BY)",TENGGIRI/inaturalist/1894c3be-3e6b-493b-a867-31ceb35f8e57.jpg,af9c4e472dfcfe382311898187d28a5e37b21bb9bb511a4bf4da903a6cbabc00,source=INATURALIST
1ab60fe9-7099-4dad-92d8-a62caeee82e6,SF012,Tenggiri,Scomberomorus commerson,WILD,train,e420e12e4083dc73,GBIF,https://www.inaturalist.org/observations/260522446,CC-BY-NC,REVIEW,Marina Nikonorova,TENGGIRI/gbif/1ab60fe9-7099-4dad-92d8-a62caeee82e6.jpg,e420e12e4083dc7384cd1d8d090e50f72ccf3d62d12b1a396b4f6495b53396da,source=GBIF; non-commercial licence
1d2b498c-8897-447e-b8dd-242b4d6c1757,SF012,Tenggiri,Scomberomorus commerson,WILD,val,4e056f4ca66aeac3,GBIF,https://www.inaturalist.org/observations/198973865,CC-BY-NC,REVIEW,Sagarika Gupta,TENGGIRI/gbif/1d2b498c-8897-447e-b8dd-242b4d6c1757.jpg,4e056f4ca66aeac32a4d87f1376e3180f7ae04b6b559946c4c902aa41f91e940,source=GBIF; non-commercial licence
1e4d4761-b0a0-42c5-be56-eee797e85d67,SF012,Tenggiri,Scomberomorus commerson,WILD,train,3d7d88e578d1722e,INATURALIST,https://www.inaturalist.org/observations/258270780,CC-BY-NC,REVIEW,"(c) Michael Gochfeld, some rights reserved (CC BY-NC)",TENGGIRI/inaturalist/1e4d4761-b0a0-42c5-be56-eee797e85d67.jpg,3d7d88e578d1722e1842cd2e9d326c8e7d150981bcdd3cd768e20b34ae50980e,source=INATURALIST; non-commercial licence
1f5e8d50-a6bd-4204-9189-69091ccc6231,SF012,Tenggiri,Scomberomorus commerson,WILD,train,64702061dd52630b,INATURALIST,https://www.inaturalist.org/observations/303438536,CC-BY-NC-SA,REVIEW,"(c) Vivek.N.Rathod, some rights reserved (CC BY-NC-SA)",TENGGIRI/inaturalist/1f5e8d50-a6bd-4204-9189-69091ccc6231.jpg,64702061dd52630b737243f7ee145478f2f5624f9faad6fb0eb3018e1abea8ec,source=INATURALIST; non-commercial licence
2004557e-5245-41cf-bfda-0cbdc6f68ba4,SF012,Tenggiri,Scomberomorus commerson,WILD,val,e4f8456179e0522c,INATURALIST,https://www.inaturalist.org/observations/329754806,CC-BY,YES,"(c) Ben Costamagna, some rights reserved (CC BY)",TENGGIRI/inaturalist/2004557e-5245-41cf-bfda-0cbdc6f68ba4.jpg,e4f8456179e0522c41ab92a28725a941e6acedb7fc408e3ab8e6d15227e2e003,source=INATURALIST
2149e431-35af-4708-9d39-c6d9b1ccb290,SF012,Tenggiri,Scomberomorus commerson,WILD,test_clean,f797813c03b40fff,ATLAS_OF_LIVING_AUSTRALIA,https://www.inaturalist.org/observations/98918512,CC-BY-NC,REVIEW,Claire Brooks,TENGGIRI/atlas_of_living_australia/2149e431-35af-4708-9d39-c6d9b1ccb290.jpg,f797813c03b40fff7fe52b32be7eb5ae9f68c9ff50a3f6d816364ce003f358ec,source=ATLAS_OF_LIVING_AUSTRALIA; non-commercial licence
22d42ca5-7ecb-46aa-a229-5537f0122631,SF012,Tenggiri,Scomberomorus commerson,WILD,test_clean,90014c52948719ee,ATLAS_OF_LIVING_AUSTRALIA,https://biocache.ala.org.au/occurrences/4721d061-4bbc-4992-ba4a-4267d294866f,CC-BY-NC,REVIEW,EntropyAndRoar | questagame.com,TENGGIRI/atlas_of_living_australia/22d42ca5-7ecb-46aa-a229-5537f0122631.jpg,90014c52948719ee6fff35ce057a60f31840f08f7cb2879c383dd616da0150f4,source=ATLAS_OF_LIVING_AUSTRALIA; non-commercial licence
23d884b8-3277-4826-8417-85bd212da75f,SF012,Tenggiri,Scomberomorus commerson,WILD,train,86ddd7da94f4156b,INATURALIST,https://www.inaturalist.org/observations/302050420,CC-BY-NC-SA,REVIEW,"(c) Vivek.N.Rathod, some rights reserved (CC BY-NC-SA)",TENGGIRI/inaturalist/23d884b8-3277-4826-8417-85bd212da75f.jpg,86ddd7da94f4156b0aff4765e77865f0d4db446b69e100d254179c26d5eb393b,source=INATURALIST; non-commercial licence
247d10dc-349a-4bc4-9e5b-649376dbe70f,SF012,Tenggiri,Scomberomorus commerson,WILD,val,40ebb8df6b5eb364,INATURALIST,https://www.inaturalist.org/observations/303438536,CC-BY-NC-SA,REVIEW,"(c) Vivek.N.Rathod, some rights reserved (CC BY-NC-SA)",TENGGIRI/inaturalist/247d10dc-349a-4bc4-9e5b-649376dbe70f.jpg,40ebb8df6b5eb364124669a1b91536a8e2c4abc1aedf4a83998ca96e8d4d81bf,source=INATURALIST; non-commercial licence
24c65759-dd5b-4c3d-abd7-7cfa9f354459,SF012,Tenggiri,Scomberomorus commerson,WILD,train,c68a41203efca8bc,INATURALIST,https://www.inaturalist.org/observations/336675138,CC-BY-NC-SA,REVIEW,"(c) Vivek.N.Rathod, some rights reserved (CC BY-NC-SA)",TENGGIRI/inaturalist/24c65759-dd5b-4c3d-abd7-7cfa9f354459.jpg,c68a41203efca8bc598d31f2c4824317d7edc31cad0295222c13293699b33a1a,source=INATURALIST; non-commercial licence
24e811dc-69a9-4b87-b1cf-9eb5d096493c,SF012,Tenggiri,Scomberomorus commerson,WILD,test_clean,9880db48bf8aea75,INATURALIST,https://www.inaturalist.org/observations/392835839,CC-BY-NC,REVIEW,"(c) Johan Bas, some rights reserved (CC BY-NC)",TENGGIRI/inaturalist/24e811dc-69a9-4b87-b1cf-9eb5d096493c.jpg,9880db48bf8aea755a765c1dfc997d277f577e4c3535d4bc8b9a956b99fba241,source=INATURALIST; non-commercial licence
2982486d-6d2f-4923-ba91-d127f37bd26f,SF012,Tenggiri,Scomberomorus commerson,WILD,train,dbc6ae59a7c9b9c3,GBIF,https://www.inaturalist.org/observations/311666977,CC-BY-NC,REVIEW,tedart,TENGGIRI/gbif/2982486d-6d2f-4923-ba91-d127f37bd26f.jpg,dbc6ae59a7c9b9c3826d1a9b8e5ba7707e09f5c17f20488f81a3fc56c426eed8,source=GBIF; non-commercial licence
2a6a126f-034d-4c98-91fb-7a5225e5bfd4,SF012,Tenggiri,Scomberomorus commerson,WILD,train,5fa4a8939b7d1db1,GBIF,https://www.inaturalist.org/observations/306702613,CC-BY-NC,REVIEW,arhwin,TENGGIRI/gbif/2a6a126f-034d-4c98-91fb-7a5225e5bfd4.jpg,5fa4a8939b7d1db199f12f8c9b9660bc01da961c3ea3028b9a75e36bb91ffc2f,source=GBIF; non-commercial licence
2aba52a9-4f0b-49cf-95cb-e7631f12c962,SF012,Tenggiri,Scomberomorus commerson,WILD,train,63da0fb89ffd5983,INATURALIST,https://www.inaturalist.org/observations/333391386,CC-BY,YES,"(c) Debra Baker, some rights reserved (CC BY)",TENGGIRI/inaturalist/2aba52a9-4f0b-49cf-95cb-e7631f12c962.jpg,63da0fb89ffd59833f6099c6906b151209373e30e161cd7b9f3d57c3770555fe,source=INATURALIST
2c00109c-fadf-46ae-94d0-57417f77036f,SF012,Tenggiri,Scomberomorus commerson,WILD,train,fa803f351b36df8c,INATURALIST,https://www.inaturalist.org/observations/333261777,CC-BY-NC,REVIEW,"(c) Tony Strazzari, some rights reserved (CC BY-NC)",TENGGIRI/inaturalist/2c00109c-fadf-46ae-94d0-57417f77036f.jpg,fa803f351b36df8c8a468ab7a34e6f17a3964b97ecce24fc7fa68e0778671928,source=INATURALIST; non-commercial licence
2c41268f-c614-4305-96c2-4e8104ad3735,SF012,Tenggiri,Scomberomorus commerson,WILD,train,d3753e455308abdd,INATURALIST,https://www.inaturalist.org/observations/303430607,CC-BY-NC-SA,REVIEW,"(c) Vivek.N.Rathod, some rights reserved (CC BY-NC-SA)",TENGGIRI/inaturalist/2c41268f-c614-4305-96c2-4e8104ad3735.jpg,d3753e455308abdd33b5a150704fd42a8baefffea44e3d03a4565aa28b549ae8,source=INATURALIST; non-commercial licence
2cd31f9a-af59-45b8-9ad3-047b39f118fe,SF012,Tenggiri,Scomberomorus commerson,WILD,train,16a0d60ecfebe70c,INATURALIST,https://www.inaturalist.org/observations/334069105,CC-BY-NC,REVIEW,"(c) Sue Churchill, some rights reserved (CC BY-NC)",TENGGIRI/inaturalist/2cd31f9a-af59-45b8-9ad3-047b39f118fe.jpg,16a0d60ecfebe70c404b6fc1368555ddc0de87444be67908e2d4d1cda491a499,source=INATURALIST; non-commercial licence
2d400074-84c9-4230-8e59-8881864726e5,SF012,Tenggiri,Scomberomorus commerson,WILD,train,2139ea4e6154a415,INATURALIST,https://www.inaturalist.org/observations/328625323,CC-BY-NC,REVIEW,"(c) Michael Verdirame, some rights reserved (CC BY-NC)",TENGGIRI/inaturalist/2d400074-84c9-4230-8e59-8881864726e5.jpg,2139ea4e6154a415b960c740e22ad2b5ae3f3713b729418a26b75c978b1d3f67,source=INATURALIST; non-commercial licence
2db207c0-bcfb-4e4c-89b3-2b7b479180a0,SF012,Tenggiri,Scomberomorus commerson,WILD,train,a6dff08d673153b9,INATURALIST,https://www.inaturalist.org/observations/368284412,CC-BY-NC,REVIEW,"(c) Luis P. B., some rights reserved (CC BY-NC)",TENGGIRI/inaturalist/2db207c0-bcfb-4e4c-89b3-2b7b479180a0.jpg,a6dff08d673153b9be5d56c2d37985e47fb20c7e28fa17713a1d7cfc5eef9c41,source=INATURALIST; non-commercial licence
2de4dd01-9412-493e-a965-05881f9e1b53,SF012,Tenggiri,Scomberomorus commerson,WILD,val,e948634bee30e36e,GBIF,https://www.inaturalist.org/observations/311897013,CC-BY-NC,REVIEW,luooyuoo,TENGGIRI/gbif/2de4dd01-9412-493e-a965-05881f9e1b53.jpg,e948634bee30e36e99b9e6e97915d42e5ce3d23f3cc8303f557aa37b59ddfba7,source=GBIF; non-commercial licence
2def185a-8140-4be2-98e1-a579a01d5388,SF012,Tenggiri,Scomberomorus commerson,WILD,train,018b18d702675ab1,INATURALIST,https://www.inaturalist.org/observations/359738307,CC-BY-NC,REVIEW,"(c) Claire Goiran, some rights reserved (CC BY-NC)",TENGGIRI/inaturalist/2def185a-8140-4be2-98e1-a579a01d5388.jpg,018b18d702675ab187e0c9ac33f6b2eb086c2fb3f2fdd678b0575b90b92adff2,source=INATURALIST; non-commercial licence
2fb39964-c528-4775-806a-d19d66ff1c48,SF012,Tenggiri,Scomberomorus commerson,WILD,train,1a3bd849a295d54a,INATURALIST,https://www.inaturalist.org/observations/334320480,CC-BY-NC,REVIEW,"(c) boussion_magali, some rights reserved (CC BY-NC)",TENGGIRI/inaturalist/2fb39964-c528-4775-806a-d19d66ff1c48.jpg,1a3bd849a295d54adeb32d8f4e94f3bfac68dbc588448aadc27dafcf91806870,source=INATURALIST; non-commercial licence
32d46eb5-036b-4cc6-b3c8-b9bff325f727,SF012,Tenggiri,Scomberomorus commerson,WILD,train,fadd12ab3c5e213b,INATURALIST,https://www.inaturalist.org/observations/324983810,CC-BY-NC,REVIEW,"(c) craigjhowe, some rights reserved (CC BY-NC)",TENGGIRI/inaturalist/32d46eb5-036b-4cc6-b3c8-b9bff325f727.jpg,fadd12ab3c5e213bd7fdaa3425da6c6a6b242e58e56a3e4500112b45246bc06c,source=INATURALIST; non-commercial licence
33544353-faf3-4635-ac2b-d28d8c303b07,SF012,Tenggiri,Scomberomorus commerson,WILD,train,23fa46486574ebe4,INATURALIST,https://www.inaturalist.org/observations/323851851,CC-BY-NC,REVIEW,"(c) craigjhowe, some rights reserved (CC BY-NC)",TENGGIRI/inaturalist/33544353-faf3-4635-ac2b-d28d8c303b07.jpg,23fa46486574ebe4d0f063b5b1c5f6e3dbc0a3036534610c09c032cf21904350,source=INATURALIST; non-commercial licence
339bfe0f-050d-4752-bf48-13da3b12055a,SF012,Tenggiri,Scomberomorus commerson,WILD,test_clean,b8c18299f52933b1,INATURALIST,https://www.inaturalist.org/observations/337157609,CC-BY-NC,REVIEW,"(c) juju98, some rights reserved (CC BY-NC)",TENGGIRI/inaturalist/339bfe0f-050d-4752-bf48-13da3b12055a.jpg,b8c18299f52933b1268af32bda95c5f1c23ce7756d1f9e0f91e2e9e069759f11,source=INATURALIST; non-commercial licence
349468f6-410b-4075-b0b2-33a337af1225,SF012,Tenggiri,Scomberomorus commerson,WILD,train,7d56c510e8319a72,INATURALIST,https://www.inaturalist.org/observations/365765606,CC-BY-NC,REVIEW,"(c) Elavarasan M, some rights reserved (CC BY-NC)",TENGGIRI/inaturalist/349468f6-410b-4075-b0b2-33a337af1225.jpg,7d56c510e8319a721973d75670f3cc8fdc320db070f104d91591f1e17cbee0d0,source=INATURALIST; non-commercial licence
34b2007d-591b-4f73-be71-b2d06957ee60,SF012,Tenggiri,Scomberomorus commerson,WILD,train,624470d960c1024d,INATURALIST,https://www.inaturalist.org/observations/311407698,CC-BY-NC-SA,REVIEW,"(c) Vivek.N.Rathod, some rights reserved (CC BY-NC-SA)",TENGGIRI/inaturalist/34b2007d-591b-4f73-be71-b2d06957ee60.jpg,624470d960c1024dc2be5b26bafc61e0017edd2244c562fbbec9271e993b2b74,source=INATURALIST; non-commercial licence
359f97e8-bbce-478c-8d72-01cc1918d1d1,SF012,Tenggiri,Scomberomorus commerson,WILD,train,95041442bab1b253,INATURALIST,https://www.inaturalist.org/observations/334308207,CC-BY-NC,REVIEW,"(c) Jens Sommer-Knudsen, some rights reserved (CC BY-NC)",TENGGIRI/inaturalist/359f97e8-bbce-478c-8d72-01cc1918d1d1.jpg,95041442bab1b25340e6af0253fad77db08f632db047922a88a3f88e461ef896,source=INATURALIST; non-commercial licence
3617d628-b2f2-421d-bfc6-73e79e78e04b,SF012,Tenggiri,Scomberomorus commerson,WILD,train,a16faf17cea8b32e,INATURALIST,https://www.inaturalist.org/observations/260683508,CC-BY-NC,REVIEW,"(c) David Khaydarov, some rights reserved (CC BY-NC)",TENGGIRI/inaturalist/3617d628-b2f2-421d-bfc6-73e79e78e04b.jpg,a16faf17cea8b32e909b8035202f44982b6a5f8ee4c5d5268c13dd22bc08b537,source=INATURALIST; non-commercial licence
36d41fe8-b728-491b-bbba-9981f0643ec1,SF012,Tenggiri,Scomberomorus commerson,WILD,train,a3902ad73c3264dc,INATURALIST,https://www.inaturalist.org/observations/378069406,CC-BY-NC,REVIEW,"(c) hirosho, some rights reserved (CC BY-NC)",TENGGIRI/inaturalist/36d41fe8-b728-491b-bbba-9981f0643ec1.jpg,a3902ad73c3264dc80aa388a76ab1eceb3ae84f8c66f7c1caf54b4827025a533,source=INATURALIST; non-commercial licence
3747abde-242e-4fc4-a7b3-6517062c4c52,SF012,Tenggiri,Scomberomorus commerson,WILD,train,5b92fb9c41e1ba4e,GBIF,https://www.inaturalist.org/observations/306982858,CC-BY-NC,REVIEW,Sagarika Gupta,TENGGIRI/gbif/3747abde-242e-4fc4-a7b3-6517062c4c52.jpg,5b92fb9c41e1ba4efaffe180b5636a162be4f286a1759cd64147ebafd41db09e,source=GBIF; non-commercial licence
37e64e50-f940-4b57-bca5-2cf621149ae1,SF012,Tenggiri,Scomberomorus commerson,WILD,train,38de71aebceded83,INATURALIST,https://www.inaturalist.org/observations/277813949,CC-BY-NC,REVIEW,"(c) swildem, some rights reserved (CC BY-NC)",TENGGIRI/inaturalist/37e64e50-f940-4b57-bca5-2cf621149ae1.jpg,38de71aebceded83ce27f40b6bf0111bcff54d5faac8116fec1cc98652d39215,source=INATURALIST; non-commercial licence
3a314d3c-5c71-4c40-bf7e-391fa0c335ee,SF012,Tenggiri,Scomberomorus commerson,WILD,test_clean,42d53d2bdf941672,INATURALIST,https://www.inaturalist.org/observations/271501567,CC-BY-NC,REVIEW,"(c) Nico K. Michiels, some rights reserved (CC BY-NC)",TENGGIRI/inaturalist/3a314d3c-5c71-4c40-bf7e-391fa0c335ee.jpg,42d53d2bdf941672ee297f389b93d95b907523bd8c80080fd83fa684b5bac2b6,source=INATURALIST; non-commercial licence
3acf6cec-f41c-421f-8f0b-d1b43bfcd03c,SF012,Tenggiri,Scomberomorus commerson,WILD,train,071e1c6b9940eff2,INATURALIST,https://www.inaturalist.org/observations/302553956,CC-BY-NC-SA,REVIEW,"(c) Vivek.N.Rathod, some rights reserved (CC BY-NC-SA)",TENGGIRI/inaturalist/3acf6cec-f41c-421f-8f0b-d1b43bfcd03c.jpg,071e1c6b9940eff2220d42fd84073bf0dd77a6f6279213ffe4e1cc1058b88d87,source=INATURALIST; non-commercial licence
3cb0f12f-9181-415a-9e2a-bb5add5a7386,SF012,Tenggiri,Scomberomorus commerson,WILD,train,2969e9b72c491ea7,INATURALIST,https://www.inaturalist.org/observations/333098374,CC-BY-NC,REVIEW,"(c) Tony Strazzari, some rights reserved (CC BY-NC)",TENGGIRI/inaturalist/3cb0f12f-9181-415a-9e2a-bb5add5a7386.jpg,2969e9b72c491ea7da1ae2ff3d41fe59e121f6e43fcf47a7fe059075b883187b,source=INATURALIST; non-commercial licence
3d01f480-155a-4806-995a-4f7dbe9c505a,SF012,Tenggiri,Scomberomorus commerson,WILD,val,51e95780c711fa90,INATURALIST,https://www.inaturalist.org/observations/302553956,CC-BY-NC-SA,REVIEW,"(c) Vivek.N.Rathod, some rights reserved (CC BY-NC-SA)",TENGGIRI/inaturalist/3d01f480-155a-4806-995a-4f7dbe9c505a.jpg,51e95780c711fa9021394f7497352c143ec9f10a8d32ac5e7b72efd788a4a37c,source=INATURALIST; non-commercial licence
3e37ad53-5116-4867-8aae-028ecfaf205a,SF012,Tenggiri,Scomberomorus commerson,WILD,train,145e0e6e3598f505,INATURALIST,https://www.inaturalist.org/observations/314056560,CC-BY-NC-SA,REVIEW,"(c) Vivek.N.Rathod, some rights reserved (CC BY-NC-SA)",TENGGIRI/inaturalist/3e37ad53-5116-4867-8aae-028ecfaf205a.jpg,145e0e6e3598f505aeb1ec4278bd1db9a253e0560a956912f872169b748734db,source=INATURALIST; non-commercial licence
40230031-6f4c-4b03-b39f-a61289c6fe9c,SF012,Tenggiri,Scomberomorus commerson,WILD,train,6871be724ed11f73,GBIF,https://www.inaturalist.org/observations/311666977,CC-BY-NC,REVIEW,tedart,TENGGIRI/gbif/40230031-6f4c-4b03-b39f-a61289c6fe9c.jpg,6871be724ed11f7309eafeefb602435b9a08390810bf49d9e353c6fc01906ab2,source=GBIF; non-commercial licence
407af0e2-db98-4385-a1d4-1cbfd56324b9,SF012,Tenggiri,Scomberomorus commerson,WILD,train,360e143f2e2b9134,INATURALIST,https://www.inaturalist.org/observations/328625323,CC-BY-NC,REVIEW,"(c) Michael Verdirame, some rights reserved (CC BY-NC)",TENGGIRI/inaturalist/407af0e2-db98-4385-a1d4-1cbfd56324b9.jpg,360e143f2e2b913499e43367b461bb0a9bc576fc027d68ed18ffb46863e55e4f,source=INATURALIST; non-commercial licence
410779e5-33ff-43b0-8288-9caa43fd8274,SF012,Tenggiri,Scomberomorus commerson,WILD,train,a8ffafaaac21d9a4,INATURALIST,https://www.inaturalist.org/observations/332275245,CC-BY-NC,REVIEW,"(c) Jani Järvi, some rights reserved (CC BY-NC)",TENGGIRI/inaturalist/410779e5-33ff-43b0-8288-9caa43fd8274.jpg,a8ffafaaac21d9a4a74f690d0890ec39f1fc71ca40f563a0ab461a3470233a19,source=INATURALIST; non-commercial licence
41c653b3-247d-466b-b283-9fb57f5a9522,SF012,Tenggiri,Scomberomorus commerson,WILD,train,6323607d9ffe3e1b,INATURALIST,https://www.inaturalist.org/observations/261184023,CC-BY-NC,REVIEW,"(c) Snow Dennis, some rights reserved (CC BY-NC)",TENGGIRI/inaturalist/41c653b3-247d-466b-b283-9fb57f5a9522.jpg,6323607d9ffe3e1b3c6a7ccd7cd63d13db3049a96cf55ade16637ceeb7ab8a9b,source=INATURALIST; non-commercial licence
41e78e29-d4bf-4239-8daa-4647edf8deda,SF012,Tenggiri,Scomberomorus commerson,WILD,train,6de04b6b3024e729,GBIF,https://www.inaturalist.org/observations/267769386,CC-BY-NC,REVIEW,stephies,TENGGIRI/gbif/41e78e29-d4bf-4239-8daa-4647edf8deda.jpg,6de04b6b3024e72944c6a42b4054ccf6cbedf0b5a657d6b76c15315f7dadbdfc,source=GBIF; non-commercial licence
439f7edc-4fb6-44bc-a2ae-2215a3e41f60,SF012,Tenggiri,Scomberomorus commerson,WILD,train,cc7df342c728b8f8,INATURALIST,https://www.inaturalist.org/observations/370527583,CC-BY,YES,"(c) Debra Baker, some rights reserved (CC BY)",TENGGIRI/inaturalist/439f7edc-4fb6-44bc-a2ae-2215a3e41f60.jpg,cc7df342c728b8f86bd57b2ea87f6cf566fa85274f14a7b900cec18f481890c8,source=INATURALIST
43f6c8dd-93b6-491b-867c-c08cb40974ab,SF012,Tenggiri,Scomberomorus commerson,WILD,train,007096be80f43cea,INATURALIST,https://www.inaturalist.org/observations/333098374,CC-BY-NC,REVIEW,"(c) Tony Strazzari, some rights reserved (CC BY-NC)",TENGGIRI/inaturalist/43f6c8dd-93b6-491b-867c-c08cb40974ab.jpg,007096be80f43ceacae9a0ae1ae54cc03553dd3052b85adb80d2dd28866ab165,source=INATURALIST; non-commercial licence
441ae5dc-25c3-4306-937e-e140a02b441d,SF012,Tenggiri,Scomberomorus commerson,WILD,train,1d243bd3b06c2ffc,INATURALIST,https://www.inaturalist.org/observations/332552980,CC-BY-NC,REVIEW,"(c) kenhe, some rights reserved (CC BY-NC)",TENGGIRI/inaturalist/441ae5dc-25c3-4306-937e-e140a02b441d.jpg,1d243bd3b06c2ffcdff70a3d206be8b5859416f99bdc65c72cfb4107fe6267c8,source=INATURALIST; non-commercial licence
44ff396d-2e17-476b-ab9b-199280eb22eb,SF012,Tenggiri,Scomberomorus commerson,WILD,train,a767931dc630e116,INATURALIST,https://www.inaturalist.org/observations/337929906,CC-BY-NC,REVIEW,"(c) Elizabeth Makin, some rights reserved (CC BY-NC)",TENGGIRI/inaturalist/44ff396d-2e17-476b-ab9b-199280eb22eb.jpg,a767931dc630e1164208215f9931d057ecbf93a82e583e8aa36465bf888a32dc,source=INATURALIST; non-commercial licence
461d5216-397d-4261-aafb-624ed3f29fdb,SF012,Tenggiri,Scomberomorus commerson,WILD,train,7105b5a8ffe6ee47,INATURALIST,https://www.inaturalist.org/observations/260524824,CC-BY-NC,REVIEW,"(c) CORDENOS Thierry, some rights reserved (CC BY-NC)",TENGGIRI/inaturalist/461d5216-397d-4261-aafb-624ed3f29fdb.jpg,7105b5a8ffe6ee47ecd1fb9df4c4a412931164e6bf277dff96fac04f9489ceda,source=INATURALIST; non-commercial licence
46a418fa-c026-4914-aada-18f9e09c5f7f,SF012,Tenggiri,Scomberomorus commerson,WILD,test_clean,7c0638bd01db777b,INATURALIST,https://www.inaturalist.org/observations/258170586,CC-BY-NC,REVIEW,"(c) Daniel Eugenio Pérez Garrido, some rights reserved (CC BY-NC)",TENGGIRI/inaturalist/46a418fa-c026-4914-aada-18f9e09c5f7f.jpg,7c0638bd01db777b5ef97f5f9b23a164a2dbf1bf060b124bb3ea4879401e0de8,source=INATURALIST; non-commercial licence
475977fc-dc64-458d-8214-5c73351db01a,SF012,Tenggiri,Scomberomorus commerson,WILD,test_clean,8669b16499859d7e,INATURALIST,https://www.inaturalist.org/observations/335262319,CC-BY-NC,REVIEW,"(c) H.Grenier, some rights reserved (CC BY-NC)",TENGGIRI/inaturalist/475977fc-dc64-458d-8214-5c73351db01a.jpg,8669b16499859d7e2b761411c75ba13ab2d9f8bb092e252d73df63d90dddd97b,source=INATURALIST; non-commercial licence
484b0cfd-8a74-479c-9778-f991db5e2f41,SF012,Tenggiri,Scomberomorus commerson,WILD,train,93e03818596353f1,ATLAS_OF_LIVING_AUSTRALIA,https://www.inaturalist.org/observations/329165871,CC-BY-NC,REVIEW,Terry Farr,TENGGIRI/atlas_of_living_australia/484b0cfd-8a74-479c-9778-f991db5e2f41.jpg,93e03818596353f155d977743c83d503b5050f7104b32fc96a2c1ad66d62578a,source=ATLAS_OF_LIVING_AUSTRALIA; non-commercial licence
487afeaf-e852-47d0-ac4c-2ef5c37fa147,SF012,Tenggiri,Scomberomorus commerson,WILD,train,6a40cdda1ed10890,INATURALIST,https://www.inaturalist.org/observations/373155498,CC-BY-NC,REVIEW,"(c) renateloizos, some rights reserved (CC BY-NC)",TENGGIRI/inaturalist/487afeaf-e852-47d0-ac4c-2ef5c37fa147.jpg,6a40cdda1ed10890a7663362f13450acf752701110fbc154ca7a1b7e2a6e4f81,source=INATURALIST; non-commercial licence
48ff3175-a28d-4722-bdfb-38aa6b6f9445,SF012,Tenggiri,Scomberomorus commerson,WILD,test_clean,1e5a8cc43625b35e,GBIF,https://www.inaturalist.org/observations/306702613,CC-BY-NC,REVIEW,arhwin,TENGGIRI/gbif/48ff3175-a28d-4722-bdfb-38aa6b6f9445.jpg,1e5a8cc43625b35ec91b282cdc6f6bb70c85554db7e606f7acc83e3577fc5301,source=GBIF; non-commercial licence
49d082ab-3241-453b-92c0-ff85bcb8607a,SF012,Tenggiri,Scomberomorus commerson,WILD,train,d2b5c9ade748680c,GBIF,https://www.inaturalist.org/observations/196184358,CC-BY-NC,REVIEW,Adam Smith,TENGGIRI/gbif/49d082ab-3241-453b-92c0-ff85bcb8607a.jpg,d2b5c9ade748680c7dfea478468225ed417adf08535cbb2d8d7fea6f2fe4be17,source=GBIF; non-commercial licence
49ec2501-83fb-4382-8c75-db1f5725f292,SF012,Tenggiri,Scomberomorus commerson,WILD,train,e7b8029ab734e1bf,GBIF,https://www.inaturalist.org/observations/279462054,CC-BY,YES,Ashwit Shetty,TENGGIRI/gbif/49ec2501-83fb-4382-8c75-db1f5725f292.jpg,e7b8029ab734e1bfdf7796ebae5d757967d4159c771d635f1c9cc6d04ec8bb70,source=GBIF
4c31a355-daca-4eaf-a6a1-9146162d6215,SF012,Tenggiri,Scomberomorus commerson,WILD,train,38817871a7a9fecc,GBIF,https://www.inaturalist.org/observations/203978356,CC-BY-NC,REVIEW,huilanfeng77,TENGGIRI/gbif/4c31a355-daca-4eaf-a6a1-9146162d6215.jpg,38817871a7a9feccb55c40060e4946047e7e5d6ac8c5cbc19a6b1dfc0d285176,source=GBIF; non-commercial licence
4c3ab240-9c03-4a74-93a0-c75dc3a18157,SF012,Tenggiri,Scomberomorus commerson,WILD,val,17d8242d547da71e,GBIF,https://www.inaturalist.org/observations/322745382,CC-BY-NC,REVIEW,craigjhowe,TENGGIRI/gbif/4c3ab240-9c03-4a74-93a0-c75dc3a18157.jpg,17d8242d547da71e46247a3ee2031e24fa9f4b4499c8fed1fd5b1f9158eefc3e,source=GBIF; non-commercial licence
4ed276b4-3ff6-47c7-b507-3cd40050a86d,SF012,Tenggiri,Scomberomorus commerson,WILD,train,b2d9f7e6dd753534,INATURALIST,https://www.inaturalist.org/observations/332973096,CC-BY-NC,REVIEW,"(c) Pauline Fey, some rights reserved (CC BY-NC)",TENGGIRI/inaturalist/4ed276b4-3ff6-47c7-b507-3cd40050a86d.jpg,b2d9f7e6dd753534612974dcf12e92cd562a66592c9c134ddb402c630abc32ee,source=INATURALIST; non-commercial licence
50260b8f-d00c-470f-92d2-4220d8305ab1,SF012,Tenggiri,Scomberomorus commerson,WILD,train,2719270d7e69fa06,INATURALIST,https://www.inaturalist.org/observations/323851851,CC-BY-NC,REVIEW,"(c) craigjhowe, some rights reserved (CC BY-NC)",TENGGIRI/inaturalist/50260b8f-d00c-470f-92d2-4220d8305ab1.jpg,2719270d7e69fa06d2c4d8cbf07f287b44e95f7f8bfb917bd4a0f140c51cda27,source=INATURALIST; non-commercial licence
50d9bc3f-3da7-4a02-844b-1acecb45c1fa,SF012,Tenggiri,Scomberomorus commerson,WILD,val,acb7cd17d3564b71,ATLAS_OF_LIVING_AUSTRALIA,https://www.inaturalist.org/observations/152896513,CC-BY-NC,REVIEW,Allan Lugg,TENGGIRI/atlas_of_living_australia/50d9bc3f-3da7-4a02-844b-1acecb45c1fa.jpg,acb7cd17d3564b7193af7c97fc58cf7e2348b6096e8c2d927ff437d9342b3b22,source=ATLAS_OF_LIVING_AUSTRALIA; non-commercial licence
5248286c-c76f-4c2b-add7-d909d98ae4cb,SF012,Tenggiri,Scomberomorus commerson,WILD,train,cd56ccf74511aefc,INATURALIST,https://www.inaturalist.org/observations/281005949,CC-BY-NC,REVIEW,"(c) Frank Krasovec, some rights reserved (CC BY-NC)",TENGGIRI/inaturalist/5248286c-c76f-4c2b-add7-d909d98ae4cb.jpg,cd56ccf74511aefc2397adde767ba0575b3488c03f6d8ace717a46b4d5ff6446,source=INATURALIST; non-commercial licence
526787aa-1877-4553-b5ab-e96f49c1a9c9,SF012,Tenggiri,Scomberomorus commerson,WILD,train,8b8906da558fff8d,ATLAS_OF_LIVING_AUSTRALIA,https://www.inaturalist.org/observations/226574472,CC-BY-NC,REVIEW,Adam Smith,TENGGIRI/atlas_of_living_australia/526787aa-1877-4553-b5ab-e96f49c1a9c9.jpg,8b8906da558fff8d13a3698e10ad9f20d916fbcb0bd1132b0c536307cdf36278,source=ATLAS_OF_LIVING_AUSTRALIA; non-commercial licence
54adc3f6-daec-4aea-bfb4-e93eff578281,SF012,Tenggiri,Scomberomorus commerson,WILD,train,990e0b0a5c9b26e1,INATURALIST,https://www.inaturalist.org/observations/331527168,CC-BY-NC,REVIEW,"(c) red flaming inferno, some rights reserved (CC BY-NC)",TENGGIRI/inaturalist/54adc3f6-daec-4aea-bfb4-e93eff578281.jpg,990e0b0a5c9b26e12aac3a092252f1283ba5c26ba403ab29527f4ad1471f61e8,source=INATURALIST; non-commercial licence
54c561a8-55a8-41d8-b99b-7881292c3646,SF012,Tenggiri,Scomberomorus commerson,WILD,train,f5db168fd1c48212,GBIF,https://www.inaturalist.org/observations/303132024,CC-BY,YES,Tim,TENGGIRI/gbif/54c561a8-55a8-41d8-b99b-7881292c3646.jpg,f5db168fd1c48212c5c9825482fdd5e956cdda190d1875b78b70c3d714acce2e,source=GBIF
552f854a-3196-4e62-8073-360d6836b2eb,SF012,Tenggiri,Scomberomorus commerson,WILD,train,cbbf47cf87edbd75,INATURALIST,https://www.inaturalist.org/observations/363875904,CC-BY-NC,REVIEW,"(c) Hamrish Singh, some rights reserved (CC BY-NC)",TENGGIRI/inaturalist/552f854a-3196-4e62-8073-360d6836b2eb.jpg,cbbf47cf87edbd75edda4b28d8cc7bba40177c290b48ba38f0cae9fed84ddeb4,source=INATURALIST; non-commercial licence
553f805f-0027-4af0-b0b2-ffc38c49c9f4,SF012,Tenggiri,Scomberomorus commerson,WILD,train,17d7f6c07d1c5101,GBIF,https://www.inaturalist.org/observations/297826782,CC-BY-NC,REVIEW,FishGuyFelix,TENGGIRI/gbif/553f805f-0027-4af0-b0b2-ffc38c49c9f4.jpg,17d7f6c07d1c51018283d63b8b6fff7a4a93ec786c4cea8c4151a95071dabbb1,source=GBIF; non-commercial licence
554f4739-a328-4e71-876c-8fcdc8eac846,SF012,Tenggiri,Scomberomorus commerson,WILD,test_clean,022f4788a9d1c12f,INATURALIST,https://www.inaturalist.org/observations/333872498,CC-BY-NC,REVIEW,"(c) Christopher Guna, some rights reserved (CC BY-NC)",TENGGIRI/inaturalist/554f4739-a328-4e71-876c-8fcdc8eac846.jpg,022f4788a9d1c12f3706e0abb204ffe1ddc8bfa284d8a282ddc5af40a069bf25,source=INATURALIST; non-commercial licence
55781a9a-bab2-4b35-ae6d-26b765584a46,SF012,Tenggiri,Scomberomorus commerson,WILD,train,300d35274d65dc30,INATURALIST,https://www.inaturalist.org/observations/330478302,CC-BY,YES,"(c) Jiro Iguchi, some rights reserved (CC BY)",TENGGIRI/inaturalist/55781a9a-bab2-4b35-ae6d-26b765584a46.jpg,300d35274d65dc309fdeacc892cc92213c7ea79f003919e7a3c5c6bca0e0ea96,source=INATURALIST
5833a512-5d53-46f4-85c3-ce595b888adc,SF012,Tenggiri,Scomberomorus commerson,WILD,train,e60f21168a3909f5,INATURALIST,https://www.inaturalist.org/observations/301430697,CC-BY-NC-SA,REVIEW,"(c) Vivek.N.Rathod, some rights reserved (CC BY-NC-SA)",TENGGIRI/inaturalist/5833a512-5d53-46f4-85c3-ce595b888adc.jpg,e60f21168a3909f50480192d17d820e4c2556b0a802d78245d9c367fce430882,source=INATURALIST; non-commercial licence
5862d954-9a8e-4c9c-8720-a3f78ca14d31,SF012,Tenggiri,Scomberomorus commerson,WILD,train,ca54d5c317e6ef97,WIKIMEDIA_COMMONS,https://commons.wikimedia.org/wiki/File:%E5%9C%9F%E9%AD%A0%E9%AD%9A2.jpg,PUBLIC-DOMAIN,YES,Own work,TENGGIRI/wikimedia_commons/5862d954-9a8e-4c9c-8720-a3f78ca14d31.jpg,ca54d5c317e6ef97dda76d25517b1a2468116c02bb8f0df4e32767cadb7f3c47,source=WIKIMEDIA_COMMONS; taxon_match=EXACT_CATEGORY
5b0635fd-6174-44be-b8e3-6afbb05d0089,SF012,Tenggiri,Scomberomorus commerson,WILD,val,efd99ad92c4c16d8,ATLAS_OF_LIVING_AUSTRALIA,https://www.inaturalist.org/observations/170186264,CC-BY-NC,REVIEW,Adam Smith,TENGGIRI/atlas_of_living_australia/5b0635fd-6174-44be-b8e3-6afbb05d0089.jpg,efd99ad92c4c16d8022d9483f31a166933aca0b9d855b4cb9822b108068879b2,source=ATLAS_OF_LIVING_AUSTRALIA; non-commercial licence
5cbf7424-415d-48a1-8672-abc0b72bce5b,SF012,Tenggiri,Scomberomorus commerson,WILD,train,20947628c2565937,INATURALIST,https://www.inaturalist.org/observations/328625323,CC-BY-NC,REVIEW,"(c) Michael Verdirame, some rights reserved (CC BY-NC)",TENGGIRI/inaturalist/5cbf7424-415d-48a1-8672-abc0b72bce5b.jpg,20947628c25659372c6d55a6b1a7ddf0d71d237335742050010deacbb093215f,source=INATURALIST; non-commercial licence
5d150f6a-2c5f-45a6-8dde-1d28ab37b07d,SF012,Tenggiri,Scomberomorus commerson,WILD,test_clean,4fd591d3fca83ee9,INATURALIST,https://www.inaturalist.org/observations/379652906,CC-BY-NC,REVIEW,"(c) bluenautics, some rights reserved (CC BY-NC)",TENGGIRI/inaturalist/5d150f6a-2c5f-45a6-8dde-1d28ab37b07d.jpg,4fd591d3fca83ee9f95ef327ce79c35812791e903fe4c58a96213ae4801ce56d,source=INATURALIST; non-commercial licence
5d28843a-82a3-4a07-ba75-b53dc7060cf1,SF012,Tenggiri,Scomberomorus commerson,WILD,train,cb0cf151c2c4bae0,INATURALIST,https://www.inaturalist.org/observations/394629387,CC-BY-NC,REVIEW,"(c) Kjell Hensen, some rights reserved (CC BY-NC)",TENGGIRI/inaturalist/5d28843a-82a3-4a07-ba75-b53dc7060cf1.jpg,cb0cf151c2c4bae0c50c40937aff63b0c9e7216fd652f1b97282c8363e0d3f4b,source=INATURALIST; non-commercial licence
5def0be6-da09-4289-af75-db0433de46ca,SF012,Tenggiri,Scomberomorus commerson,WILD,val,4d07c92c8858a4e5,INATURALIST,https://www.inaturalist.org/observations/345862439,CC-BY-NC,REVIEW,"(c) Jiayuan Lin, some rights reserved (CC BY-NC)",TENGGIRI/inaturalist/5def0be6-da09-4289-af75-db0433de46ca.jpg,4d07c92c8858a4e58fbe1aac2dfb66066842bc5752fb69839f79189596baba54,source=INATURALIST; non-commercial licence
5e09f4a7-8188-45d6-ae1f-1185a776a481,SF012,Tenggiri,Scomberomorus commerson,WILD,test_clean,3cdab66ce1a1b9ce,INATURALIST,https://www.inaturalist.org/observations/325363843,CC-BY-NC,REVIEW,"(c) Pate Brasfield, some rights reserved (CC BY-NC)",TENGGIRI/inaturalist/5e09f4a7-8188-45d6-ae1f-1185a776a481.jpg,3cdab66ce1a1b9ce90e10f5c612eb830a4b86de586b07c9c8200d0fcc2bedabb,source=INATURALIST; non-commercial licence
5eb25d0d-95b8-4f8a-911a-3933e171f06d,SF012,Tenggiri,Scomberomorus commerson,WILD,train,cc2c67e6ca51d4cf,GBIF,https://www.inaturalist.org/observations/293206673,CC-BY-NC,REVIEW,mtrgl,TENGGIRI/gbif/5eb25d0d-95b8-4f8a-911a-3933e171f06d.jpg,cc2c67e6ca51d4cfd075e3629eae0923c5f241bd6b5636ad32cc941131c052d8,source=GBIF; non-commercial licence
607cca6e-1ded-454b-a762-38fa11288698,SF012,Tenggiri,Scomberomorus commerson,WILD,train,2b786606346d7c8b,GBIF,https://www.inaturalist.org/observations/275460876,CC-BY,YES,renjus box,TENGGIRI/gbif/607cca6e-1ded-454b-a762-38fa11288698.jpg,2b786606346d7c8befc70af613afd224f7a71e6e4bb867a2e4f678c402593c82,source=GBIF
60fb495c-9031-41e1-b7b8-892d004bd294,SF012,Tenggiri,Scomberomorus commerson,WILD,train,8554fe2ef4dcdf40,GBIF,https://www.inaturalist.org/observations/306702613,CC-BY-NC,REVIEW,arhwin,TENGGIRI/gbif/60fb495c-9031-41e1-b7b8-892d004bd294.jpg,8554fe2ef4dcdf407aed0a851c07a796b23f65048988a60ab10385176ec3c85f,source=GBIF; non-commercial licence
610ee237-aadf-4c47-8cef-1ad474fba589,SF012,Tenggiri,Scomberomorus commerson,WILD,test_clean,877fb7356870fd0a,GBIF,https://www.inaturalist.org/observations/264581692,CC-BY-NC,REVIEW,Adam Smith,TENGGIRI/gbif/610ee237-aadf-4c47-8cef-1ad474fba589.jpg,877fb7356870fd0ab1d8c45ff1a32bd236a1fd95edf2476ac9e477ef7b40b058,source=GBIF; non-commercial licence
62fd7ac2-8c2a-444e-99db-594e60e88121,SF012,Tenggiri,Scomberomorus commerson,WILD,train,60c4843ae896396e,GBIF,https://www.inaturalist.org/observations/295049832,CC-BY-NC,REVIEW,klimpus,TENGGIRI/gbif/62fd7ac2-8c2a-444e-99db-594e60e88121.jpg,60c4843ae896396e3956f17475bb8a6e05e2cb7745420d98d61e78719f69f708,source=GBIF; non-commercial licence
6376d6bb-f88a-4d57-8128-940a80b1ad0a,SF012,Tenggiri,Scomberomorus commerson,WILD,train,e5482594e430107e,INATURALIST,https://www.inaturalist.org/observations/274884930,CC-BY-NC,REVIEW,"(c) Tsui-Ting Hsu, some rights reserved (CC BY-NC)",TENGGIRI/inaturalist/6376d6bb-f88a-4d57-8128-940a80b1ad0a.jpg,e5482594e430107e7e12599485e2c99683a944af09c50de1f329d7b56dee7975,source=INATURALIST; non-commercial licence
646113e9-4b96-40cd-b0d4-5e413950dfc8,SF012,Tenggiri,Scomberomorus commerson,WILD,train,3c4d185f9a28bfac,INATURALIST,https://www.inaturalist.org/observations/334921392,CC-BY,YES,"(c) TonyT, some rights reserved (CC BY)",TENGGIRI/inaturalist/646113e9-4b96-40cd-b0d4-5e413950dfc8.jpg,3c4d185f9a28bfaccb808dc7d1f89cadbbd6a5c46fe1cfa1347eb2a0b8655f97,source=INATURALIST
65b75369-4e35-48b6-bfa5-dbc0980b4139,SF012,Tenggiri,Scomberomorus commerson,WILD,train,aeaf658ce4503320,INATURALIST,https://www.inaturalist.org/observations/274884930,CC-BY-NC,REVIEW,"(c) Tsui-Ting Hsu, some rights reserved (CC BY-NC)",TENGGIRI/inaturalist/65b75369-4e35-48b6-bfa5-dbc0980b4139.jpg,aeaf658ce4503320cfb44f8c23c915333e42bfb1d83bb9307463fac887237440,source=INATURALIST; non-commercial licence
666be34d-fad6-46ad-8ddd-7af5389f72ec,SF012,Tenggiri,Scomberomorus commerson,WILD,val,f7b484a73fc30c44,INATURALIST,https://www.inaturalist.org/observations/334193084,CC-BY-NC,REVIEW,"(c) Sue Churchill, some rights reserved (CC BY-NC)",TENGGIRI/inaturalist/666be34d-fad6-46ad-8ddd-7af5389f72ec.jpg,f7b484a73fc30c44f333060e50fa4fe4649e16e81179431e53aadb4579396142,source=INATURALIST; non-commercial licence
6795f8e8-8f8a-4cae-a206-23248fb4b37a,SF012,Tenggiri,Scomberomorus commerson,WILD,val,1123afbbd4162668,GBIF,https://www.inaturalist.org/observations/269239870,CC-BY-NC,REVIEW,A. R. Javanica,TENGGIRI/gbif/6795f8e8-8f8a-4cae-a206-23248fb4b37a.jpg,1123afbbd4162668036e2275de56e7238805be904cbee1521a3db409f5496b80,source=GBIF; non-commercial licence
67b4b3a2-4bb6-4b4a-a3b0-6072edf18489,SF012,Tenggiri,Scomberomorus commerson,WILD,train,127d77c3a54d2b43,INATURALIST,https://www.inaturalist.org/observations/337660904,CC-BY-NC,REVIEW,"(c) 048 Eden Rozario, some rights reserved (CC BY-NC)",TENGGIRI/inaturalist/67b4b3a2-4bb6-4b4a-a3b0-6072edf18489.jpg,127d77c3a54d2b4300de0400b5a4fb413a89d5ce7b5edfaf0f53c6bb1a9938d2,source=INATURALIST; non-commercial licence
6881b40c-af94-4202-bccb-f8a5e12fdd26,SF012,Tenggiri,Scomberomorus commerson,WILD,test_clean,84cc8fa71aa24baf,INATURALIST,https://www.inaturalist.org/observations/379652906,CC-BY-NC,REVIEW,"(c) bluenautics, some rights reserved (CC BY-NC)",TENGGIRI/inaturalist/6881b40c-af94-4202-bccb-f8a5e12fdd26.jpg,84cc8fa71aa24baf0c8ae74857fdc5d98b95adbec0c4c4adeec1c41a01e84ac6,source=INATURALIST; non-commercial licence
689e6416-3650-4f49-84f2-38601d354a69,SF012,Tenggiri,Scomberomorus commerson,WILD,test_clean,8b09e57dfe796a9a,INATURALIST,https://www.inaturalist.org/observations/325363843,CC-BY-NC,REVIEW,"(c) Pate Brasfield, some rights reserved (CC BY-NC)",TENGGIRI/inaturalist/689e6416-3650-4f49-84f2-38601d354a69.jpg,8b09e57dfe796a9a0f54b6d575a09f3445bb8ab8a434983262ec8fd178794d75,source=INATURALIST; non-commercial licence
68c40ef2-4a81-41d4-8804-1e2ee9743267,SF012,Tenggiri,Scomberomorus commerson,WILD,val,8fdfcbec004d8fad,INATURALIST,https://www.inaturalist.org/observations/345850407,CC-BY-NC,REVIEW,"(c) Albert Kang, some rights reserved (CC BY-NC)",TENGGIRI/inaturalist/68c40ef2-4a81-41d4-8804-1e2ee9743267.jpg,8fdfcbec004d8fad6f6c59a51d0cea0222b2bbe5b919b33aae04268b48af5a20,source=INATURALIST; non-commercial licence
6af5bdd2-b3b2-4026-a18e-565480c7079b,SF012,Tenggiri,Scomberomorus commerson,WILD,train,86c175ff52681e6a,INATURALIST,https://www.inaturalist.org/observations/337758418,CC-BY-NC,REVIEW,"(c) Sue Churchill, some rights reserved (CC BY-NC)",TENGGIRI/inaturalist/6af5bdd2-b3b2-4026-a18e-565480c7079b.jpg,86c175ff52681e6a0c6ca2528bc43fd7430b244a8ea9a4d61db73291ce942b8d,source=INATURALIST; non-commercial licence
6b3fd153-18fa-4e72-93bf-11134d251cd9,SF012,Tenggiri,Scomberomorus commerson,WILD,test_clean,a96a24ef36e5fcbd,ATLAS_OF_LIVING_AUSTRALIA,https://www.inaturalist.org/observations/8248055,CC-BY-NC,REVIEW,Ian Banks,TENGGIRI/atlas_of_living_australia/6b3fd153-18fa-4e72-93bf-11134d251cd9.jpg,a96a24ef36e5fcbd1547edae30c68fe9e5c6dd44ba4c368e61d7474212b47f45,source=ATLAS_OF_LIVING_AUSTRALIA; non-commercial licence
6bf8ec9b-8ee6-4914-8427-77d524363def,SF012,Tenggiri,Scomberomorus commerson,WILD,train,653bf883e6bcb39d,ATLAS_OF_LIVING_AUSTRALIA,https://www.inaturalist.org/observations/128530448,CC-BY-NC,REVIEW,oirs-staff,TENGGIRI/atlas_of_living_australia/6bf8ec9b-8ee6-4914-8427-77d524363def.jpg,653bf883e6bcb39d636b4605efe16e3d2b279ae606a0ef0cebf08c69261c6bcd,source=ATLAS_OF_LIVING_AUSTRALIA; non-commercial licence
6c2bbc8f-cca2-4cba-8aeb-5bec50973894,SF012,Tenggiri,Scomberomorus commerson,WILD,val,3444568da096739b,GBIF,https://www.inaturalist.org/observations/198973865,CC-BY-NC,REVIEW,Sagarika Gupta,TENGGIRI/gbif/6c2bbc8f-cca2-4cba-8aeb-5bec50973894.jpg,3444568da096739b9292dd467e37234d1a687118603de50d1820c83b84ba5ba3,source=GBIF; non-commercial licence
6ca8ca46-26b0-4fe6-a43d-90bdd0bde63b,SF012,Tenggiri,Scomberomorus commerson,WILD,train,6943d47b72a0203f,INATURALIST,https://www.inaturalist.org/observations/277813925,CC-BY-NC,REVIEW,"(c) swildem, some rights reserved (CC BY-NC)",TENGGIRI/inaturalist/6ca8ca46-26b0-4fe6-a43d-90bdd0bde63b.jpg,6943d47b72a0203fc081c96b7103939b2977eb2f38882eaaf537a7c18d04699c,source=INATURALIST; non-commercial licence
6d9292b3-5040-416a-9779-085645540882,SF012,Tenggiri,Scomberomorus commerson,WILD,train,3c82432068f80476,GBIF,https://www.inaturalist.org/observations/196346358,CC-BY-NC,REVIEW,zakvice,TENGGIRI/gbif/6d9292b3-5040-416a-9779-085645540882.jpg,3c82432068f804767a9ed21e6f6011522e7e7a95069c2e83ad223b7e09a815db,source=GBIF; non-commercial licence
710ba32f-1114-47ca-8721-06a369f30855,SF012,Tenggiri,Scomberomorus commerson,WILD,train,6079261a9b4b94fa,GBIF,https://www.inaturalist.org/observations/282772396,CC-BY-NC,REVIEW,matt_fields,TENGGIRI/gbif/710ba32f-1114-47ca-8721-06a369f30855.jpg,6079261a9b4b94fab01e2a16d6e523cca2f5f0c30c15634ed8226b2871343284,source=GBIF; non-commercial licence
71750b04-b08e-4508-84e2-4a2f80d49dd7,SF012,Tenggiri,Scomberomorus commerson,WILD,val,a60c5b01efa71eed,INATURALIST,https://www.inaturalist.org/observations/303430607,CC-BY-NC-SA,REVIEW,"(c) Vivek.N.Rathod, some rights reserved (CC BY-NC-SA)",TENGGIRI/inaturalist/71750b04-b08e-4508-84e2-4a2f80d49dd7.jpg,a60c5b01efa71eed04a2c60e256d652e1e51fdbc0302607b4bb925c83608af09,source=INATURALIST; non-commercial licence
71a61f88-9744-4c09-935b-e618d0797ac6,SF012,Tenggiri,Scomberomorus commerson,WILD,train,ce99666a89592924,GBIF,https://www.inaturalist.org/observations/261373960,CC-BY-NC,REVIEW,Luis P. B.,TENGGIRI/gbif/71a61f88-9744-4c09-935b-e618d0797ac6.jpg,ce99666a895929241f1a996225af23279b07b2ed2865ea74d89bcbc6db661683,source=GBIF; non-commercial licence
72462b27-d620-4ae6-a3ec-bcc3f3f3b43b,SF012,Tenggiri,Scomberomorus commerson,WILD,train,7d0572c2f971f451,INATURALIST,https://www.inaturalist.org/observations/357452035,CC-BY-NC,REVIEW,"(c) Adam Smith, some rights reserved (CC BY-NC)",TENGGIRI/inaturalist/72462b27-d620-4ae6-a3ec-bcc3f3f3b43b.jpg,7d0572c2f971f451c5858030293e3bc70d125776bd69ff80cc4cc07e318d6f64,source=INATURALIST; non-commercial licence
7423b561-909e-4739-a8dd-601c9ab84fac,SF012,Tenggiri,Scomberomorus commerson,WILD,val,c3cf215acb57d769,INATURALIST,https://www.inaturalist.org/observations/258539621,CC-BY-NC,REVIEW,"(c) Damien Brouste, some rights reserved (CC BY-NC)",TENGGIRI/inaturalist/7423b561-909e-4739-a8dd-601c9ab84fac.jpg,c3cf215acb57d769b0fb60a3815b3c73feb2538bde2f472bce3ff1bd9a8c9d75,source=INATURALIST; non-commercial licence
7738be3c-ff4a-4341-a82b-20a84ad0022b,SF012,Tenggiri,Scomberomorus commerson,WILD,train,15f7f09dc72ede2f,INATURALIST,https://www.inaturalist.org/observations/328625323,CC-BY-NC,REVIEW,"(c) Michael Verdirame, some rights reserved (CC BY-NC)",TENGGIRI/inaturalist/7738be3c-ff4a-4341-a82b-20a84ad0022b.jpg,15f7f09dc72ede2fe8a20625ebda3f2d94ddbe219bce6cf5a6eb9234dab8802e,source=INATURALIST; non-commercial licence
7828cc5e-b5f4-40ac-abc5-1b47b3be0172,SF012,Tenggiri,Scomberomorus commerson,WILD,train,805d05262294e785,INATURALIST,https://www.inaturalist.org/observations/332973096,CC-BY-NC,REVIEW,"(c) Pauline Fey, some rights reserved (CC BY-NC)",TENGGIRI/inaturalist/7828cc5e-b5f4-40ac-abc5-1b47b3be0172.jpg,805d05262294e785626c40c8307dc1ffcc785cffd9ff35d756fca27fa8843668,source=INATURALIST; non-commercial licence
787eb2e1-0e7a-46e3-9834-6fa6a3c4fe36,SF012,Tenggiri,Scomberomorus commerson,WILD,test_clean,ee7c0f0006272e11,INATURALIST,https://www.inaturalist.org/observations/345862309,CC-BY-NC,REVIEW,"(c) Jiayuan Lin, some rights reserved (CC BY-NC)",TENGGIRI/inaturalist/787eb2e1-0e7a-46e3-9834-6fa6a3c4fe36.jpg,ee7c0f0006272e1156eae03c2861d88cec01dca993cfd0e1a25d8c58da23a898,source=INATURALIST; non-commercial licence
7a01fc8b-3ca6-4907-9172-fe6c64da9a78,SF012,Tenggiri,Scomberomorus commerson,WILD,train,ae3a050fe101d80a,GBIF,https://www.inaturalist.org/observations/260593983,CC-BY-NC,REVIEW,Jan Ruzicka,TENGGIRI/gbif/7a01fc8b-3ca6-4907-9172-fe6c64da9a78.jpg,ae3a050fe101d80ab9604d22389fba73b5c2b47943061f6c3ae8a71e7d692a5d,source=GBIF; non-commercial licence
7b55f25a-ffe8-4e29-b2df-61ea348f7d58,SF012,Tenggiri,Scomberomorus commerson,WILD,train,8560fcaf1988061a,INATURALIST,https://www.inaturalist.org/observations/296669619,CC-BY-NC,REVIEW,"(c) Matthew Bokach, some rights reserved (CC BY-NC)",TENGGIRI/inaturalist/7b55f25a-ffe8-4e29-b2df-61ea348f7d58.jpg,8560fcaf1988061af6a80d8abf8ea3388d32cf4313d45aeacc6605982eefccc8,source=INATURALIST; non-commercial licence
7bdb0c8c-efa2-413a-ae36-761d11eb871b,SF012,Tenggiri,Scomberomorus commerson,WILD,train,a14df3c036aaf5b9,GBIF,https://www.inaturalist.org/observations/314442417,CC-BY-NC,REVIEW,chrisv78,TENGGIRI/gbif/7bdb0c8c-efa2-413a-ae36-761d11eb871b.jpg,a14df3c036aaf5b94ced8db997d5adccbeca3ff266b4db421c63ba48d4f44bba,source=GBIF; non-commercial licence
7df268da-4d66-4734-aaa6-24521bbcf3af,SF012,Tenggiri,Scomberomorus commerson,WILD,train,f0549013ad7a328a,ATLAS_OF_LIVING_AUSTRALIA,https://www.inaturalist.org/observations/128530448,CC-BY-NC,REVIEW,oirs-staff,TENGGIRI/atlas_of_living_australia/7df268da-4d66-4734-aaa6-24521bbcf3af.jpg,f0549013ad7a328a16c1ecbd8cc8796c936744022c933670163cda37a4e91e5e,source=ATLAS_OF_LIVING_AUSTRALIA; non-commercial licence
7f010cdd-70e4-40f0-9ed0-3fcc9af3330f,SF012,Tenggiri,Scomberomorus commerson,WILD,train,31534ece1e7f0db2,GBIF,https://www.inaturalist.org/observations/310956143,CC-BY-NC,REVIEW,vividog,TENGGIRI/gbif/7f010cdd-70e4-40f0-9ed0-3fcc9af3330f.jpg,31534ece1e7f0db2f39f5e6b155ebef7c086a3cbc24e3553fde99d7d705fbe45,source=GBIF; non-commercial licence
7f604363-200a-40d3-9cc5-bab11bf09823,SF012,Tenggiri,Scomberomorus commerson,WILD,train,17ee997f3da7974f,INATURALIST,https://www.inaturalist.org/observations/334320458,CC-BY-NC,REVIEW,"(c) boussion_magali, some rights reserved (CC BY-NC)",TENGGIRI/inaturalist/7f604363-200a-40d3-9cc5-bab11bf09823.jpg,17ee997f3da7974fe60e79b0a68e79da836150785541e4a7560e0c126e745060,source=INATURALIST; non-commercial licence
7f8b684b-81b0-4699-bce7-e7c26e815870,SF012,Tenggiri,Scomberomorus commerson,WILD,train,11e169497d050206,INATURALIST,https://www.inaturalist.org/observations/332973096,CC-BY-NC,REVIEW,"(c) Pauline Fey, some rights reserved (CC BY-NC)",TENGGIRI/inaturalist/7f8b684b-81b0-4699-bce7-e7c26e815870.jpg,11e169497d0502067334b21debead4ddb3e75a751badfbdf3f303bbb734c774b,source=INATURALIST; non-commercial licence
802f0e7e-7ac1-416f-8853-54954728d363,SF012,Tenggiri,Scomberomorus commerson,WILD,test_clean,961a0d8ea4141e49,INATURALIST,https://www.inaturalist.org/observations/334949492,CC-BY-NC,REVIEW,"(c) tt2019, some rights reserved (CC BY-NC)",TENGGIRI/inaturalist/802f0e7e-7ac1-416f-8853-54954728d363.jpg,961a0d8ea4141e49901b905fa69d8d6d47ee8caebf96ecb93f3608934e23f486,source=INATURALIST; non-commercial licence
827dd98f-13d3-4bd7-9e58-c17755280c52,SF012,Tenggiri,Scomberomorus commerson,WILD,train,d9bcd7a024913d83,INATURALIST,https://www.inaturalist.org/observations/366993429,CC-BY-NC,REVIEW,"(c) Nicholas Winston Ong, some rights reserved (CC BY-NC)",TENGGIRI/inaturalist/827dd98f-13d3-4bd7-9e58-c17755280c52.jpg,d9bcd7a024913d8306dc975a218aeb5d155b72550290a890d929d05de05e6b3c,source=INATURALIST; non-commercial licence
8410ec4e-6da0-4800-95f4-45ca7055a635,SF012,Tenggiri,Scomberomorus commerson,WILD,train,da17d54b8f55b039,GBIF,https://www.inaturalist.org/observations/279462054,CC-BY,YES,Ashwit Shetty,TENGGIRI/gbif/8410ec4e-6da0-4800-95f4-45ca7055a635.jpg,da17d54b8f55b03911b68e07ef309a0c8d2f48952e998bc1e52ff3eff570f9c6,source=GBIF
855f43a7-3a59-485a-b2b8-c64ad78895b8,SF012,Tenggiri,Scomberomorus commerson,WILD,train,c83c907cf641f3c7,GBIF,https://www.inaturalist.org/observations/281431641,CC-BY-NC,REVIEW,arunpdy,TENGGIRI/gbif/855f43a7-3a59-485a-b2b8-c64ad78895b8.jpg,c83c907cf641f3c7f3c478f3408168d47059f6e8016b6ab8bc825bbec503f764,source=GBIF; non-commercial licence
870f0271-31b1-4a3a-976a-a3bae9abbee1,SF012,Tenggiri,Scomberomorus commerson,WILD,train,3cd69dc5ff3e1fe5,INATURALIST,https://www.inaturalist.org/observations/330203105,CC-BY,YES,"(c) Debra Baker, some rights reserved (CC BY)",TENGGIRI/inaturalist/870f0271-31b1-4a3a-976a-a3bae9abbee1.jpg,3cd69dc5ff3e1fe58c779fd12e691d4e50ae6a390e691951acf8a9cd017dabe3,source=INATURALIST
89045c79-6f0d-4d5f-933a-3016629c7bbe,SF012,Tenggiri,Scomberomorus commerson,WILD,train,83edde90f2616fea,INATURALIST,https://www.inaturalist.org/observations/348037088,CC-BY-NC,REVIEW,"(c) Sue Churchill, some rights reserved (CC BY-NC)",TENGGIRI/inaturalist/89045c79-6f0d-4d5f-933a-3016629c7bbe.jpg,83edde90f2616feaf4706d64bcf3ab094c842da2b0d1a0354c0ce3a25980718f,source=INATURALIST; non-commercial licence
8a348a06-eaa9-41bf-8fe9-a09c15a71c91,SF012,Tenggiri,Scomberomorus commerson,WILD,train,d5861310d44f79f1,INATURALIST,https://www.inaturalist.org/observations/256620578,CC-BY-NC-SA,REVIEW,"(c) Vivek.N.Rathod, some rights reserved (CC BY-NC-SA)",TENGGIRI/inaturalist/8a348a06-eaa9-41bf-8fe9-a09c15a71c91.jpg,d5861310d44f79f18fda10887cbe95bb3446c50c8f168881e93f8fef83e5f38d,source=INATURALIST; non-commercial licence
8cd3f1a9-9b9b-4513-b9b5-632b0b25aaa0,SF012,Tenggiri,Scomberomorus commerson,WILD,train,d5d0d5c21f58a48a,GBIF,https://www.inaturalist.org/observations/316473277,CC-BY-NC,REVIEW,Kun-hong Tsai,TENGGIRI/gbif/8cd3f1a9-9b9b-4513-b9b5-632b0b25aaa0.jpg,d5d0d5c21f58a48a4d6e5dc45b0dfa239d24a9c9dfe634e85b4815187357966b,source=GBIF; non-commercial licence
8ef8ac0a-c257-4040-9254-37c9b8258fae,SF012,Tenggiri,Scomberomorus commerson,WILD,train,8da007a6ea236395,INATURALIST,https://www.inaturalist.org/observations/258919280,CC-BY-NC-SA,REVIEW,"(c) Vivek.N.Rathod, some rights reserved (CC BY-NC-SA)",TENGGIRI/inaturalist/8ef8ac0a-c257-4040-9254-37c9b8258fae.jpg,8da007a6ea2363956134c3d614c1309a9241595b469b6dc9c2ddbf26597233f8,source=INATURALIST; non-commercial licence
90c5d197-002c-4e6b-93ff-892085becb74,SF012,Tenggiri,Scomberomorus commerson,WILD,train,0de9fa3ac65db86e,INATURALIST,https://www.inaturalist.org/observations/328314374,CC-BY,YES,"(c) Jiro Iguchi, some rights reserved (CC BY)",TENGGIRI/inaturalist/90c5d197-002c-4e6b-93ff-892085becb74.jpg,0de9fa3ac65db86e0eb27097b0ffcee577286fe3f25c2976296b467407fc63e5,source=INATURALIST
916829ff-90b1-4a75-b0bf-b40155769105,SF012,Tenggiri,Scomberomorus commerson,WILD,test_clean,1c7e3fed428bc577,INATURALIST,https://www.inaturalist.org/observations/339021060,CC-BY-NC,REVIEW,"(c) Richard McKibbin, some rights reserved (CC BY-NC)",TENGGIRI/inaturalist/916829ff-90b1-4a75-b0bf-b40155769105.jpg,1c7e3fed428bc577dd801b0c27a4e7be8fe47eed381cb9652de2bead0a11c09a,source=INATURALIST; non-commercial licence
93f994ff-54ff-4ce5-a990-85b69f3064a8,SF012,Tenggiri,Scomberomorus commerson,WILD,train,d0caad329ac1a00c,GBIF,https://www.inaturalist.org/observations/306406541,CC-BY-NC,REVIEW,damiangan,TENGGIRI/gbif/93f994ff-54ff-4ce5-a990-85b69f3064a8.jpg,d0caad329ac1a00c5d683854f13addc1ba5b96b40223d6c1990d9198c6417df7,source=GBIF; non-commercial licence
949855c4-dbe7-4cf4-ad60-2866f7893275,SF012,Tenggiri,Scomberomorus commerson,WILD,val,2154db37e27b1b54,ATLAS_OF_LIVING_AUSTRALIA,https://www.inaturalist.org/observations/330307487,CC-BY-NC,REVIEW,thewyldbornes,TENGGIRI/atlas_of_living_australia/949855c4-dbe7-4cf4-ad60-2866f7893275.jpg,2154db37e27b1b548044ccf81629864f69b166a3392ad12fce4bd8b64a171546,source=ATLAS_OF_LIVING_AUSTRALIA; non-commercial licence
95b13706-3d2c-4ee8-ba7a-de986b7638d3,SF012,Tenggiri,Scomberomorus commerson,WILD,val,6bd9f5e03a764140,GBIF,https://www.inaturalist.org/observations/279462054,CC-BY,YES,Ashwit Shetty,TENGGIRI/gbif/95b13706-3d2c-4ee8-ba7a-de986b7638d3.jpg,6bd9f5e03a764140f84b02ba8988807524c0ecda0088fcc9f5c22619b7944312,source=GBIF
968ed8b0-2462-4a49-aad7-5aaf6c0726c4,SF012,Tenggiri,Scomberomorus commerson,WILD,train,32f703dc7f379e47,ATLAS_OF_LIVING_AUSTRALIA,https://www.inaturalist.org/observations/128530448,CC-BY-NC,REVIEW,oirs-staff,TENGGIRI/atlas_of_living_australia/968ed8b0-2462-4a49-aad7-5aaf6c0726c4.jpg,32f703dc7f379e471d824e41665f2e152a2a681248ca1c74a6c77784ee13f1e6,source=ATLAS_OF_LIVING_AUSTRALIA; non-commercial licence
969cbd43-7dd6-4249-803f-5cf94a2e7522,SF012,Tenggiri,Scomberomorus commerson,WILD,val,7df5e01b296de3e6,GBIF,https://www.inaturalist.org/observations/261373835,CC-BY-NC,REVIEW,Luis P. B.,TENGGIRI/gbif/969cbd43-7dd6-4249-803f-5cf94a2e7522.jpg,7df5e01b296de3e6c84ef0aac8deaed5b2ad7ea9453c8abba5abf150309bdc37,source=GBIF; non-commercial licence
96cfaa92-095d-4a65-b964-5b6033deb99d,SF012,Tenggiri,Scomberomorus commerson,WILD,test_clean,b04b3cbcc758a7e1,GBIF,https://www.inaturalist.org/observations/261365422,CC-BY-NC,REVIEW,Karan Matalia,TENGGIRI/gbif/96cfaa92-095d-4a65-b964-5b6033deb99d.jpg,b04b3cbcc758a7e1373b25c4cfd7392b8e05265b31e4995cfdc789345d1d817c,source=GBIF; non-commercial licence
96dfe14b-00c9-4c14-836a-521cf968df6c,SF012,Tenggiri,Scomberomorus commerson,WILD,val,e26589c8744a1c17,GBIF,https://www.inaturalist.org/observations/277936446,CC-BY-NC,REVIEW,Clinton Duffy,TENGGIRI/gbif/96dfe14b-00c9-4c14-836a-521cf968df6c.jpg,e26589c8744a1c17844b8af54331a93cb161c86d102bd37c8be11412903e340c,source=GBIF; non-commercial licence
97227751-2e90-4014-8a25-4b1105e13ae3,SF012,Tenggiri,Scomberomorus commerson,WILD,train,95a4260a93b821ed,INATURALIST,https://www.inaturalist.org/observations/337634812,CC-BY-NC-SA,REVIEW,"(c) Vivek.N.Rathod, some rights reserved (CC BY-NC-SA)",TENGGIRI/inaturalist/97227751-2e90-4014-8a25-4b1105e13ae3.jpg,95a4260a93b821ed9ed5746f29581f1466b38108b872cdd6808ce2bbc156bac2,source=INATURALIST; non-commercial licence
9879544c-cee7-44f6-b52e-b4024bc735b6,SF012,Tenggiri,Scomberomorus commerson,WILD,test_clean,2128eb241f3d1150,GBIF,https://www.inaturalist.org/observations/261373960,CC-BY-NC,REVIEW,Luis P. B.,TENGGIRI/gbif/9879544c-cee7-44f6-b52e-b4024bc735b6.jpg,2128eb241f3d1150936f82dbe34b691b2727b9ccbe2740628c072ef9f76b7311,source=GBIF; non-commercial licence
9ad272d0-17b4-439c-815f-b1a7c742909b,SF012,Tenggiri,Scomberomorus commerson,WILD,train,1d5be53c5e713cd3,INATURALIST,https://www.inaturalist.org/observations/334793121,CC-BY-NC,REVIEW,"(c) errinthompson, some rights reserved (CC BY-NC)",TENGGIRI/inaturalist/9ad272d0-17b4-439c-815f-b1a7c742909b.jpg,1d5be53c5e713cd35958fcf079d6e0c221791bed2acb55085fc5f0240e072f7d,source=INATURALIST; non-commercial licence
9aea66e4-3624-47a0-b557-388bead825e6,SF012,Tenggiri,Scomberomorus commerson,WILD,test_clean,15cdcf65c49e2585,INATURALIST,https://www.inaturalist.org/observations/324105829,CC-BY-NC,REVIEW,"(c) rusfam, some rights reserved (CC BY-NC)",TENGGIRI/inaturalist/9aea66e4-3624-47a0-b557-388bead825e6.jpg,15cdcf65c49e2585ddccf950f607c94dbdaa57e4f2d9da470adc7169478ca37c,source=INATURALIST; non-commercial licence
9c85f5af-178d-4402-8856-8234a318312d,SF012,Tenggiri,Scomberomorus commerson,WILD,test_clean,3a101b4a74ba2436,ATLAS_OF_LIVING_AUSTRALIA,https://www.inaturalist.org/observations/207889041,CC-BY-NC,REVIEW,mattdowse,TENGGIRI/atlas_of_living_australia/9c85f5af-178d-4402-8856-8234a318312d.jpg,3a101b4a74ba2436057faabf8132100e313e5b88e9657095812adc355fb6e4c3,source=ATLAS_OF_LIVING_AUSTRALIA; non-commercial licence
9cb9a372-b0d3-4aa1-a2a4-5170b18c6788,SF012,Tenggiri,Scomberomorus commerson,WILD,val,c0ad8a3ba762bcc3,INATURALIST,https://www.inaturalist.org/observations/345020530,CC-BY-NC,REVIEW,"(c) Niran Anurakpongsathorn, some rights reserved (CC BY-NC)",TENGGIRI/inaturalist/9cb9a372-b0d3-4aa1-a2a4-5170b18c6788.jpg,c0ad8a3ba762bcc30be8566a5a897d8e6077e0609c7aa2cd911869e16c3ce111,source=INATURALIST; non-commercial licence
9daf1fc5-1197-4294-82a9-98f5689de772,SF012,Tenggiri,Scomberomorus commerson,WILD,train,058eeccd4096c563,INATURALIST,https://www.inaturalist.org/observations/300308516,CC-BY-NC-SA,REVIEW,"(c) Vivek.N.Rathod, some rights reserved (CC BY-NC-SA)",TENGGIRI/inaturalist/9daf1fc5-1197-4294-82a9-98f5689de772.jpg,058eeccd4096c5633649db6f262469be42f59c35cbab3865df1b0f6b9eff311a,source=INATURALIST; non-commercial licence
9fbbe367-290b-4262-9c26-2e16603fa177,SF012,Tenggiri,Scomberomorus commerson,WILD,train,1dc166558756a8c8,INATURALIST,https://www.inaturalist.org/observations/336705088,CC-BY,YES,"(c) Rui Ribeiro, some rights reserved (CC BY)",TENGGIRI/inaturalist/9fbbe367-290b-4262-9c26-2e16603fa177.jpg,1dc166558756a8c89c66b02e3ca390fde9514b9d7dfc0121230ef7ff14f30a16,source=INATURALIST
9fd75a0c-0350-4d58-8434-081d12301fbb,SF012,Tenggiri,Scomberomorus commerson,WILD,train,af67b38809e0b540,GBIF,https://www.inaturalist.org/observations/270794498,CC-BY-NC,REVIEW,Corinne THOMAS / Etienne VILLARET,TENGGIRI/gbif/9fd75a0c-0350-4d58-8434-081d12301fbb.jpg,af67b38809e0b540c20bc28be0874822859a790ab0cc8f04bd6fc4c27b3a5fd6,source=GBIF; non-commercial licence
a05db2ad-190e-433f-b8cf-4aad70e29a81,SF012,Tenggiri,Scomberomorus commerson,WILD,test_clean,f7f98e6f69d68fdb,ATLAS_OF_LIVING_AUSTRALIA,https://www.inaturalist.org/observations/226549957,CC-BY-NC,REVIEW,Adam Smith,TENGGIRI/atlas_of_living_australia/a05db2ad-190e-433f-b8cf-4aad70e29a81.jpg,f7f98e6f69d68fdbc67dc869290a7877b04d281acfaa05546b8620b43410f0dd,source=ATLAS_OF_LIVING_AUSTRALIA; non-commercial licence
a111ad23-c5ac-4762-bc7d-2c4b0ea6f30c,SF012,Tenggiri,Scomberomorus commerson,WILD,train,e73e2d128be78837,ATLAS_OF_LIVING_AUSTRALIA,https://www.inaturalist.org/observations/369679236,CC-BY-NC,REVIEW,wild_felix,TENGGIRI/atlas_of_living_australia/a111ad23-c5ac-4762-bc7d-2c4b0ea6f30c.jpg,e73e2d128be78837ac1080d0baac86c3cc761f2e7b32ed7c3e91b8ae7ae978a9,source=ATLAS_OF_LIVING_AUSTRALIA; non-commercial licence
a4827aa5-b75b-42cd-8bef-f3a8072d0153,SF012,Tenggiri,Scomberomorus commerson,WILD,val,579786304701f114,GBIF,https://www.inaturalist.org/observations/311074846,CC-BY-NC,REVIEW,Avanthika Kamath,TENGGIRI/gbif/a4827aa5-b75b-42cd-8bef-f3a8072d0153.jpg,579786304701f1147a01a73e5df172440dcc100cd82d8439aedab1990aefb5ae,source=GBIF; non-commercial licence
a4d83669-f020-4fab-84f9-7ad61abe64d5,SF012,Tenggiri,Scomberomorus commerson,WILD,val,9d631d4c754633d5,INATURALIST,https://www.inaturalist.org/observations/363875904,CC-BY-NC,REVIEW,"(c) Hamrish Singh, some rights reserved (CC BY-NC)",TENGGIRI/inaturalist/a4d83669-f020-4fab-84f9-7ad61abe64d5.jpg,9d631d4c754633d576c836fd78cfde8736a61886c80d16f98fea2c95852f9754,source=INATURALIST; non-commercial licence
a5d92e78-daa1-4f30-930e-5d116abb551b,SF012,Tenggiri,Scomberomorus commerson,WILD,train,7c70eb23edb743b1,INATURALIST,https://www.inaturalist.org/observations/291128051,CC-BY-NC-SA,REVIEW,"(c) Vivek.N.Rathod, some rights reserved (CC BY-NC-SA)",TENGGIRI/inaturalist/a5d92e78-daa1-4f30-930e-5d116abb551b.jpg,7c70eb23edb743b12e4af5bc25c822e4e3a6e03048bdcb810e222dd91d0bbd2b,source=INATURALIST; non-commercial licence
a8b3010f-a6df-4478-9e97-dac04fb9ecfd,SF012,Tenggiri,Scomberomorus commerson,WILD,train,2aaaed312ebc3d5d,INATURALIST,https://www.inaturalist.org/observations/329801839,CC-BY-NC,REVIEW,"(c) cescgv, some rights reserved (CC BY-NC)",TENGGIRI/inaturalist/a8b3010f-a6df-4478-9e97-dac04fb9ecfd.jpg,2aaaed312ebc3d5d862c2a631ce846c9b3ec9d8e3925663c3d8ac14783e2a108,source=INATURALIST; non-commercial licence
ab94dfa9-fcb8-41d1-9816-97809843e8b0,SF012,Tenggiri,Scomberomorus commerson,WILD,train,62fc9d15e4ffa0f3,GBIF,https://www.inaturalist.org/observations/260812499,CC-BY-NC,REVIEW,Thomas Wrbka,TENGGIRI/gbif/ab94dfa9-fcb8-41d1-9816-97809843e8b0.jpg,62fc9d15e4ffa0f3bbc957aad3f1cc8e4ac47c9d4b26a495af9b65bd40928268,source=GBIF; non-commercial licence
ada6a8b4-946e-486a-9049-58777a3432a9,SF012,Tenggiri,Scomberomorus commerson,WILD,train,aa9ed95d1edf6bf1,INATURALIST,https://www.inaturalist.org/observations/335909543,CC-BY-NC,REVIEW,"(c) Nicolò Palumbo, some rights reserved (CC BY-NC)",TENGGIRI/inaturalist/ada6a8b4-946e-486a-9049-58777a3432a9.jpg,aa9ed95d1edf6bf121556ed9bcfac524d2aec47407beaab9182ae4cf35867425,source=INATURALIST; non-commercial licence
adbf539c-534b-4d88-9c61-2062ba584496,SF012,Tenggiri,Scomberomorus commerson,WILD,train,975f98c63d3f1fa9,GBIF,https://www.inaturalist.org/observations/258102959,CC-BY-NC,REVIEW,brock,TENGGIRI/gbif/adbf539c-534b-4d88-9c61-2062ba584496.jpg,975f98c63d3f1fa9a07e53842e28b0e46bdd95a914840ad94629fc6413f48d1b,source=GBIF; non-commercial licence
b14a312a-3865-4071-9507-caaf8d292224,SF012,Tenggiri,Scomberomorus commerson,WILD,val,328fa98b91d49a3d,GBIF,https://www.inaturalist.org/observations/260234533,CC-BY-NC,REVIEW,Niran Anurakpongsathorn,TENGGIRI/gbif/b14a312a-3865-4071-9507-caaf8d292224.jpg,328fa98b91d49a3dc0787bf908eb40ed6dafd04bd50eeeccdfbdd989c6cab238,source=GBIF; non-commercial licence
b178573c-bafa-4165-83c6-67dbadfece90,SF012,Tenggiri,Scomberomorus commerson,WILD,train,99787c675a204ecf,INATURALIST,https://www.inaturalist.org/observations/333391386,CC-BY,YES,"(c) Debra Baker, some rights reserved (CC BY)",TENGGIRI/inaturalist/b178573c-bafa-4165-83c6-67dbadfece90.jpg,99787c675a204ecf5d4f488f66a62e2f617cf64be86583189f5a12510d75078c,source=INATURALIST
b1f3093c-bdbe-4ef4-811f-6e13215b3c3c,SF012,Tenggiri,Scomberomorus commerson,WILD,train,546dc751c6c06a2a,GBIF,https://www.inaturalist.org/observations/260812499,CC-BY-NC,REVIEW,Thomas Wrbka,TENGGIRI/gbif/b1f3093c-bdbe-4ef4-811f-6e13215b3c3c.jpg,546dc751c6c06a2a80d54a0e995b95a566a3cc10797702ad9b83b4d3b3598e83,source=GBIF; non-commercial licence
b1f94f2f-bf06-46d2-9090-9d83af5886c1,SF012,Tenggiri,Scomberomorus commerson,WILD,train,39ad37e2465d31cd,INATURALIST,https://www.inaturalist.org/observations/337398570,CC-BY-NC-SA,REVIEW,"(c) Vivek.N.Rathod, some rights reserved (CC BY-NC-SA)",TENGGIRI/inaturalist/b1f94f2f-bf06-46d2-9090-9d83af5886c1.jpg,39ad37e2465d31cd595a5e84abe4c9b9c45bf7c4afebab91c70140a48ec4f3ed,source=INATURALIST; non-commercial licence
b2630b58-8ee4-4ff5-8d46-2a2190181095,SF012,Tenggiri,Scomberomorus commerson,WILD,train,bef02ac2fa3005ba,GBIF,https://www.inaturalist.org/observations/277936454,CC-BY-NC,REVIEW,Clinton Duffy,TENGGIRI/gbif/b2630b58-8ee4-4ff5-8d46-2a2190181095.jpg,bef02ac2fa3005ba7e14ff686407081316d19fdef1a90945a4cb99e530af2381,source=GBIF; non-commercial licence
b347e064-e969-46cc-b72d-ff51cb89e08f,SF012,Tenggiri,Scomberomorus commerson,WILD,train,2fdac1ec3f1b264b,WIKIMEDIA_COMMONS,https://commons.wikimedia.org/wiki/File:Agy_with_a_kingfish.jpg,CC-BY,YES,originally posted to Flickr as Agy with a kingfish,TENGGIRI/wikimedia_commons/b347e064-e969-46cc-b72d-ff51cb89e08f.jpg,2fdac1ec3f1b264b7a4d6f88ac4682cf4349c212ec029234c5f07657b99abb1c,source=WIKIMEDIA_COMMONS; taxon_match=EXACT_CATEGORY
b3b06d6b-5100-46f3-a8be-202577f8c6d2,SF012,Tenggiri,Scomberomorus commerson,WILD,val,fd71969a1c16d562,INATURALIST,https://www.inaturalist.org/observations/334949496,CC-BY-NC,REVIEW,"(c) tt2019, some rights reserved (CC BY-NC)",TENGGIRI/inaturalist/b3b06d6b-5100-46f3-a8be-202577f8c6d2.jpg,fd71969a1c16d56266213adf1f52bb7e64954b2f611d6a01ccbd6134a3c33504,source=INATURALIST; non-commercial licence
b420f963-93cb-4057-b307-b755b37c77aa,SF012,Tenggiri,Scomberomorus commerson,WILD,test_clean,9684d435e2e6eb68,INATURALIST,https://www.inaturalist.org/observations/271501567,CC-BY-NC,REVIEW,"(c) Nico K. Michiels, some rights reserved (CC BY-NC)",TENGGIRI/inaturalist/b420f963-93cb-4057-b307-b755b37c77aa.jpg,9684d435e2e6eb683a14e2f6adc2a07faea6c09b2968e2047f0c5af164c25747,source=INATURALIST; non-commercial licence
b4450c05-72ec-4512-a423-b843010b4c7e,SF012,Tenggiri,Scomberomorus commerson,WILD,train,a0f677cf92b4d0eb,INATURALIST,https://www.inaturalist.org/observations/324983810,CC-BY-NC,REVIEW,"(c) craigjhowe, some rights reserved (CC BY-NC)",TENGGIRI/inaturalist/b4450c05-72ec-4512-a423-b843010b4c7e.jpg,a0f677cf92b4d0ebf6d59b7f9fc7bcb454c6830b83046335e124a79e001ed260,source=INATURALIST; non-commercial licence
b498f947-f60c-423b-a285-ebdc9fdca92d,SF012,Tenggiri,Scomberomorus commerson,WILD,test_clean,7d1a4421ef7863c7,GBIF,https://www.inaturalist.org/observations/309167066,CC-BY-NC,REVIEW,Mark,TENGGIRI/gbif/b498f947-f60c-423b-a285-ebdc9fdca92d.jpg,7d1a4421ef7863c751315833d0a71e91c33fc418198c53486cdb226c5c2596be,source=GBIF; non-commercial licence
b51cdb8d-3522-4f10-8dfd-0e95d58bb0ab,SF012,Tenggiri,Scomberomorus commerson,WILD,val,2636918f5e91afc6,INATURALIST,https://www.inaturalist.org/observations/258170490,CC-BY-NC,REVIEW,"(c) Daniel Eugenio Pérez Garrido, some rights reserved (CC BY-NC)",TENGGIRI/inaturalist/b51cdb8d-3522-4f10-8dfd-0e95d58bb0ab.jpg,2636918f5e91afc6896ca1affe1c99e22cdf4da85636670a00f289306fccf149,source=INATURALIST; non-commercial licence
b51e58a5-dde8-4f97-a4f1-d429c60b8982,SF012,Tenggiri,Scomberomorus commerson,WILD,train,4f98d6dcc89d658a,GBIF,https://www.inaturalist.org/observations/321203621,CC-BY-NC,REVIEW,joaquim292004,TENGGIRI/gbif/b51e58a5-dde8-4f97-a4f1-d429c60b8982.jpg,4f98d6dcc89d658a0f877e379af10a93b3b4ec71b779602b5c8b133e7b4a4d25,source=GBIF; non-commercial licence
b660efc1-4529-4a09-ad9d-eb0499c77291,SF012,Tenggiri,Scomberomorus commerson,WILD,train,3022282a6796286d,INATURALIST,https://www.inaturalist.org/observations/330203105,CC-BY,YES,"(c) Debra Baker, some rights reserved (CC BY)",TENGGIRI/inaturalist/b660efc1-4529-4a09-ad9d-eb0499c77291.jpg,3022282a6796286d61acc9bc9f46f245bfc3c0589d78e608a6186ad42e4e174b,source=INATURALIST
b869223c-36e6-4592-a4f5-fe4c6d09044e,SF012,Tenggiri,Scomberomorus commerson,WILD,val,02d21a355e6c7195,INATURALIST,https://www.inaturalist.org/observations/331384746,CC-BY-NC,REVIEW,"(c) David R, some rights reserved (CC BY-NC)",TENGGIRI/inaturalist/b869223c-36e6-4592-a4f5-fe4c6d09044e.jpg,02d21a355e6c719520c8f8f24151cbee7ecbc13357acd2ce62b034d71586d864,source=INATURALIST; non-commercial licence
b88d0b0d-07f9-48f8-afda-5b78ea6104d0,SF012,Tenggiri,Scomberomorus commerson,WILD,train,fd6ff9a93c0490d4,GBIF,https://www.inaturalist.org/observations/260234533,CC-BY-NC,REVIEW,Niran Anurakpongsathorn,TENGGIRI/gbif/b88d0b0d-07f9-48f8-afda-5b78ea6104d0.jpg,fd6ff9a93c0490d4814c7e818e96417a4791f1023f8e17c9c44fa857c91d2f6f,source=GBIF; non-commercial licence
b96f54a3-0c7b-4e7a-8612-1db5512aaf97,SF012,Tenggiri,Scomberomorus commerson,WILD,train,815d6989645e9855,GBIF,https://www.inaturalist.org/observations/264791609,CC-BY-NC,REVIEW,R Lai,TENGGIRI/gbif/b96f54a3-0c7b-4e7a-8612-1db5512aaf97.jpg,815d6989645e98557af67b521edc2d8cad0bf135f9a6fa36cb776388722cd9ca,source=GBIF; non-commercial licence
ba03f4b2-3e58-4fb4-8a06-41c205be27a6,SF012,Tenggiri,Scomberomorus commerson,WILD,train,8f74cdac96c7b412,INATURALIST,https://www.inaturalist.org/observations/335909543,CC-BY-NC,REVIEW,"(c) Nicolò Palumbo, some rights reserved (CC BY-NC)",TENGGIRI/inaturalist/ba03f4b2-3e58-4fb4-8a06-41c205be27a6.jpg,8f74cdac96c7b41273f2ee85fdddcce7d71fe949571f019f13811121a9d89b31,source=INATURALIST; non-commercial licence
bce22f8a-4e0b-4863-8f9a-4d8215ee2821,SF012,Tenggiri,Scomberomorus commerson,WILD,train,e4fe12de59130848,INATURALIST,https://www.inaturalist.org/observations/300308516,CC-BY-NC-SA,REVIEW,"(c) Vivek.N.Rathod, some rights reserved (CC BY-NC-SA)",TENGGIRI/inaturalist/bce22f8a-4e0b-4863-8f9a-4d8215ee2821.jpg,e4fe12de59130848d936b829b64349787cee4bcd7bca10fc999b9d9b074720de,source=INATURALIST; non-commercial licence
bd25cb58-4743-4c9f-8078-5bcb79898486,SF012,Tenggiri,Scomberomorus commerson,WILD,test_clean,c0bcf9f3161ecb01,INATURALIST,https://www.inaturalist.org/observations/319916775,CC-BY-NC-SA,REVIEW,"(c) Vivek.N.Rathod, some rights reserved (CC BY-NC-SA)",TENGGIRI/inaturalist/bd25cb58-4743-4c9f-8078-5bcb79898486.jpg,c0bcf9f3161ecb015a867c5bc3389a958279f4bcde1e2044a2b0591bbc8aaf19,source=INATURALIST; non-commercial licence
bdd80a42-18c1-4b9b-911c-30cdb4deded5,SF012,Tenggiri,Scomberomorus commerson,WILD,val,a5c899b69618c81b,INATURALIST,https://www.inaturalist.org/observations/319916775,CC-BY-NC-SA,REVIEW,"(c) Vivek.N.Rathod, some rights reserved (CC BY-NC-SA)",TENGGIRI/inaturalist/bdd80a42-18c1-4b9b-911c-30cdb4deded5.jpg,a5c899b69618c81bbea507db61c19e80c11c0917c3343833a5b174ec180f4286,source=INATURALIST; non-commercial licence
bf5f4266-a421-47ac-8c1a-898191890c5d,SF012,Tenggiri,Scomberomorus commerson,WILD,train,f96766a7910eec68,INATURALIST,https://www.inaturalist.org/observations/336713176,CC-BY-NC,REVIEW,"(c) David Die Dejean, some rights reserved (CC BY-NC)",TENGGIRI/inaturalist/bf5f4266-a421-47ac-8c1a-898191890c5d.jpg,f96766a7910eec68862e69d42f49c1717605b46677519e1579897f7cc8839f5d,source=INATURALIST; non-commercial licence
c32e2aa4-4d1f-4c54-89bf-38a4e5ff1590,SF012,Tenggiri,Scomberomorus commerson,WILD,train,ebea4391f0518b72,INATURALIST,https://www.inaturalist.org/observations/337635903,CC-BY-NC,REVIEW,"(c) Keith Morris, some rights reserved (CC BY-NC)",TENGGIRI/inaturalist/c32e2aa4-4d1f-4c54-89bf-38a4e5ff1590.jpg,ebea4391f0518b72fd642df44b7d15d026de68f71b8ed34d06acf3c8d24c21cf,source=INATURALIST; non-commercial licence
c35611ad-abca-4287-b444-0482da585a26,SF012,Tenggiri,Scomberomorus commerson,WILD,train,4529fdff06bea87f,GBIF,https://www.inaturalist.org/observations/270936847,CC-BY-NC,REVIEW,kanapol99,TENGGIRI/gbif/c35611ad-abca-4287-b444-0482da585a26.jpg,4529fdff06bea87f32b8482b7d2d5a17a2bfb7c1048b7c73efcd98bae4a22925,source=GBIF; non-commercial licence
c35acfca-3323-4a40-90ea-937bf4df4101,SF012,Tenggiri,Scomberomorus commerson,WILD,train,3043e3725b75c664,ATLAS_OF_LIVING_AUSTRALIA,https://www.inaturalist.org/observations/185847339,CC-BY-NC,REVIEW,Ray Vran,TENGGIRI/atlas_of_living_australia/c35acfca-3323-4a40-90ea-937bf4df4101.jpg,3043e3725b75c66482884d7f9d7fdd8d1485839482baacf279537b99eff02b31,source=ATLAS_OF_LIVING_AUSTRALIA; non-commercial licence
c384b8e9-c2b1-4766-8310-a8ba575723b6,SF012,Tenggiri,Scomberomorus commerson,WILD,train,3f82584cc5d4c245,GBIF,https://www.inaturalist.org/observations/270801376,CC-BY-NC,REVIEW,tomjanssens,TENGGIRI/gbif/c384b8e9-c2b1-4766-8310-a8ba575723b6.jpg,3f82584cc5d4c245417daff395710a0ca29180b80dcfe434ca5127dbaaf90bb5,source=GBIF; non-commercial licence
c4610af4-9c36-4daa-b119-8a56bfee66a3,SF012,Tenggiri,Scomberomorus commerson,WILD,train,ea9c61332cc95acf,GBIF,https://www.inaturalist.org/observations/305002655,CC-BY-NC,REVIEW,TGriffin,TENGGIRI/gbif/c4610af4-9c36-4daa-b119-8a56bfee66a3.jpg,ea9c61332cc95acf8b139539d8cc7090105eb7a9e3812ca1721ffac8e463d13f,source=GBIF; non-commercial licence
c4852099-029f-4f2a-9079-ec9b008af752,SF012,Tenggiri,Scomberomorus commerson,WILD,train,30c386273beeefbe,GBIF,https://www.inaturalist.org/observations/269063591,CC-BY-NC,REVIEW,moaaz_mohamed_hamed,TENGGIRI/gbif/c4852099-029f-4f2a-9079-ec9b008af752.jpg,30c386273beeefbe0d053657fda10a1c921d4c0cbe9c8f50ce5b3a693cf5c18a,source=GBIF; non-commercial licence
c4f26c2a-ebf3-4081-8434-f4d74cffb726,SF012,Tenggiri,Scomberomorus commerson,WILD,train,1f37d8a3bb1aef6e,GBIF,https://www.inaturalist.org/observations/260812499,CC-BY-NC,REVIEW,Thomas Wrbka,TENGGIRI/gbif/c4f26c2a-ebf3-4081-8434-f4d74cffb726.jpg,1f37d8a3bb1aef6e720e0e5a72104b207d4204bb4490a581b1a436059e86412e,source=GBIF; non-commercial licence
c5a4cac6-4f3b-4626-a4d9-a039b4b440b9,SF012,Tenggiri,Scomberomorus commerson,WILD,train,899c90bae977c6be,INATURALIST,https://www.inaturalist.org/observations/330546201,CC-BY-NC,REVIEW,"(c) Tony Strazzari, some rights reserved (CC BY-NC)",TENGGIRI/inaturalist/c5a4cac6-4f3b-4626-a4d9-a039b4b440b9.jpg,899c90bae977c6be3595ba34c8226f085110c72c2021d55088b9ce744a170aaf,source=INATURALIST; non-commercial licence
c5cf27eb-e521-4f35-b8a7-4b8b37a68cf5,SF012,Tenggiri,Scomberomorus commerson,WILD,train,3ab5fe817bccc5fe,ATLAS_OF_LIVING_AUSTRALIA,https://www.inaturalist.org/observations/98918512,CC-BY-NC,REVIEW,Claire Brooks,TENGGIRI/atlas_of_living_australia/c5cf27eb-e521-4f35-b8a7-4b8b37a68cf5.jpg,3ab5fe817bccc5fef1c8233e7d24fa40036a869132ca66680850ef37ae82e5e3,source=ATLAS_OF_LIVING_AUSTRALIA; non-commercial licence
c5e4011c-c41f-45b0-aa13-9ece2306ea3d,SF012,Tenggiri,Scomberomorus commerson,WILD,val,1ed53cce01c17f1e,INATURALIST,https://www.inaturalist.org/observations/334308207,CC-BY-NC,REVIEW,"(c) Jens Sommer-Knudsen, some rights reserved (CC BY-NC)",TENGGIRI/inaturalist/c5e4011c-c41f-45b0-aa13-9ece2306ea3d.jpg,1ed53cce01c17f1e95a8f39035ac12c814d192e520466beab4ecda81aae829a3,source=INATURALIST; non-commercial licence
c9468ce3-4046-406b-8462-0f70dae1ce46,SF012,Tenggiri,Scomberomorus commerson,WILD,val,8ae58e69d2d559bf,INATURALIST,https://www.inaturalist.org/observations/390806416,CC-BY,YES,"(c) Debra Baker, some rights reserved (CC BY)",TENGGIRI/inaturalist/c9468ce3-4046-406b-8462-0f70dae1ce46.jpg,8ae58e69d2d559bf478b1f88cf0f408d1228f75b3363b1aef0c11f9d13a866d2,source=INATURALIST
c96cd6bd-c02f-45e6-b980-667cd127ec9e,SF012,Tenggiri,Scomberomorus commerson,WILD,test_clean,8256940927c245b9,INATURALIST,https://www.inaturalist.org/observations/335837863,CC-BY-NC,REVIEW,"(c) mulannn77, some rights reserved (CC BY-NC)",TENGGIRI/inaturalist/c96cd6bd-c02f-45e6-b980-667cd127ec9e.jpg,8256940927c245b93e53e6828b82338e4e2073d5ada0902edb2a0a6ab527829f,source=INATURALIST; non-commercial licence
ca330c14-6a97-4456-ba8a-38cae17aa065,SF012,Tenggiri,Scomberomorus commerson,WILD,val,4f28709112751e24,INATURALIST,https://www.inaturalist.org/observations/269258586,CC-BY-NC-SA,REVIEW,"(c) Vivek.N.Rathod, some rights reserved (CC BY-NC-SA)",TENGGIRI/inaturalist/ca330c14-6a97-4456-ba8a-38cae17aa065.jpg,4f28709112751e24d3438b999a9a365d375577f817c8c8043a5681998c478562,source=INATURALIST; non-commercial licence
caf9a235-0c0d-4c9a-863e-7db8bcced320,SF012,Tenggiri,Scomberomorus commerson,WILD,train,48110a6e36c69c6a,INATURALIST,https://www.inaturalist.org/observations/332973096,CC-BY-NC,REVIEW,"(c) Pauline Fey, some rights reserved (CC BY-NC)",TENGGIRI/inaturalist/caf9a235-0c0d-4c9a-863e-7db8bcced320.jpg,48110a6e36c69c6a9b4a92c94578758d96a0b5f9fae9a561ab53432c3623564c,source=INATURALIST; non-commercial licence
cbb997f5-0269-45d6-8f40-253d13c65dd3,SF012,Tenggiri,Scomberomorus commerson,WILD,train,a34db9c96b2b5bab,GBIF,https://www.inaturalist.org/observations/318921030,CC-BY-NC,REVIEW,Mark Rosenstein,TENGGIRI/gbif/cbb997f5-0269-45d6-8f40-253d13c65dd3.jpg,a34db9c96b2b5bab7d502ab571242a48c012881c47e05387d0b80c2f0894d529,source=GBIF; non-commercial licence
cd04a72c-3ab2-420c-b0de-2da6cf500c87,SF012,Tenggiri,Scomberomorus commerson,WILD,train,6e60d88ca9c257a1,GBIF,https://www.inaturalist.org/observations/195888019,CC-BY,YES,Navaneeth Sini George,TENGGIRI/gbif/cd04a72c-3ab2-420c-b0de-2da6cf500c87.jpg,6e60d88ca9c257a12d0374db406372badf941198607e1073aa4918ca866cdeb4,source=GBIF
cec3c417-fe6e-4fcd-b5a4-0606426fc397,SF012,Tenggiri,Scomberomorus commerson,WILD,val,7c8957267c27e417,GBIF,https://www.inaturalist.org/observations/306924360,CC-BY,YES,Debra Baker,TENGGIRI/gbif/cec3c417-fe6e-4fcd-b5a4-0606426fc397.jpg,7c8957267c27e41783f11c6ec7200214c726a05fbecfeb29a084b8424ce6cd18,source=GBIF
cf3a2964-9917-4ec6-bf3b-220482ab3c25,SF012,Tenggiri,Scomberomorus commerson,WILD,train,37b6bb067f156424,INATURALIST,https://www.inaturalist.org/observations/334949486,CC-BY-NC,REVIEW,"(c) tt2019, some rights reserved (CC BY-NC)",TENGGIRI/inaturalist/cf3a2964-9917-4ec6-bf3b-220482ab3c25.jpg,37b6bb067f1564245f08ba8bfb6835431e1dde2af62228d9059234261537028b,source=INATURALIST; non-commercial licence
d4aad5d3-0601-49d4-aa14-52e666124ffd,SF012,Tenggiri,Scomberomorus commerson,WILD,train,caaada70b19d8393,INATURALIST,https://www.inaturalist.org/observations/324105829,CC-BY-NC,REVIEW,"(c) rusfam, some rights reserved (CC BY-NC)",TENGGIRI/inaturalist/d4aad5d3-0601-49d4-aa14-52e666124ffd.jpg,caaada70b19d83939e3b3d7e92d35ee068516ffd5aae72f7af140c2f8a5e7000,source=INATURALIST; non-commercial licence
d6bc9b5e-99e4-48ad-8c2a-5ef2ca2c482f,SF012,Tenggiri,Scomberomorus commerson,WILD,train,7107948a51599c38,INATURALIST,https://www.inaturalist.org/observations/303044130,CC-BY,YES,"(c) Kevin, some rights reserved (CC BY)",TENGGIRI/inaturalist/d6bc9b5e-99e4-48ad-8c2a-5ef2ca2c482f.jpg,7107948a51599c38bdde53b45e528433ed81bce2bcaf60c0e9672434a46d8686,source=INATURALIST
d7025e2d-421a-4586-aedf-bccca60e1e0b,SF012,Tenggiri,Scomberomorus commerson,WILD,val,0ed7dacb78801e1e,INATURALIST,https://www.inaturalist.org/observations/335909543,CC-BY-NC,REVIEW,"(c) Nicolò Palumbo, some rights reserved (CC BY-NC)",TENGGIRI/inaturalist/d7025e2d-421a-4586-aedf-bccca60e1e0b.jpg,0ed7dacb78801e1eee97e3d81373e6147c633ee7fc0b1fb621e7b5b33e009735,source=INATURALIST; non-commercial licence
d7628865-acde-4005-b145-30ebf7bae64b,SF012,Tenggiri,Scomberomorus commerson,WILD,val,ce15a0c756e30521,GBIF,https://www.inaturalist.org/observations/301407631,CC-BY-NC,REVIEW,hyhifishing,TENGGIRI/gbif/d7628865-acde-4005-b145-30ebf7bae64b.jpg,ce15a0c756e305212e9cbe4932bb9c18e1f2c936d948f65810ab96193d20bee4,source=GBIF; non-commercial licence
d79e195f-d183-4e9d-aab9-3245fd8eca42,SF012,Tenggiri,Scomberomorus commerson,WILD,train,cc52a6bd3e9457be,GBIF,https://www.inaturalist.org/observations/306702737,CC-BY-NC,REVIEW,arhwin,TENGGIRI/gbif/d79e195f-d183-4e9d-aab9-3245fd8eca42.jpg,cc52a6bd3e9457be9c033e988e5cb46ccd999752bfb19b04246e0ca69e7e5e0f,source=GBIF; non-commercial licence
d8c2a520-284f-425b-8841-157ba5ffd549,SF012,Tenggiri,Scomberomorus commerson,WILD,train,4b3682526eadcfc8,INATURALIST,https://www.inaturalist.org/observations/340026045,CC-BY-NC,REVIEW,"(c) TGriffin, some rights reserved (CC BY-NC)",TENGGIRI/inaturalist/d8c2a520-284f-425b-8841-157ba5ffd549.jpg,4b3682526eadcfc85d620d65c5b4ec9c687286ad22af2eafe1c48e0d46d7dc2f,source=INATURALIST; non-commercial licence
da15cb1f-b7ed-4704-9c98-cf583458c4f7,SF012,Tenggiri,Scomberomorus commerson,WILD,train,bfadeca72e084b1d,GBIF,https://www.inaturalist.org/observations/276527994,CC-BY-NC,REVIEW,Clinton Duffy,TENGGIRI/gbif/da15cb1f-b7ed-4704-9c98-cf583458c4f7.jpg,bfadeca72e084b1d43ef4b798bb93eedc164f645d88a4bd2be6858b93cea9fb2,source=GBIF; non-commercial licence
da730f4e-cf90-4e96-af42-7ddc588866f8,SF012,Tenggiri,Scomberomorus commerson,WILD,train,d1298d1295492802,INATURALIST,https://www.inaturalist.org/observations/262022181,CC-BY-NC,REVIEW,"(c) Ryan E. Gray, some rights reserved (CC BY-NC)",TENGGIRI/inaturalist/da730f4e-cf90-4e96-af42-7ddc588866f8.jpg,d1298d12954928020e95428d3a646fb7600a9ef2dfe4d6553f11f1c63dd0e328,source=INATURALIST; non-commercial licence
dbd14b9e-1b03-48d4-ba25-05977cd2f6e6,SF012,Tenggiri,Scomberomorus commerson,WILD,test_clean,fc3138b69decddfd,GBIF,https://www.inaturalist.org/observations/311666977,CC-BY-NC,REVIEW,tedart,TENGGIRI/gbif/dbd14b9e-1b03-48d4-ba25-05977cd2f6e6.jpg,fc3138b69decddfd4000ee8e5e4e6e297d1051de9ff1084d578861187a12450c,source=GBIF; non-commercial licence
dc7a5a61-12b3-4faf-b8ca-0bf52229fc02,SF012,Tenggiri,Scomberomorus commerson,WILD,train,b3f837dce5171fd9,INATURALIST,https://www.inaturalist.org/observations/320141352,CC-BY-NC-SA,REVIEW,"(c) Vivek.N.Rathod, some rights reserved (CC BY-NC-SA)",TENGGIRI/inaturalist/dc7a5a61-12b3-4faf-b8ca-0bf52229fc02.jpg,b3f837dce5171fd9903441a68116a474d9f113b01300da8db09997f5d224dd3e,source=INATURALIST; non-commercial licence
deee7fb4-273f-473f-bc17-ff35bf148a48,SF012,Tenggiri,Scomberomorus commerson,WILD,train,72c25a7316e6221d,INATURALIST,https://www.inaturalist.org/observations/335909543,CC-BY-NC,REVIEW,"(c) Nicolò Palumbo, some rights reserved (CC BY-NC)",TENGGIRI/inaturalist/deee7fb4-273f-473f-bc17-ff35bf148a48.jpg,72c25a7316e6221dd9414003d450831491dc63394a2015b34da1cf63a5e0eb58,source=INATURALIST; non-commercial licence
df346d70-855d-4900-9237-83465335a27c,SF012,Tenggiri,Scomberomorus commerson,WILD,train,ea27e5fd90dfccea,INATURALIST,https://www.inaturalist.org/observations/291128051,CC-BY-NC-SA,REVIEW,"(c) Vivek.N.Rathod, some rights reserved (CC BY-NC-SA)",TENGGIRI/inaturalist/df346d70-855d-4900-9237-83465335a27c.jpg,ea27e5fd90dfccea3c8b1641fb046d9b589b858f3343b8293a30c16d3c11a478,source=INATURALIST; non-commercial licence
dfd6fd31-8007-4a21-aa56-e422d5243770,SF012,Tenggiri,Scomberomorus commerson,WILD,val,aed1f8c3d278e8d7,GBIF,https://www.inaturalist.org/observations/203978356,CC-BY-NC,REVIEW,huilanfeng77,TENGGIRI/gbif/dfd6fd31-8007-4a21-aa56-e422d5243770.jpg,aed1f8c3d278e8d762e685b28d2ed7ddf6ba37d6206cc336925dcad5c4b84b0f,source=GBIF; non-commercial licence
e2150c72-40fd-4d63-92cd-769f1378356f,SF012,Tenggiri,Scomberomorus commerson,WILD,train,b3ca759d8752ef4d,INATURALIST,https://www.inaturalist.org/observations/330546201,CC-BY-NC,REVIEW,"(c) Tony Strazzari, some rights reserved (CC BY-NC)",TENGGIRI/inaturalist/e2150c72-40fd-4d63-92cd-769f1378356f.jpg,b3ca759d8752ef4d92846dd07c8ad58d16b7427304e09397c40bb332184f03fc,source=INATURALIST; non-commercial licence
e49077e5-0cf8-4d4d-98b4-7ee1768fd1e2,SF012,Tenggiri,Scomberomorus commerson,WILD,train,4c576a327a9b9165,INATURALIST,https://www.inaturalist.org/observations/261184290,CC-BY-NC,REVIEW,"(c) Snow Dennis, some rights reserved (CC BY-NC)",TENGGIRI/inaturalist/e49077e5-0cf8-4d4d-98b4-7ee1768fd1e2.jpg,4c576a327a9b9165b041dc350074ef9c9fc22ab7c27b4a36b0b97c9ebbad9189,source=INATURALIST; non-commercial licence
e69c43dd-1a56-4cb3-a5dc-c98bc330a7c7,SF012,Tenggiri,Scomberomorus commerson,WILD,train,ce91a3e441f8c6f4,GBIF,https://www.inaturalist.org/observations/269239870,CC-BY-NC,REVIEW,A. R. Javanica,TENGGIRI/gbif/e69c43dd-1a56-4cb3-a5dc-c98bc330a7c7.jpg,ce91a3e441f8c6f449b7759c1f9cc679d5073ffba8d013a8f59ea60e71594f3b,source=GBIF; non-commercial licence
e78cff1a-e761-41e8-bdad-926e1e994253,SF012,Tenggiri,Scomberomorus commerson,WILD,train,7b03a9d363251bf5,GBIF,https://www.inaturalist.org/observations/265154352,CC-BY-NC,REVIEW,R Lai,TENGGIRI/gbif/e78cff1a-e761-41e8-bdad-926e1e994253.jpg,7b03a9d363251bf54b098850db872ce7415e122d94b19f910233002bd1ddf63a,source=GBIF; non-commercial licence
e7de845d-2bbd-4479-8702-39ee11905796,SF012,Tenggiri,Scomberomorus commerson,WILD,train,c29cff9b2502e7d4,GBIF,https://www.inaturalist.org/observations/265306558,CC-BY-NC,REVIEW,R Lai,TENGGIRI/gbif/e7de845d-2bbd-4479-8702-39ee11905796.jpg,c29cff9b2502e7d48fc30c83d67b6ecd063dd57a91dda865770ea9ab9e2a9362,source=GBIF; non-commercial licence
e8b878cf-9b01-4a90-b33c-b11e589baa4c,SF012,Tenggiri,Scomberomorus commerson,WILD,test_clean,2169af075fe9b54e,GBIF,https://www.inaturalist.org/observations/264790983,CC-BY-NC,REVIEW,R Lai,TENGGIRI/gbif/e8b878cf-9b01-4a90-b33c-b11e589baa4c.jpg,2169af075fe9b54e9e43832133ae1f5cb83787d5c629837a8ae2f8f9d37d0c77,source=GBIF; non-commercial licence
eab7586d-a032-44be-b99f-2139c32b6668,SF012,Tenggiri,Scomberomorus commerson,WILD,train,6e4038d062e77451,GBIF,https://www.inaturalist.org/observations/277936454,CC-BY-NC,REVIEW,Clinton Duffy,TENGGIRI/gbif/eab7586d-a032-44be-b99f-2139c32b6668.jpg,6e4038d062e774513448b048fadb3710a767c91037f46025267ab27f4ce5f176,source=GBIF; non-commercial licence
f17decfc-ca3d-4ab6-9792-36f5766899fa,SF012,Tenggiri,Scomberomorus commerson,WILD,train,10e409fcb6329eae,INATURALIST,https://www.inaturalist.org/observations/267313490,CC-BY-NC,REVIEW,"(c) Ivan Samra, some rights reserved (CC BY-NC)",TENGGIRI/inaturalist/f17decfc-ca3d-4ab6-9792-36f5766899fa.jpg,10e409fcb6329eaee68ceb43f285d0389c659f466d3587bce533bf07325a27ab,source=INATURALIST; non-commercial licence
f22be606-fb1c-4732-be35-be80efdc1f5e,SF012,Tenggiri,Scomberomorus commerson,WILD,train,bc7318b76d8077d9,INATURALIST,https://www.inaturalist.org/observations/314056560,CC-BY-NC-SA,REVIEW,"(c) Vivek.N.Rathod, some rights reserved (CC BY-NC-SA)",TENGGIRI/inaturalist/f22be606-fb1c-4732-be35-be80efdc1f5e.jpg,bc7318b76d8077d9496ada650b988f593c951fa9e62a4abad7c201a7fa62fbd9,source=INATURALIST; non-commercial licence
f3695b91-6082-472c-8b85-cf78ba99ef5e,SF012,Tenggiri,Scomberomorus commerson,WILD,train,a407b128d20499bc,INATURALIST,https://www.inaturalist.org/observations/378026655,CC-BY-NC,REVIEW,"(c) David R, some rights reserved (CC BY-NC)",TENGGIRI/inaturalist/f3695b91-6082-472c-8b85-cf78ba99ef5e.jpg,a407b128d20499bc6230bb48cfdd08fff178ef6b6ac041dd60ed233f16115088,source=INATURALIST; non-commercial licence
f505390c-86e5-4c19-b9f8-728e6136a75d,SF012,Tenggiri,Scomberomorus commerson,WILD,train,90aa8fb578a19d48,INATURALIST,https://www.inaturalist.org/observations/261510537,CC-BY-NC-SA,REVIEW,"(c) Rita Jansen, some rights reserved (CC BY-NC-SA)",TENGGIRI/inaturalist/f505390c-86e5-4c19-b9f8-728e6136a75d.jpg,90aa8fb578a19d480483253ad5b61d18e6d52c485b53ffb865d5d8a9bad38c80,source=INATURALIST; non-commercial licence
f53a11c8-cfbe-4798-b614-bfd0f78f7d47,SF012,Tenggiri,Scomberomorus commerson,WILD,train,e192123e12f29aff,GBIF,https://www.inaturalist.org/observations/276484927,CC-BY-NC,REVIEW,anvar1071,TENGGIRI/gbif/f53a11c8-cfbe-4798-b614-bfd0f78f7d47.jpg,e192123e12f29affa2d57dd115e39601f9c0b02bad3970dc0090ee25dd4da664,source=GBIF; non-commercial licence
f55981f7-b80e-4f36-bc60-e0a932fbd723,SF012,Tenggiri,Scomberomorus commerson,WILD,test_clean,639b329ccd863fdb,INATURALIST,https://www.inaturalist.org/observations/337398570,CC-BY-NC-SA,REVIEW,"(c) Vivek.N.Rathod, some rights reserved (CC BY-NC-SA)",TENGGIRI/inaturalist/f55981f7-b80e-4f36-bc60-e0a932fbd723.jpg,639b329ccd863fdbccac458dfce2bfc57dc878f40928cac57c408a32b96ae683,source=INATURALIST; non-commercial licence
f58cd80e-b3b5-46be-9f4d-1349cd949f57,SF012,Tenggiri,Scomberomorus commerson,WILD,train,b6313f50ed9e61e1,INATURALIST,https://www.inaturalist.org/observations/370527583,CC-BY,YES,"(c) Debra Baker, some rights reserved (CC BY)",TENGGIRI/inaturalist/f58cd80e-b3b5-46be-9f4d-1349cd949f57.jpg,b6313f50ed9e61e174d367b9f0f6cd1dfeae1a89b30a5f755a6d06ebe0cceb03,source=INATURALIST
f5fd4347-ae64-4ea3-8472-1cc3c6a1d15c,SF012,Tenggiri,Scomberomorus commerson,WILD,test_clean,1974804a7840ccc7,INATURALIST,https://www.inaturalist.org/observations/369949862,CC-BY-NC,REVIEW,"(c) Malte Sellin, some rights reserved (CC BY-NC)",TENGGIRI/inaturalist/f5fd4347-ae64-4ea3-8472-1cc3c6a1d15c.jpg,1974804a7840ccc721dae91045813cfe31dd806f64adcfb77470cb9e2fb07296,source=INATURALIST; non-commercial licence
f7627a42-b683-40c2-8fb4-9ed52dff6053,SF012,Tenggiri,Scomberomorus commerson,WILD,train,52929b9f1965f8e2,INATURALIST,https://www.inaturalist.org/observations/335909543,CC-BY-NC,REVIEW,"(c) Nicolò Palumbo, some rights reserved (CC BY-NC)",TENGGIRI/inaturalist/f7627a42-b683-40c2-8fb4-9ed52dff6053.jpg,52929b9f1965f8e2258aca99f8bf764c41f48eac07f8449d3137315b331a0f7c,source=INATURALIST; non-commercial licence
f8a3de57-fcbd-41f9-8bc1-9c2a0445f7b7,SF012,Tenggiri,Scomberomorus commerson,WILD,train,56ed9b4f479efa53,INATURALIST,https://www.inaturalist.org/observations/323479957,CC-BY-NC,REVIEW,"(c) Masatoshi Sone, some rights reserved (CC BY-NC)",TENGGIRI/inaturalist/f8a3de57-fcbd-41f9-8bc1-9c2a0445f7b7.jpg,56ed9b4f479efa53e801e896fc38f898a89441a82d1c364ab67d4ea62f2f9b76,source=INATURALIST; non-commercial licence
fb378470-a973-438f-b1e3-61740b6eda9c,SF012,Tenggiri,Scomberomorus commerson,WILD,train,d95dff3d6858b4ad,GBIF,https://www.inaturalist.org/observations/297826782,CC-BY-NC,REVIEW,FishGuyFelix,TENGGIRI/gbif/fb378470-a973-438f-b1e3-61740b6eda9c.jpg,d95dff3d6858b4ade2b72b82574ff307c049e3dad811fbdd9d6dd28cfaaebc33,source=GBIF; non-commercial licence
fd6fe20c-e547-464e-8b3b-07ef334fb9f7,SF012,Tenggiri,Scomberomorus commerson,WILD,train,b1a8546fc627a1f1,INATURALIST,https://www.inaturalist.org/observations/352038899,CC-BY-NC,REVIEW,"(c) ariellebh, some rights reserved (CC BY-NC)",TENGGIRI/inaturalist/fd6fe20c-e547-464e-8b3b-07ef334fb9f7.jpg,b1a8546fc627a1f1a97e95970400cb862ef4d61b690fc3b49c58a2ce1015291c,source=INATURALIST; non-commercial licence
fdec489d-d8cf-4c45-af22-bbf92d162ee0,SF012,Tenggiri,Scomberomorus commerson,WILD,train,258d9727af5d7c24,INATURALIST,https://www.inaturalist.org/observations/324985259,CC-BY-NC,REVIEW,"(c) craigjhowe, some rights reserved (CC BY-NC)",TENGGIRI/inaturalist/fdec489d-d8cf-4c45-af22-bbf92d162ee0.jpg,258d9727af5d7c2472daccc739d2d0d623e70162692c337cca5a9d1817e32b0e,source=INATURALIST; non-commercial licence
fe23d5a6-76a4-4168-805d-124832558de1,SF012,Tenggiri,Scomberomorus commerson,WILD,val,3a21c9d64acfb146,GBIF,https://www.inaturalist.org/observations/293039149,CC-BY,YES,Pierre Pericard,TENGGIRI/gbif/fe23d5a6-76a4-4168-805d-124832558de1.jpg,3a21c9d64acfb146a4c3623f3b79e8520f5f514dd80d1b9859ce36c9a00623ee,source=GBIF
fe9344db-d085-49aa-a587-b48acac2b044,SF012,Tenggiri,Scomberomorus commerson,WILD,train,9db150b9c3dd20cb,INATURALIST,https://www.inaturalist.org/observations/324105829,CC-BY-NC,REVIEW,"(c) rusfam, some rights reserved (CC BY-NC)",TENGGIRI/inaturalist/fe9344db-d085-49aa-a587-b48acac2b044.jpg,9db150b9c3dd20cb13e954de8c410aba973d02750e7a2a074d87073a9cb22e2c,source=INATURALIST; non-commercial licence
ff02d3d3-3aa2-484f-90e0-09a40013b733,SF012,Tenggiri,Scomberomorus commerson,WILD,train,464f03d1630d9a30,INATURALIST,https://www.inaturalist.org/observations/328625323,CC-BY-NC,REVIEW,"(c) Michael Verdirame, some rights reserved (CC BY-NC)",TENGGIRI/inaturalist/ff02d3d3-3aa2-484f-90e0-09a40013b733.jpg,464f03d1630d9a30c4a0d39024020b8dbf1e39222de31ac1aecc1a1ad120dc57,source=INATURALIST; non-commercial licence
ff3dd97b-4a5d-42d9-a95c-b7b002ae803d,SF012,Tenggiri,Scomberomorus commerson,WILD,train,d855404a45bc26ef,INATURALIST,https://www.inaturalist.org/observations/332552980,CC-BY-NC,REVIEW,"(c) kenhe, some rights reserved (CC BY-NC)",TENGGIRI/inaturalist/ff3dd97b-4a5d-42d9-a95c-b7b002ae803d.jpg,d855404a45bc26ef93392f0adaa34ada94a9b2058e169e2b2f6ca780dc241d4c,source=INATURALIST; non-commercial licence
ff555216-59e5-41e6-ba75-977122173391,SF012,Tenggiri,Scomberomorus commerson,WILD,train,171a14ead94722c7,INATURALIST,https://www.inaturalist.org/observations/357452035,CC-BY-NC,REVIEW,"(c) Adam Smith, some rights reserved (CC BY-NC)",TENGGIRI/inaturalist/ff555216-59e5-41e6-ba75-977122173391.jpg,171a14ead94722c77edb8ff209956c162e904a1543dfba8e282026595dc08baa,source=INATURALIST; non-commercial licence
ffb09e0e-0d50-413f-86f5-456c7469d272,SF012,Tenggiri,Scomberomorus commerson,WILD,val,b28b55468c5e0c47,GBIF,https://www.inaturalist.org/observations/306702613,CC-BY-NC,REVIEW,arhwin,TENGGIRI/gbif/ffb09e0e-0d50-413f-86f5-456c7469d272.jpg,b28b55468c5e0c47b9de69dd421bf5c028cf9ed27ff6ef69a774e6cf96dd5462,source=GBIF; non-commercial licence
fff8253c-24f3-4122-9afc-3a076050eb0d,SF012,Tenggiri,Scomberomorus commerson,WILD,test_clean,26b00078ebb85d48,ATLAS_OF_LIVING_AUSTRALIA,https://www.inaturalist.org/observations/168210063,CC-BY-NC,REVIEW,Adam Smith,TENGGIRI/atlas_of_living_australia/fff8253c-24f3-4122-9afc-3a076050eb0d.jpg,26b00078ebb85d48d15f3b58a5d6dd489905d0cde6b85161c97d9515185a2d3b,source=ATLAS_OF_LIVING_AUSTRALIA; non-commercial licence
